payment_id,loan_id,amount,principal_component,interest_component,paid_at,payment_method
1,24,2508.94,2007.15,501.79,2022-12-16T02:22:43,AUTO_DEDUCT
2,63,2368.62,1894.89,473.72,2022-03-27T09:44:28,AUTO_DEDUCT
3,23,257.44,205.96,51.49,2023-02-25T14:25:21,BRANCH_PAYMENT
4,32,4813.11,3850.49,962.62,2023-05-06T04:23:22,AUTO_DEDUCT
5,76,3203.66,2562.93,640.73,2022-05-10T22:20:43,AUTO_DEDUCT
6,15,4667.93,3734.35,933.59,2023-10-03T01:43:28,AUTO_DEDUCT
7,77,655.45,524.36,131.09,2022-12-06T00:27:19,AUTO_DEDUCT
8,37,645.32,516.25,129.06,2022-11-22T16:02:20,AUTO_DEDUCT
9,64,669.52,535.62,133.90,2022-05-13T14:33:48,AUTO_DEDUCT
10,24,3557.33,2845.86,711.47,2023-03-30T04:16:42,BRANCH_PAYMENT
11,6,193.51,154.81,38.70,2022-01-11T03:29:42,BRANCH_PAYMENT
12,37,2048.85,1639.08,409.77,2023-05-20T10:46:58,AUTO_DEDUCT
13,27,1172.85,938.28,234.57,2023-06-26T02:05:13,BRANCH_PAYMENT
14,8,3199.95,2559.96,639.99,2023-04-04T21:46:50,BRANCH_PAYMENT
15,49,4363.67,3490.93,872.73,2022-06-24T21:07:00,ONLINE_TRANSFER
16,53,2566.90,2053.52,513.38,2022-04-25T04:53:21,ONLINE_TRANSFER
17,25,1869.68,1495.74,373.94,2023-12-26T22:00:57,AUTO_DEDUCT
18,28,3494.32,2795.46,698.86,2022-08-08T09:00:38,BRANCH_PAYMENT
19,69,4418.18,3534.54,883.64,2023-10-09T01:17:05,BRANCH_PAYMENT
20,42,4573.58,3658.86,914.72,2022-08-26T20:09:48,BRANCH_PAYMENT
21,79,1527.19,1221.75,305.44,2022-03-12T13:00:09,ONLINE_TRANSFER
22,62,4595.47,3676.37,919.09,2022-02-14T22:14:03,AUTO_DEDUCT
23,57,4219.10,3375.28,843.82,2022-09-13T22:38:27,AUTO_DEDUCT
24,78,1846.31,1477.04,369.26,2022-08-14T06:18:24,ONLINE_TRANSFER
25,78,2142.39,1713.91,428.48,2022-09-29T04:34:43,ONLINE_TRANSFER
26,37,3509.02,2807.22,701.80,2022-11-22T00:25:34,ONLINE_TRANSFER
27,51,3157.25,2525.80,631.45,2022-09-04T16:40:35,ONLINE_TRANSFER
28,58,1736.08,1388.87,347.22,2023-07-17T08:44:34,BRANCH_PAYMENT
29,64,958.76,767.01,191.75,2023-02-20T06:13:49,BRANCH_PAYMENT
30,56,2243.30,1794.64,448.66,2023-09-27T03:35:59,ONLINE_TRANSFER
31,49,2128.11,1702.49,425.62,2023-06-10T17:15:33,ONLINE_TRANSFER
32,19,4234.97,3387.97,846.99,2022-01-06T18:32:14,BRANCH_PAYMENT
33,64,496.86,397.49,99.37,2022-05-03T01:43:39,ONLINE_TRANSFER
34,1,1296.87,1037.49,259.37,2022-07-23T17:41:40,BRANCH_PAYMENT
35,37,4038.76,3231.01,807.75,2022-07-01T19:40:10,ONLINE_TRANSFER
36,2,1863.60,1490.88,372.72,2022-04-17T13:27:20,AUTO_DEDUCT
37,80,3123.28,2498.62,624.66,2022-09-03T23:45:58,AUTO_DEDUCT
38,55,2089.14,1671.31,417.83,2022-06-10T23:15:39,BRANCH_PAYMENT
39,80,3353.92,2683.13,670.78,2023-02-01T05:49:23,ONLINE_TRANSFER
40,5,694.24,555.39,138.85,2022-03-15T21:36:00,AUTO_DEDUCT
41,62,4629.08,3703.26,925.82,2022-02-13T16:42:12,AUTO_DEDUCT
42,63,129.95,103.96,25.99,2022-02-06T14:17:51,BRANCH_PAYMENT
43,2,3884.15,3107.32,776.83,2023-02-08T03:07:34,AUTO_DEDUCT
44,32,245.00,196.00,49.00,2023-07-16T17:40:16,ONLINE_TRANSFER
45,3,4617.14,3693.71,923.43,2023-08-07T05:25:50,ONLINE_TRANSFER
46,4,401.50,321.20,80.30,2022-02-17T15:49:10,ONLINE_TRANSFER
47,20,4264.20,3411.36,852.84,2022-09-05T19:42:33,BRANCH_PAYMENT
48,69,1466.93,1173.54,293.39,2022-10-31T00:17:58,ONLINE_TRANSFER
49,74,532.46,425.97,106.49,2022-04-11T00:33:57,ONLINE_TRANSFER
50,59,250.69,200.55,50.14,2022-11-20T04:10:42,AUTO_DEDUCT
51,2,967.52,774.02,193.50,2022-12-26T19:38:26,BRANCH_PAYMENT
52,75,623.07,498.45,124.61,2022-02-02T04:38:58,BRANCH_PAYMENT
53,21,1519.47,1215.58,303.89,2022-04-04T23:35:45,AUTO_DEDUCT
54,26,3917.53,3134.02,783.51,2023-02-26T17:11:09,BRANCH_PAYMENT
55,45,3525.98,2820.79,705.20,2023-05-06T11:08:00,ONLINE_TRANSFER
56,80,1034.64,827.71,206.93,2023-04-26T04:44:24,BRANCH_PAYMENT
57,38,4517.71,3614.17,903.54,2022-12-11T23:38:11,BRANCH_PAYMENT
58,44,197.11,157.69,39.42,2023-01-03T07:32:18,ONLINE_TRANSFER
59,21,4578.81,3663.04,915.76,2022-11-22T04:41:55,BRANCH_PAYMENT
60,14,661.46,529.17,132.29,2023-10-01T05:08:10,ONLINE_TRANSFER
61,33,2364.79,1891.84,472.96,2022-11-30T16:02:27,ONLINE_TRANSFER
62,27,3566.65,2853.32,713.33,2023-01-02T03:22:38,BRANCH_PAYMENT
63,54,633.13,506.51,126.63,2022-07-24T23:09:27,AUTO_DEDUCT
64,51,1490.21,1192.17,298.04,2022-03-08T09:14:32,ONLINE_TRANSFER
65,49,4181.73,3345.38,836.35,2022-07-14T04:59:50,ONLINE_TRANSFER
66,9,1688.81,1351.05,337.76,2022-01-01T04:35:50,BRANCH_PAYMENT
67,57,3415.15,2732.12,683.03,2022-12-06T23:48:51,BRANCH_PAYMENT
68,28,567.76,454.21,113.55,2022-04-14T21:58:31,AUTO_DEDUCT
69,21,423.33,338.67,84.67,2023-04-05T02:20:22,AUTO_DEDUCT
70,50,4395.35,3516.28,879.07,2022-09-08T00:56:22,BRANCH_PAYMENT
71,16,4422.69,3538.15,884.54,2023-11-09T01:59:56,AUTO_DEDUCT
72,29,238.31,190.65,47.66,2022-04-13T15:13:14,ONLINE_TRANSFER
73,28,609.24,487.39,121.85,2023-09-01T13:43:24,AUTO_DEDUCT
74,4,1719.79,1375.83,343.96,2022-04-16T05:52:52,ONLINE_TRANSFER
75,31,861.71,689.37,172.34,2022-02-06T11:31:30,AUTO_DEDUCT
76,29,2981.93,2385.55,596.39,2022-06-18T21:20:28,AUTO_DEDUCT
77,30,3638.91,2911.13,727.78,2023-01-15T12:23:41,AUTO_DEDUCT
78,59,3092.03,2473.63,618.41,2022-06-20T10:44:18,BRANCH_PAYMENT
79,40,1221.39,977.11,244.28,2023-07-02T09:36:07,ONLINE_TRANSFER
80,1,4643.86,3715.09,928.77,2022-09-12T04:57:40,ONLINE_TRANSFER
81,15,2431.09,1944.87,486.22,2022-11-23T03:10:48,BRANCH_PAYMENT
82,78,4873.45,3898.76,974.69,2022-11-20T15:49:36,ONLINE_TRANSFER
83,1,3860.79,3088.63,772.16,2023-12-11T03:23:04,BRANCH_PAYMENT
84,34,4882.52,3906.02,976.50,2023-01-18T13:38:01,BRANCH_PAYMENT
85,55,3189.74,2551.79,637.95,2023-08-18T12:14:00,AUTO_DEDUCT
86,1,4598.27,3678.61,919.65,2023-05-17T08:47:38,BRANCH_PAYMENT
87,67,2289.08,1831.26,457.82,2023-11-26T11:31:33,BRANCH_PAYMENT
88,63,1969.42,1575.53,393.88,2022-01-02T23:35:32,BRANCH_PAYMENT
89,78,479.66,383.73,95.93,2023-10-02T16:47:52,ONLINE_TRANSFER
90,44,4116.88,3293.50,823.38,2022-04-10T17:08:34,BRANCH_PAYMENT
91,35,2774.04,2219.23,554.81,2022-12-02T19:36:27,ONLINE_TRANSFER
92,65,168.97,135.17,33.79,2023-12-12T15:27:53,BRANCH_PAYMENT
93,41,1343.80,1075.04,268.76,2023-05-10T22:11:02,BRANCH_PAYMENT
94,3,3392.49,2713.99,678.50,2022-08-22T20:05:32,BRANCH_PAYMENT
95,47,2540.74,2032.59,508.15,2022-10-07T16:04:41,BRANCH_PAYMENT
96,71,1618.81,1295.05,323.76,2023-03-03T16:29:33,AUTO_DEDUCT
97,43,1173.56,938.84,234.71,2022-12-07T23:42:52,ONLINE_TRANSFER
98,4,3271.72,2617.38,654.34,2023-12-26T23:32:29,ONLINE_TRANSFER
99,57,4581.90,3665.52,916.38,2022-10-12T08:52:24,AUTO_DEDUCT
100,66,4009.29,3207.43,801.86,2023-04-01T08:52:34,ONLINE_TRANSFER
101,52,346.99,277.59,69.40,2022-02-12T15:57:52,AUTO_DEDUCT
102,79,4852.98,3882.38,970.60,2022-02-10T23:48:25,BRANCH_PAYMENT
103,28,3168.75,2535.00,633.75,2023-03-26T07:50:28,AUTO_DEDUCT
104,72,421.51,337.21,84.30,2023-08-12T05:16:44,BRANCH_PAYMENT
105,77,2877.85,2302.28,575.57,2022-10-19T01:51:31,AUTO_DEDUCT
106,9,1247.82,998.26,249.56,2023-06-12T01:21:20,AUTO_DEDUCT
107,68,4289.18,3431.34,857.84,2022-05-21T16:09:31,BRANCH_PAYMENT
108,30,585.72,468.58,117.14,2023-09-11T16:56:51,ONLINE_TRANSFER
109,47,215.07,172.06,43.01,2022-02-21T19:44:23,BRANCH_PAYMENT
110,47,2327.70,1862.16,465.54,2023-10-13T18:09:34,BRANCH_PAYMENT
111,18,458.41,366.72,91.68,2022-09-01T17:40:59,AUTO_DEDUCT
112,15,991.61,793.29,198.32,2022-09-16T22:41:19,BRANCH_PAYMENT
113,49,4973.06,3978.45,994.61,2023-09-06T16:34:55,AUTO_DEDUCT
114,21,3078.24,2462.59,615.65,2022-11-24T01:18:42,ONLINE_TRANSFER
115,35,1679.62,1343.70,335.92,2023-08-10T04:19:44,ONLINE_TRANSFER
116,38,4060.79,3248.64,812.16,2022-01-21T11:01:09,ONLINE_TRANSFER
117,79,115.32,92.25,23.06,2022-09-18T13:22:27,AUTO_DEDUCT
118,63,1529.53,1223.62,305.91,2023-09-28T21:25:18,BRANCH_PAYMENT
119,59,3451.30,2761.04,690.26,2023-02-21T01:35:37,AUTO_DEDUCT
120,18,1577.60,1262.08,315.52,2023-12-29T02:22:30,ONLINE_TRANSFER
121,51,3761.89,3009.51,752.38,2023-12-01T21:42:19,BRANCH_PAYMENT
122,44,3548.52,2838.82,709.70,2023-01-17T02:33:58,ONLINE_TRANSFER
123,59,2245.31,1796.25,449.06,2023-08-31T01:35:39,AUTO_DEDUCT
124,37,3159.39,2527.51,631.88,2023-12-08T01:15:49,AUTO_DEDUCT
125,71,1747.55,1398.04,349.51,2022-01-26T14:47:31,BRANCH_PAYMENT
126,32,3544.71,2835.77,708.94,2022-03-17T16:40:56,AUTO_DEDUCT
127,28,1378.91,1103.13,275.78,2023-12-25T08:17:49,ONLINE_TRANSFER
128,25,3678.13,2942.51,735.63,2022-04-08T07:46:59,AUTO_DEDUCT
129,18,1403.87,1123.10,280.77,2022-07-28T01:26:12,AUTO_DEDUCT
130,32,2066.87,1653.50,413.37,2022-08-01T16:51:20,BRANCH_PAYMENT
131,43,747.66,598.13,149.53,2023-01-10T06:49:46,AUTO_DEDUCT
132,36,981.49,785.19,196.30,2022-01-23T16:53:46,ONLINE_TRANSFER
133,47,800.70,640.56,160.14,2023-12-02T13:27:59,BRANCH_PAYMENT
134,74,2600.21,2080.17,520.04,2022-07-23T08:56:35,BRANCH_PAYMENT
135,29,2462.32,1969.85,492.46,2022-04-03T22:22:42,BRANCH_PAYMENT
136,53,3497.83,2798.27,699.57,2023-10-24T16:44:21,BRANCH_PAYMENT
137,80,2975.39,2380.31,595.08,2022-08-17T01:45:42,BRANCH_PAYMENT
138,12,2776.19,2220.96,555.24,2022-01-17T20:27:54,ONLINE_TRANSFER
139,15,4654.51,3723.61,930.90,2023-09-14T12:05:08,AUTO_DEDUCT
140,20,780.98,624.78,156.20,2022-03-08T08:30:36,ONLINE_TRANSFER
141,68,4948.20,3958.56,989.64,2023-02-03T23:03:47,ONLINE_TRANSFER
142,66,1546.29,1237.03,309.26,2023-11-20T13:57:16,AUTO_DEDUCT
143,37,572.83,458.27,114.57,2023-07-01T20:40:06,BRANCH_PAYMENT
144,46,3239.23,2591.38,647.85,2023-11-28T16:02:22,BRANCH_PAYMENT
145,38,2974.60,2379.68,594.92,2023-07-24T14:05:25,ONLINE_TRANSFER
146,19,4813.60,3850.88,962.72,2023-01-07T03:56:33,ONLINE_TRANSFER
147,60,1407.53,1126.02,281.51,2023-06-21T21:14:14,ONLINE_TRANSFER
148,47,4879.13,3903.31,975.83,2023-04-22T04:34:38,AUTO_DEDUCT
149,13,4836.23,3868.99,967.25,2023-07-30T03:39:07,AUTO_DEDUCT
150,22,1321.73,1057.39,264.35,2022-04-17T19:18:43,ONLINE_TRANSFER
151,72,1829.50,1463.60,365.90,2023-12-24T20:45:34,AUTO_DEDUCT
152,36,2667.11,2133.68,533.42,2022-02-27T18:15:22,AUTO_DEDUCT
153,56,1714.07,1371.26,342.81,2022-11-23T18:28:30,BRANCH_PAYMENT
154,76,3019.58,2415.67,603.92,2022-06-27T02:16:27,BRANCH_PAYMENT
155,30,4634.60,3707.68,926.92,2023-05-01T01:16:59,ONLINE_TRANSFER
156,58,2095.80,1676.64,419.16,2022-11-13T12:20:47,BRANCH_PAYMENT
157,34,2332.64,1866.11,466.53,2022-02-09T20:24:14,ONLINE_TRANSFER
158,18,4142.80,3314.24,828.56,2023-04-18T10:05:43,AUTO_DEDUCT
159,6,4317.50,3454.00,863.50,2023-06-05T07:15:41,AUTO_DEDUCT
160,47,3715.72,2972.58,743.14,2023-11-24T02:31:44,BRANCH_PAYMENT
161,1,939.30,751.44,187.86,2022-09-24T08:15:21,ONLINE_TRANSFER
162,55,3667.67,2934.14,733.53,2022-07-29T10:08:44,AUTO_DEDUCT
163,36,4302.14,3441.72,860.43,2023-02-27T23:23:26,AUTO_DEDUCT
164,61,1878.40,1502.72,375.68,2023-01-13T02:53:33,ONLINE_TRANSFER
165,34,3349.36,2679.49,669.87,2023-08-21T01:08:30,AUTO_DEDUCT
166,3,4535.42,3628.34,907.08,2022-01-03T20:58:50,BRANCH_PAYMENT
167,24,3615.00,2892.00,723.00,2023-09-04T21:33:17,BRANCH_PAYMENT
168,62,3027.27,2421.81,605.45,2022-04-21T02:11:17,ONLINE_TRANSFER
169,9,600.20,480.16,120.04,2022-01-16T07:11:51,ONLINE_TRANSFER
170,69,277.40,221.92,55.48,2023-04-06T04:09:22,AUTO_DEDUCT
171,42,3500.14,2800.11,700.03,2022-10-05T15:22:35,BRANCH_PAYMENT
172,21,751.54,601.23,150.31,2022-09-07T01:44:10,ONLINE_TRANSFER
173,63,1797.38,1437.91,359.48,2023-01-06T18:31:36,BRANCH_PAYMENT
174,30,2757.79,2206.24,551.56,2023-12-23T16:17:04,BRANCH_PAYMENT
175,48,1913.16,1530.52,382.63,2022-05-22T22:43:24,ONLINE_TRANSFER
176,45,1412.10,1129.68,282.42,2022-06-29T18:41:00,ONLINE_TRANSFER
177,7,3127.42,2501.94,625.48,2022-11-27T19:44:59,AUTO_DEDUCT
178,37,3360.90,2688.72,672.18,2022-02-06T13:02:41,ONLINE_TRANSFER
179,42,4856.02,3884.82,971.20,2022-09-12T22:37:53,AUTO_DEDUCT
180,79,3074.39,2459.51,614.88,2022-08-18T01:31:41,BRANCH_PAYMENT
181,41,1006.53,805.22,201.31,2022-11-25T18:05:54,ONLINE_TRANSFER
182,22,2937.96,2350.37,587.59,2022-09-21T19:29:55,ONLINE_TRANSFER
183,63,3027.49,2421.99,605.50,2022-05-07T07:36:42,BRANCH_PAYMENT
184,56,2397.38,1917.90,479.48,2022-11-30T21:54:24,ONLINE_TRANSFER
185,68,466.68,373.35,93.34,2022-05-12T18:00:24,BRANCH_PAYMENT
186,73,4728.51,3782.81,945.70,2023-01-28T15:00:12,ONLINE_TRANSFER
187,12,3010.16,2408.13,602.03,2023-09-20T11:33:34,BRANCH_PAYMENT
188,67,2933.06,2346.45,586.61,2022-04-02T12:56:31,AUTO_DEDUCT
189,22,563.50,450.80,112.70,2023-10-10T10:34:41,AUTO_DEDUCT
190,16,884.32,707.45,176.86,2022-07-21T05:17:35,AUTO_DEDUCT
191,3,4339.19,3471.35,867.84,2022-08-19T18:51:21,BRANCH_PAYMENT
192,68,3213.23,2570.58,642.65,2023-09-22T22:03:16,BRANCH_PAYMENT
193,55,3607.09,2885.67,721.42,2023-02-14T09:42:26,ONLINE_TRANSFER
194,40,1456.01,1164.81,291.20,2023-12-05T19:43:59,ONLINE_TRANSFER
195,74,925.25,740.20,185.05,2023-03-01T19:29:47,AUTO_DEDUCT
196,15,3725.77,2980.62,745.15,2022-08-18T21:33:46,BRANCH_PAYMENT
197,5,4176.51,3341.21,835.30,2022-06-28T17:40:14,AUTO_DEDUCT
198,27,4542.38,3633.91,908.48,2022-01-16T08:32:05,ONLINE_TRANSFER
199,50,2125.73,1700.58,425.15,2022-10-31T23:42:16,ONLINE_TRANSFER
200,19,2088.64,1670.91,417.73,2022-09-23T17:53:43,AUTO_DEDUCT
201,20,4458.37,3566.70,891.67,2022-02-24T10:35:19,BRANCH_PAYMENT
202,34,241.44,193.15,48.29,2023-04-16T03:35:32,ONLINE_TRANSFER
203,77,2158.28,1726.63,431.66,2023-11-23T20:38:43,AUTO_DEDUCT
204,47,3439.62,2751.69,687.92,2022-07-10T13:53:30,BRANCH_PAYMENT
205,19,243.81,195.05,48.76,2023-03-16T16:44:14,AUTO_DEDUCT
206,25,3212.40,2569.92,642.48,2022-04-25T22:59:15,AUTO_DEDUCT
207,9,835.27,668.21,167.05,2022-04-29T10:57:05,ONLINE_TRANSFER
208,32,675.54,540.43,135.11,2022-12-05T14:45:06,AUTO_DEDUCT
209,12,169.98,135.99,34.00,2022-07-23T22:52:04,ONLINE_TRANSFER
210,57,2083.52,1666.81,416.70,2022-05-30T00:19:30,ONLINE_TRANSFER
211,35,4490.96,3592.77,898.19,2023-11-25T14:44:40,AUTO_DEDUCT
212,3,3312.67,2650.13,662.53,2022-03-23T22:56:06,BRANCH_PAYMENT
213,72,701.76,561.40,140.35,2022-05-27T22:29:09,AUTO_DEDUCT
214,59,3692.20,2953.76,738.44,2022-08-03T00:50:20,BRANCH_PAYMENT
215,71,1507.90,1206.32,301.58,2023-08-29T11:39:07,AUTO_DEDUCT
216,21,2439.85,1951.88,487.97,2023-02-16T01:43:01,ONLINE_TRANSFER
217,17,369.31,295.45,73.86,2022-12-07T14:59:39,BRANCH_PAYMENT
218,77,1245.25,996.20,249.05,2022-01-15T04:38:10,ONLINE_TRANSFER
219,51,1461.92,1169.54,292.38,2022-01-16T20:20:27,AUTO_DEDUCT
220,19,1623.57,1298.86,324.71,2023-11-25T07:52:09,ONLINE_TRANSFER
221,77,2761.94,2209.56,552.39,2023-05-19T03:18:01,BRANCH_PAYMENT
222,49,2170.88,1736.71,434.18,2023-04-09T06:33:42,ONLINE_TRANSFER
223,78,4771.33,3817.06,954.27,2023-04-27T08:12:00,AUTO_DEDUCT
224,80,2726.79,2181.43,545.36,2023-07-16T02:07:01,AUTO_DEDUCT
225,69,3178.84,2543.07,635.77,2023-05-16T06:50:54,BRANCH_PAYMENT
226,68,4687.80,3750.24,937.56,2022-07-04T17:01:08,AUTO_DEDUCT
227,28,2427.00,1941.60,485.40,2023-12-14T02:44:14,AUTO_DEDUCT
228,2,1328.89,1063.11,265.78,2023-02-10T13:09:03,ONLINE_TRANSFER
229,45,3169.67,2535.74,633.93,2022-12-30T02:55:14,BRANCH_PAYMENT
230,13,3560.79,2848.63,712.16,2022-06-20T23:02:53,BRANCH_PAYMENT
231,30,3180.48,2544.38,636.10,2022-09-28T11:51:37,ONLINE_TRANSFER
232,30,3994.62,3195.69,798.92,2023-09-07T21:35:29,ONLINE_TRANSFER
233,76,2328.81,1863.05,465.76,2023-07-24T01:22:26,AUTO_DEDUCT
234,7,589.06,471.25,117.81,2023-05-05T02:07:17,BRANCH_PAYMENT
235,38,3425.45,2740.36,685.09,2022-12-13T18:32:31,ONLINE_TRANSFER
236,69,2827.54,2262.03,565.51,2023-07-17T10:04:21,BRANCH_PAYMENT
237,40,3839.77,3071.82,767.95,2023-02-14T08:37:46,ONLINE_TRANSFER
238,57,467.71,374.17,93.54,2023-09-20T01:36:17,AUTO_DEDUCT
239,21,4423.00,3538.40,884.60,2022-03-07T05:59:43,AUTO_DEDUCT
240,26,3234.90,2587.92,646.98,2022-04-24T09:34:08,BRANCH_PAYMENT
241,38,267.42,213.94,53.48,2022-01-29T19:36:15,ONLINE_TRANSFER
242,40,1935.63,1548.51,387.13,2023-10-30T15:12:56,ONLINE_TRANSFER
243,57,4370.97,3496.78,874.19,2023-02-22T15:56:13,ONLINE_TRANSFER
244,21,1812.89,1450.31,362.58,2023-08-08T01:52:50,BRANCH_PAYMENT
245,7,4438.48,3550.78,887.70,2022-05-06T02:04:28,AUTO_DEDUCT
246,55,2028.34,1622.67,405.67,2022-01-12T06:59:32,AUTO_DEDUCT
247,11,511.14,408.91,102.23,2022-09-22T09:47:05,ONLINE_TRANSFER
248,17,2423.87,1939.10,484.77,2023-01-31T06:01:44,AUTO_DEDUCT
249,64,1126.66,901.33,225.33,2022-12-26T13:03:49,ONLINE_TRANSFER
250,40,708.32,566.66,141.66,2023-02-05T18:39:17,ONLINE_TRANSFER
251,47,1312.00,1049.60,262.40,2022-05-19T01:18:19,BRANCH_PAYMENT
252,26,2206.67,1765.33,441.33,2022-03-26T22:50:07,AUTO_DEDUCT
253,50,1398.79,1119.03,279.76,2023-03-13T04:29:45,AUTO_DEDUCT
254,35,1213.30,970.64,242.66,2023-12-01T00:03:38,BRANCH_PAYMENT
255,62,2050.34,1640.27,410.07,2022-08-06T11:01:26,BRANCH_PAYMENT
256,46,648.58,518.86,129.72,2023-10-17T09:54:42,AUTO_DEDUCT
257,53,277.05,221.64,55.41,2022-01-20T09:18:09,ONLINE_TRANSFER
258,50,4243.90,3395.12,848.78,2022-07-16T04:52:08,AUTO_DEDUCT
259,39,3550.91,2840.73,710.18,2023-03-23T11:06:05,BRANCH_PAYMENT
260,27,861.35,689.08,172.27,2022-02-28T04:47:08,ONLINE_TRANSFER
261,1,2554.65,2043.72,510.93,2022-07-08T10:41:13,AUTO_DEDUCT
262,50,2907.02,2325.62,581.40,2023-12-19T01:46:47,BRANCH_PAYMENT
263,31,1921.79,1537.43,384.36,2023-08-12T21:55:36,BRANCH_PAYMENT
264,51,2506.70,2005.36,501.34,2022-10-10T16:04:03,BRANCH_PAYMENT
265,39,680.84,544.67,136.17,2022-06-25T23:51:27,AUTO_DEDUCT
266,12,1630.73,1304.58,326.15,2023-02-14T23:13:10,AUTO_DEDUCT
267,52,347.33,277.87,69.47,2023-01-17T07:04:50,BRANCH_PAYMENT
268,10,4215.78,3372.62,843.16,2023-06-04T09:56:25,ONLINE_TRANSFER
269,57,4353.00,3482.40,870.60,2022-07-07T07:25:40,ONLINE_TRANSFER
270,14,1201.16,960.93,240.23,2022-07-18T08:24:36,BRANCH_PAYMENT
271,69,4886.17,3908.94,977.23,2023-09-12T22:47:27,ONLINE_TRANSFER
272,4,3218.08,2574.46,643.62,2023-10-10T20:41:59,BRANCH_PAYMENT
273,34,2664.47,2131.58,532.89,2023-02-25T01:48:41,AUTO_DEDUCT
274,80,1261.08,1008.86,252.22,2023-09-21T20:28:32,AUTO_DEDUCT
275,41,984.85,787.88,196.97,2022-02-24T08:00:48,AUTO_DEDUCT
276,71,2739.07,2191.25,547.81,2023-04-03T14:17:05,AUTO_DEDUCT
277,15,815.04,652.03,163.01,2022-01-08T22:56:15,ONLINE_TRANSFER
278,21,3029.10,2423.28,605.82,2023-02-02T19:38:57,ONLINE_TRANSFER
279,67,3379.97,2703.98,675.99,2022-07-30T06:51:43,AUTO_DEDUCT
280,44,921.53,737.22,184.31,2023-07-06T08:21:00,AUTO_DEDUCT
281,66,2278.07,1822.45,455.61,2022-07-18T15:35:35,AUTO_DEDUCT
282,38,3740.14,2992.11,748.03,2022-11-30T08:32:20,BRANCH_PAYMENT
283,46,699.91,559.93,139.98,2023-01-29T23:57:38,BRANCH_PAYMENT
284,64,2723.31,2178.64,544.66,2022-11-01T22:06:00,ONLINE_TRANSFER
285,23,946.96,757.56,189.39,2022-09-19T03:25:48,BRANCH_PAYMENT
286,42,2748.29,2198.63,549.66,2022-02-09T17:26:39,BRANCH_PAYMENT
287,54,613.76,491.01,122.75,2023-01-08T08:23:55,BRANCH_PAYMENT
288,36,1653.29,1322.63,330.66,2023-10-31T17:09:16,AUTO_DEDUCT
289,44,2489.14,1991.31,497.83,2022-01-23T02:06:10,AUTO_DEDUCT
290,9,4344.13,3475.31,868.83,2023-11-16T23:03:53,AUTO_DEDUCT
291,51,2713.06,2170.45,542.61,2023-09-18T12:41:53,ONLINE_TRANSFER
292,10,351.39,281.11,70.28,2022-03-17T06:58:35,BRANCH_PAYMENT
293,70,3665.79,2932.63,733.16,2022-07-31T05:49:14,BRANCH_PAYMENT
294,12,4468.06,3574.45,893.61,2023-04-27T09:19:03,ONLINE_TRANSFER
295,17,4527.30,3621.84,905.46,2023-11-05T15:51:11,ONLINE_TRANSFER
296,26,480.28,384.23,96.06,2023-04-05T11:13:49,ONLINE_TRANSFER
297,5,4316.22,3452.98,863.24,2022-05-02T13:39:44,ONLINE_TRANSFER
298,68,2948.10,2358.48,589.62,2022-08-24T16:11:44,ONLINE_TRANSFER
299,19,3502.88,2802.31,700.58,2022-09-04T12:46:40,AUTO_DEDUCT
300,20,2653.92,2123.14,530.78,2023-10-29T19:33:27,AUTO_DEDUCT
