address_id,customer_id,label,street_line1,street_line2,city,state,postal_code,country,is_default,created_at
1,13,Work,571 Main St,,Phoenix,AZ,10197,USA,FALSE,2025-11-09T03:52:05.818336
2,32,Work,6930 Main St,,Chicago,TX,90129,USA,TRUE,2026-04-08T14:05:06.818336
3,136,Home,9051 Main St,Apt 30,Los Angeles,NY,38704,USA,FALSE,2026-02-01T21:35:46.818336
4,52,Other,9321 Main St,Apt 19,New York,NY,44051,USA,TRUE,2025-12-02T15:57:38.818336
5,62,Other,8305 Main St,Apt 64,Phoenix,IL,81753,USA,FALSE,2025-05-04T23:01:17.818336
6,13,Work,2285 Main St,Apt 70,New York,IL,37390,USA,TRUE,2026-09-09T01:50:26.818336
7,191,Other,1747 Main St,Apt 29,Chicago,NY,83690,USA,TRUE,2025-05-10T02:12:34.818336
8,102,Other,7108 Main St,,Chicago,CA,28449,USA,TRUE,2024-09-21T22:27:41.818336
9,21,Home,6700 Main St,Apt 17,Los Angeles,NY,21214,USA,FALSE,2025-10-09T23:59:39.818336
10,45,Home,1522 Main St,,Los Angeles,CA,40349,USA,TRUE,2024-12-09T17:38:14.818336
11,72,Other,4978 Main St,Apt 100,Los Angeles,NY,22019,USA,FALSE,2026-01-01T03:29:39.818336
12,138,Other,4019 Main St,Apt 8,Los Angeles,NY,97325,USA,TRUE,2024-11-03T00:59:40.818336
13,52,Other,8005 Main St,,Los Angeles,TX,73453,USA,FALSE,2025-09-15T20:38:29.818336
14,9,Work,4948 Main St,Apt 3,Los Angeles,IL,58608,USA,FALSE,2025-06-22T15:15:47.818336
15,74,Work,165 Main St,Apt 8,Chicago,IL,79153,USA,FALSE,2026-02-17T23:31:33.818336
16,138,Home,8395 Main St,,Los Angeles,TX,38485,USA,FALSE,2024-12-14T14:55:33.818336
17,71,Home,6831 Main St,,Phoenix,IL,97334,USA,FALSE,2025-09-26T00:25:13.818336
18,159,Work,3321 Main St,,New York,TX,50979,USA,TRUE,2025-06-19T07:38:32.818336
19,185,Home,3576 Main St,,Chicago,CA,81887,USA,FALSE,2026-07-04T02:54:46.818336
20,91,Home,714 Main St,Apt 95,New York,IL,85524,USA,FALSE,2026-04-02T18:04:16.818336
21,143,Work,3447 Main St,,Phoenix,CA,28340,USA,TRUE,2026-03-31T16:57:54.818336
22,85,Work,3134 Main St,Apt 72,Chicago,IL,14886,USA,TRUE,2025-04-08T04:31:16.818336
23,142,Other,7076 Main St,,Phoenix,AZ,24727,USA,FALSE,2026-08-24T05:25:32.818336
24,169,Work,385 Main St,,Phoenix,IL,12588,USA,FALSE,2026-01-08T11:08:33.818336
25,174,Home,8976 Main St,,Houston,NY,14011,USA,TRUE,2025-07-19T08:32:20.818336
26,33,Home,4575 Main St,,Houston,CA,47023,USA,TRUE,2025-12-23T04:29:57.818336
27,89,Home,6174 Main St,Apt 26,New York,TX,69640,USA,FALSE,2026-03-26T05:23:09.818336
28,112,Work,5358 Main St,Apt 79,New York,IL,36872,USA,TRUE,2026-07-11T14:59:41.818336
29,85,Home,281 Main St,Apt 92,Phoenix,CA,59318,USA,TRUE,2025-06-02T00:00:43.818336
30,24,Work,1161 Main St,,Chicago,TX,65535,USA,FALSE,2024-12-27T12:02:39.818336
31,184,Work,5566 Main St,Apt 5,New York,CA,88120,USA,FALSE,2026-03-16T23:03:56.818336
32,103,Other,5456 Main St,,Phoenix,CA,88726,USA,FALSE,2026-07-01T10:41:44.818336
33,75,Home,2941 Main St,,New York,IL,81587,USA,TRUE,2025-12-19T00:01:48.818336
34,32,Home,4509 Main St,,Houston,CA,21602,USA,FALSE,2026-03-26T09:15:06.818336
35,88,Work,211 Main St,Apt 86,Phoenix,NY,84360,USA,TRUE,2025-12-19T23:49:24.818336
36,50,Other,2309 Main St,,New York,TX,58596,USA,FALSE,2025-08-27T03:11:43.818336
37,167,Work,4011 Main St,,Chicago,NY,62277,USA,TRUE,2025-02-23T21:47:23.818336
38,78,Work,1265 Main St,,New York,AZ,68988,USA,TRUE,2025-11-29T23:13:32.818336
39,139,Work,3327 Main St,,New York,AZ,71109,USA,TRUE,2025-02-07T12:59:02.818336
40,51,Home,1033 Main St,,Houston,AZ,49385,USA,FALSE,2024-10-23T18:29:00.818336
41,168,Work,9336 Main St,Apt 18,Chicago,IL,99457,USA,TRUE,2026-01-28T04:19:42.818336
42,138,Work,3399 Main St,Apt 84,Phoenix,AZ,79373,USA,TRUE,2026-01-05T12:19:17.818336
43,59,Home,3788 Main St,,Houston,AZ,99993,USA,FALSE,2025-07-25T09:22:15.818336
44,89,Work,5160 Main St,Apt 29,Phoenix,CA,44463,USA,FALSE,2026-02-16T07:30:59.818336
45,45,Work,2365 Main St,,Chicago,CA,54509,USA,TRUE,2025-02-03T18:39:59.818336
46,60,Home,3732 Main St,Apt 85,Phoenix,CA,61205,USA,FALSE,2025-02-18T08:09:18.818336
47,63,Home,3195 Main St,Apt 75,Chicago,CA,46074,USA,TRUE,2026-02-26T03:54:27.818336
48,180,Work,9063 Main St,Apt 68,Chicago,NY,41179,USA,TRUE,2025-09-29T07:05:34.818336
49,76,Home,908 Main St,,Los Angeles,CA,15917,USA,TRUE,2025-06-17T23:19:06.818336
50,88,Other,2140 Main St,Apt 97,Los Angeles,AZ,93807,USA,FALSE,2025-11-18T05:33:37.818336
51,198,Work,3125 Main St,Apt 80,Los Angeles,CA,16035,USA,FALSE,2026-05-01T23:15:32.818336
52,103,Home,5637 Main St,,Phoenix,IL,35533,USA,FALSE,2026-08-01T22:25:20.818336
53,33,Home,4666 Main St,,Phoenix,AZ,29690,USA,TRUE,2025-10-18T18:12:21.818336
54,65,Home,4802 Main St,Apt 34,New York,NY,14931,USA,FALSE,2026-05-01T23:41:10.818336
55,3,Other,1262 Main St,Apt 22,New York,CA,70319,USA,TRUE,2025-06-22T11:28:31.818336
56,4,Home,9070 Main St,,Los Angeles,CA,43720,USA,TRUE,2025-09-21T05:07:32.818336
57,43,Other,2079 Main St,,New York,NY,17428,USA,TRUE,2024-10-02T14:15:31.818336
58,46,Other,3726 Main St,,Chicago,CA,96401,USA,TRUE,2026-06-11T18:03:13.818336
59,5,Home,5792 Main St,Apt 84,Chicago,IL,44904,USA,TRUE,2025-12-24T21:30:04.818336
60,74,Home,183 Main St,Apt 89,Houston,CA,62733,USA,FALSE,2024-11-12T16:41:23.818336
61,163,Other,4022 Main St,,Houston,AZ,20924,USA,FALSE,2025-02-06T10:01:30.818336
62,17,Other,4186 Main St,Apt 67,Chicago,IL,83906,USA,FALSE,2024-09-23T02:01:06.818336
63,44,Home,9333 Main St,,Phoenix,CA,88532,USA,FALSE,2025-08-10T13:31:28.818336
64,124,Work,4389 Main St,,New York,IL,63100,USA,TRUE,2025-06-30T06:03:59.818336
65,61,Work,1702 Main St,,Houston,NY,21901,USA,FALSE,2025-10-22T23:14:38.818336
66,132,Other,2473 Main St,,New York,NY,40260,USA,TRUE,2025-12-17T21:06:59.818336
67,91,Work,4290 Main St,,Houston,TX,50008,USA,FALSE,2026-01-13T00:09:24.818336
68,116,Work,3086 Main St,,New York,IL,56029,USA,FALSE,2026-04-30T13:18:25.818336
69,67,Home,5534 Main St,Apt 29,Phoenix,NY,17528,USA,FALSE,2025-05-21T15:01:36.818336
70,60,Home,6103 Main St,,Houston,CA,43390,USA,TRUE,2026-07-01T03:09:09.818336
71,173,Other,8303 Main St,Apt 21,Phoenix,CA,22039,USA,TRUE,2024-12-12T01:01:50.818336
72,188,Home,7454 Main St,,Houston,CA,80377,USA,FALSE,2026-02-03T00:30:27.818336
73,56,Work,3648 Main St,,New York,AZ,15216,USA,TRUE,2025-05-29T02:56:13.818336
74,80,Work,5263 Main St,,Los Angeles,IL,65719,USA,TRUE,2025-02-14T10:50:03.818336
75,24,Other,5516 Main St,Apt 26,Chicago,IL,81351,USA,FALSE,2024-12-12T12:57:50.818336
76,39,Home,1870 Main St,,Chicago,TX,78014,USA,FALSE,2024-10-23T11:51:13.818336
77,138,Other,4776 Main St,Apt 62,Los Angeles,AZ,30821,USA,TRUE,2024-10-31T04:47:24.818336
78,13,Home,8982 Main St,Apt 87,Phoenix,NY,46670,USA,FALSE,2025-10-25T21:37:35.818336
79,61,Work,9404 Main St,Apt 55,Phoenix,TX,99660,USA,TRUE,2025-03-01T17:02:49.818336
80,39,Home,1071 Main St,Apt 16,New York,NY,78599,USA,TRUE,2026-09-05T10:42:52.818336
81,43,Other,9062 Main St,,Chicago,NY,34596,USA,FALSE,2024-10-24T02:27:36.818336
82,97,Home,1302 Main St,,New York,AZ,22266,USA,FALSE,2026-05-21T15:19:18.818336
83,111,Other,7765 Main St,,Phoenix,AZ,52221,USA,TRUE,2026-02-21T10:23:06.818336
84,108,Work,6525 Main St,,Los Angeles,NY,37442,USA,TRUE,2026-02-09T05:34:27.818336
85,180,Other,8727 Main St,Apt 40,Los Angeles,CA,90692,USA,TRUE,2024-12-05T04:00:09.818336
86,12,Other,3023 Main St,,Chicago,AZ,60090,USA,FALSE,2025-05-18T15:36:18.818336
87,171,Other,9403 Main St,Apt 56,Chicago,IL,44494,USA,FALSE,2025-08-06T10:23:15.818336
88,139,Home,7982 Main St,Apt 96,Houston,NY,63606,USA,TRUE,2026-05-08T04:27:10.818336
89,56,Home,9232 Main St,,Phoenix,TX,35612,USA,TRUE,2024-10-13T04:59:42.818336
90,136,Work,154 Main St,,Los Angeles,AZ,23663,USA,FALSE,2025-03-27T04:18:04.818336
91,87,Work,3848 Main St,Apt 93,Chicago,IL,89812,USA,FALSE,2026-07-30T00:01:02.818336
92,84,Other,3125 Main St,,Houston,CA,21415,USA,FALSE,2025-11-20T02:04:19.818336
93,142,Other,4650 Main St,,Los Angeles,TX,54009,USA,FALSE,2025-08-31T04:14:20.818336
94,57,Home,1862 Main St,,Chicago,AZ,45648,USA,TRUE,2025-09-24T17:58:48.818336
95,171,Work,1489 Main St,Apt 61,New York,TX,92436,USA,FALSE,2026-04-06T04:44:42.818336
96,137,Work,2153 Main St,Apt 49,New York,CA,52385,USA,TRUE,2025-07-06T19:36:54.818336
97,11,Home,593 Main St,,Phoenix,TX,71742,USA,TRUE,2024-11-25T04:58:41.818336
98,15,Other,5676 Main St,,New York,TX,43901,USA,TRUE,2025-05-17T10:58:19.818336
99,127,Other,8653 Main St,,Phoenix,TX,67895,USA,TRUE,2025-02-28T12:38:31.818336
100,162,Other,3123 Main St,,Houston,IL,94928,USA,FALSE,2025-09-23T13:50:11.818336
101,139,Work,2977 Main St,Apt 40,Houston,TX,34389,USA,TRUE,2025-05-14T12:08:28.818336
102,6,Work,8519 Main St,,New York,CA,96855,USA,TRUE,2025-12-18T20:10:58.818336
103,80,Other,227 Main St,Apt 56,Los Angeles,IL,92054,USA,FALSE,2025-09-05T15:53:00.818336
104,42,Other,7261 Main St,Apt 30,Los Angeles,NY,52152,USA,TRUE,2025-02-05T04:08:15.818336
105,34,Other,6509 Main St,,Chicago,IL,93991,USA,TRUE,2024-11-11T03:59:06.818336
106,85,Work,1862 Main St,,Los Angeles,NY,25673,USA,FALSE,2026-04-29T02:19:26.818336
107,62,Other,341 Main St,Apt 52,Los Angeles,NY,49768,USA,TRUE,2026-03-13T11:52:15.818336
108,12,Home,8001 Main St,,Chicago,NY,41652,USA,TRUE,2024-11-06T18:23:08.818336
109,184,Home,8635 Main St,,Chicago,TX,98386,USA,FALSE,2024-09-26T11:48:20.818336
110,78,Other,3315 Main St,Apt 38,New York,TX,18511,USA,FALSE,2026-08-29T17:09:59.818336
111,104,Work,3828 Main St,,New York,IL,93838,USA,TRUE,2025-10-17T11:38:58.818336
112,71,Other,9634 Main St,,Phoenix,IL,50500,USA,FALSE,2024-12-23T15:21:03.818336
113,192,Other,9131 Main St,Apt 34,Houston,NY,32676,USA,FALSE,2025-07-28T05:47:41.818336
114,15,Other,6865 Main St,Apt 80,Chicago,TX,97046,USA,FALSE,2025-07-03T20:43:07.818336
115,80,Other,2445 Main St,,New York,CA,94922,USA,FALSE,2025-12-28T03:05:23.818336
116,150,Other,8014 Main St,,Houston,CA,29560,USA,TRUE,2026-05-26T07:02:37.818336
117,32,Work,2672 Main St,,Houston,IL,61425,USA,FALSE,2025-09-08T12:47:10.818336
118,104,Work,4008 Main St,Apt 88,New York,CA,57337,USA,FALSE,2025-11-22T23:06:35.818336
119,141,Work,452 Main St,Apt 17,Los Angeles,CA,20790,USA,FALSE,2025-11-23T20:41:47.818336
120,135,Other,1776 Main St,,Phoenix,NY,22214,USA,TRUE,2025-08-20T01:28:54.818336
121,167,Other,5695 Main St,,Chicago,NY,27116,USA,TRUE,2025-12-20T19:07:15.818336
122,110,Other,5659 Main St,,New York,TX,76724,USA,TRUE,2026-03-09T05:36:37.818336
123,46,Other,4634 Main St,,Los Angeles,TX,10163,USA,FALSE,2026-03-19T09:06:24.818336
124,99,Other,7168 Main St,,Los Angeles,CA,38292,USA,FALSE,2024-10-16T22:25:49.818336
125,153,Work,1071 Main St,Apt 43,Houston,AZ,72404,USA,FALSE,2025-08-26T04:26:14.818336
126,12,Home,7002 Main St,,Phoenix,CA,38622,USA,TRUE,2026-08-12T07:14:01.818336
127,83,Home,8378 Main St,Apt 83,Houston,IL,46743,USA,TRUE,2025-08-17T14:16:11.818336
128,194,Home,5007 Main St,Apt 98,Los Angeles,AZ,19294,USA,TRUE,2025-05-13T11:09:33.818336
129,156,Other,8511 Main St,,Los Angeles,NY,83561,USA,TRUE,2025-01-16T07:16:53.818336
130,153,Home,8278 Main St,Apt 49,New York,NY,92759,USA,TRUE,2025-12-25T21:29:40.818336
131,198,Other,5625 Main St,Apt 100,Houston,TX,48902,USA,TRUE,2026-03-02T06:16:27.818336
132,108,Home,7503 Main St,,Los Angeles,AZ,68077,USA,FALSE,2025-05-04T14:35:50.818336
133,32,Work,5699 Main St,Apt 59,Chicago,TX,74855,USA,TRUE,2026-03-15T08:32:43.818336
134,123,Home,772 Main St,Apt 78,Los Angeles,CA,29452,USA,TRUE,2025-06-03T13:21:50.818336
135,151,Other,9062 Main St,Apt 43,New York,NY,52482,USA,TRUE,2026-03-23T10:46:29.818336
136,36,Work,7947 Main St,Apt 84,New York,NY,15229,USA,TRUE,2025-03-10T15:31:57.818336
137,141,Work,6445 Main St,Apt 24,New York,TX,57542,USA,FALSE,2024-10-15T02:41:02.818336
138,101,Home,7189 Main St,,Chicago,TX,10506,USA,TRUE,2025-02-03T12:05:50.818336
139,166,Other,2594 Main St,Apt 58,Chicago,TX,23080,USA,TRUE,2025-09-21T02:52:42.818336
140,169,Other,527 Main St,Apt 84,Chicago,AZ,70376,USA,FALSE,2025-07-17T23:47:53.818336
141,174,Home,8900 Main St,Apt 87,Chicago,AZ,74792,USA,TRUE,2026-01-19T09:00:40.818336
142,69,Home,6796 Main St,,Los Angeles,AZ,41092,USA,TRUE,2026-03-13T04:26:39.818336
143,131,Home,6402 Main St,Apt 77,Houston,TX,82468,USA,FALSE,2025-03-22T18:51:39.818336
144,105,Other,9349 Main St,Apt 25,Houston,CA,36507,USA,TRUE,2025-05-13T15:26:48.818336
145,100,Work,7680 Main St,Apt 11,Phoenix,IL,94381,USA,TRUE,2024-09-25T08:00:58.818336
146,151,Work,1001 Main St,,Chicago,IL,64663,USA,FALSE,2025-03-24T15:12:50.818336
147,1,Work,5216 Main St,Apt 82,Chicago,NY,19857,USA,TRUE,2025-01-01T02:43:01.818336
148,85,Home,1819 Main St,Apt 80,Chicago,CA,36681,USA,TRUE,2024-11-30T07:23:17.818336
149,41,Other,8206 Main St,,Los Angeles,IL,52508,USA,TRUE,2025-06-29T10:35:20.818336
150,114,Work,5792 Main St,Apt 40,New York,IL,53952,USA,FALSE,2026-04-18T08:49:39.818336
151,161,Work,6998 Main St,,Houston,CA,52689,USA,TRUE,2026-07-06T15:09:49.818336
152,94,Home,9608 Main St,Apt 24,New York,IL,66874,USA,TRUE,2025-06-23T09:39:30.818336
153,169,Work,5665 Main St,Apt 64,New York,TX,92067,USA,FALSE,2025-01-08T22:48:58.818336
154,126,Work,5836 Main St,Apt 13,New York,TX,71722,USA,FALSE,2025-07-01T08:22:55.818336
155,147,Other,5907 Main St,Apt 4,Los Angeles,TX,92887,USA,TRUE,2025-12-06T19:55:15.818336
156,46,Work,5058 Main St,,Los Angeles,IL,18388,USA,FALSE,2026-01-23T11:03:07.818336
157,172,Home,7862 Main St,,Phoenix,AZ,85199,USA,TRUE,2026-04-05T09:25:21.818336
158,120,Other,471 Main St,Apt 46,Phoenix,TX,99293,USA,FALSE,2024-09-16T20:09:33.818336
159,49,Other,8292 Main St,Apt 5,Chicago,CA,53931,USA,TRUE,2026-02-08T07:33:06.818336
160,75,Work,9914 Main St,Apt 55,Phoenix,CA,25527,USA,TRUE,2026-04-06T05:23:51.818336
161,21,Work,4473 Main St,,New York,CA,26435,USA,FALSE,2025-10-23T04:17:49.818336
162,94,Home,3624 Main St,,New York,IL,47984,USA,TRUE,2025-01-01T04:25:32.818336
163,153,Other,3415 Main St,Apt 89,Los Angeles,TX,82130,USA,FALSE,2024-12-12T05:52:43.818336
164,118,Work,6281 Main St,Apt 13,Los Angeles,CA,16712,USA,TRUE,2025-11-30T10:32:59.818336
165,67,Home,1778 Main St,,New York,IL,38088,USA,FALSE,2026-07-16T21:46:01.818336
166,136,Other,5926 Main St,,Los Angeles,IL,58988,USA,FALSE,2025-11-29T23:54:31.818336
167,192,Work,5502 Main St,Apt 60,Phoenix,IL,74942,USA,FALSE,2025-11-05T04:05:46.818336
168,137,Other,6415 Main St,Apt 56,Houston,NY,90520,USA,TRUE,2025-08-14T04:35:35.818336
169,97,Work,2284 Main St,,Houston,NY,64120,USA,TRUE,2024-10-10T12:02:48.818336
170,93,Work,4824 Main St,,Chicago,NY,12172,USA,FALSE,2026-07-20T13:15:02.818336
171,81,Work,9506 Main St,,New York,NY,17074,USA,FALSE,2025-05-07T16:55:39.818336
172,139,Home,629 Main St,Apt 68,Phoenix,AZ,98115,USA,TRUE,2025-04-20T00:27:19.818336
173,171,Home,9532 Main St,Apt 71,New York,TX,75461,USA,TRUE,2025-02-04T10:13:38.818336
174,176,Other,9403 Main St,Apt 83,Houston,AZ,46163,USA,FALSE,2026-04-07T20:40:43.818336
175,26,Home,6076 Main St,Apt 67,Phoenix,AZ,78198,USA,FALSE,2026-05-21T20:18:38.818336
176,198,Work,8882 Main St,Apt 12,New York,TX,50206,USA,TRUE,2025-12-04T01:48:47.818336
177,66,Work,7309 Main St,,New York,CA,71902,USA,FALSE,2025-12-10T01:41:53.818336
178,58,Work,3337 Main St,,Houston,TX,18874,USA,FALSE,2025-02-21T19:00:26.818336
179,113,Other,1723 Main St,Apt 64,Houston,NY,54964,USA,FALSE,2025-04-03T00:50:32.818336
180,48,Work,1766 Main St,,Phoenix,NY,28612,USA,FALSE,2026-01-16T07:24:44.818336
181,113,Other,1178 Main St,,Los Angeles,AZ,67656,USA,FALSE,2026-03-24T13:34:50.818336
182,133,Work,1828 Main St,Apt 55,Houston,NY,11775,USA,TRUE,2026-01-23T09:12:05.818336
183,29,Work,979 Main St,Apt 23,Phoenix,TX,21318,USA,FALSE,2025-02-19T03:33:35.818336
184,182,Other,3134 Main St,Apt 39,New York,AZ,12194,USA,FALSE,2025-11-21T03:44:20.818336
185,91,Other,2963 Main St,,Los Angeles,IL,25826,USA,FALSE,2025-08-10T15:40:49.818336
186,174,Other,1122 Main St,,Houston,AZ,39599,USA,FALSE,2026-02-25T20:49:12.818336
187,125,Work,7971 Main St,Apt 48,Chicago,AZ,67273,USA,TRUE,2025-07-30T19:44:55.818336
188,55,Other,9404 Main St,Apt 23,Chicago,IL,76252,USA,TRUE,2026-05-21T00:37:04.818336
189,47,Work,4816 Main St,Apt 26,New York,AZ,82899,USA,TRUE,2025-02-10T19:42:20.818336
190,105,Other,2689 Main St,,Phoenix,TX,92345,USA,TRUE,2026-06-20T04:14:28.818336
191,146,Work,1842 Main St,,Chicago,CA,66266,USA,FALSE,2025-03-15T02:21:11.818336
192,168,Work,6307 Main St,Apt 87,New York,CA,51473,USA,FALSE,2026-03-19T11:41:01.818336
193,75,Work,1686 Main St,,Houston,TX,11772,USA,TRUE,2025-07-18T19:56:39.818336
194,83,Home,2953 Main St,Apt 29,Los Angeles,TX,99727,USA,FALSE,2026-03-26T21:31:35.818336
195,122,Home,7563 Main St,Apt 61,Phoenix,NY,14004,USA,TRUE,2025-08-17T16:06:56.818336
196,194,Other,2400 Main St,Apt 100,Chicago,TX,99154,USA,FALSE,2026-02-24T11:23:30.818336
197,1,Other,3101 Main St,,Chicago,CA,20155,USA,TRUE,2025-03-11T17:11:30.818336
198,9,Other,1889 Main St,,Chicago,IL,30321,USA,FALSE,2026-08-07T18:50:19.818336
199,60,Other,8279 Main St,Apt 34,Chicago,IL,74720,USA,FALSE,2024-11-20T07:44:06.818336
200,94,Other,6778 Main St,Apt 56,Los Angeles,TX,19888,USA,FALSE,2025-10-19T21:46:39.818336
201,117,Other,2045 Main St,Apt 79,Phoenix,TX,68994,USA,FALSE,2024-09-23T21:56:23.818336
202,193,Other,2275 Main St,,Chicago,NY,14716,USA,TRUE,2025-07-11T07:04:09.818336
203,142,Work,4546 Main St,,Phoenix,AZ,12724,USA,FALSE,2025-08-30T03:48:30.818336
204,91,Home,8708 Main St,,Houston,TX,45070,USA,FALSE,2025-10-04T19:54:46.818336
205,10,Work,6794 Main St,Apt 33,New York,CA,48327,USA,FALSE,2025-08-22T16:54:35.818336
206,167,Work,1451 Main St,,Houston,IL,62298,USA,FALSE,2025-01-29T02:48:49.818336
207,53,Home,9635 Main St,,Phoenix,IL,29570,USA,FALSE,2025-01-16T05:20:45.818336
208,153,Work,9723 Main St,,New York,CA,54087,USA,FALSE,2025-03-20T21:52:10.818336
209,198,Other,9625 Main St,,New York,IL,79254,USA,FALSE,2026-06-02T11:10:21.818336
210,18,Home,3508 Main St,,Phoenix,CA,30449,USA,FALSE,2025-10-14T06:00:18.818336
211,138,Other,7834 Main St,Apt 57,Los Angeles,IL,27660,USA,TRUE,2026-06-16T22:27:20.818336
212,184,Other,337 Main St,,Houston,NY,51490,USA,TRUE,2026-04-15T19:22:45.818336
213,53,Other,8374 Main St,Apt 21,Chicago,AZ,55148,USA,FALSE,2025-03-04T05:12:28.818336
214,56,Other,9448 Main St,Apt 65,Phoenix,IL,73017,USA,FALSE,2025-12-25T08:05:22.818336
215,21,Other,5678 Main St,Apt 33,Houston,CA,68582,USA,TRUE,2025-04-23T09:18:35.818336
216,86,Home,9221 Main St,,Houston,IL,91071,USA,TRUE,2025-07-17T08:50:07.818336
217,5,Work,5410 Main St,,Chicago,AZ,37584,USA,TRUE,2025-03-12T16:06:11.818336
218,136,Home,215 Main St,Apt 9,New York,CA,25076,USA,FALSE,2025-07-24T23:24:06.818336
219,18,Work,7719 Main St,,Phoenix,TX,19637,USA,TRUE,2026-06-19T07:57:35.818336
220,148,Work,215 Main St,,Phoenix,TX,67816,USA,FALSE,2026-01-30T09:37:31.818336
221,17,Work,6214 Main St,,Houston,NY,79188,USA,TRUE,2024-12-13T22:31:35.818336
222,140,Work,1904 Main St,Apt 78,Houston,TX,90835,USA,FALSE,2024-11-14T03:48:52.818336
223,15,Work,1992 Main St,Apt 96,Chicago,IL,43417,USA,TRUE,2025-08-09T08:12:50.818336
224,179,Work,1981 Main St,Apt 49,Houston,NY,31330,USA,FALSE,2025-12-24T06:50:57.818336
225,57,Work,3500 Main St,Apt 24,Phoenix,NY,83263,USA,TRUE,2025-02-23T04:17:13.818336
226,192,Other,7362 Main St,Apt 92,Los Angeles,IL,15783,USA,FALSE,2025-04-24T17:13:33.818336
227,171,Home,8908 Main St,,Houston,TX,77564,USA,FALSE,2025-03-03T17:49:53.818336
228,156,Other,3448 Main St,,Chicago,TX,10554,USA,TRUE,2025-05-06T09:34:39.818336
229,121,Work,7704 Main St,Apt 56,Chicago,CA,84789,USA,FALSE,2026-09-01T08:55:45.818336
230,66,Work,8812 Main St,Apt 33,Chicago,AZ,38836,USA,TRUE,2025-08-01T04:06:53.818336
231,101,Work,4965 Main St,,Los Angeles,TX,43967,USA,FALSE,2025-04-04T15:50:43.818336
232,154,Work,9369 Main St,,Phoenix,NY,56325,USA,FALSE,2025-02-08T10:47:52.818336
233,188,Home,319 Main St,Apt 62,Houston,CA,31078,USA,FALSE,2025-09-23T07:48:31.818336
234,19,Other,7282 Main St,,Phoenix,IL,12717,USA,FALSE,2025-12-29T09:03:37.818336
235,176,Home,5334 Main St,,Phoenix,TX,12110,USA,TRUE,2025-04-26T16:34:30.818336
236,121,Home,7042 Main St,,Houston,TX,55224,USA,FALSE,2025-06-09T19:08:33.818336
237,113,Other,907 Main St,Apt 44,Los Angeles,CA,77481,USA,TRUE,2026-06-18T21:48:51.818336
238,181,Work,669 Main St,,Houston,NY,72155,USA,FALSE,2026-08-21T05:28:15.818336
239,129,Other,5145 Main St,Apt 40,New York,TX,54288,USA,TRUE,2025-01-02T05:02:51.818336
240,162,Work,7432 Main St,,Phoenix,NY,23829,USA,TRUE,2025-10-25T17:09:48.818336
241,188,Other,8971 Main St,,Los Angeles,NY,55186,USA,TRUE,2025-04-28T16:35:27.818336
242,168,Work,3098 Main St,Apt 84,Los Angeles,AZ,43505,USA,FALSE,2026-07-20T07:55:18.818336
243,154,Home,3303 Main St,,Phoenix,IL,65171,USA,FALSE,2026-08-11T01:48:54.818336
244,138,Home,4137 Main St,,Los Angeles,NY,11707,USA,FALSE,2025-06-10T04:25:26.818336
245,105,Home,5131 Main St,,Houston,NY,34862,USA,FALSE,2025-05-19T10:18:37.818336
246,84,Other,6591 Main St,,Phoenix,IL,66344,USA,TRUE,2025-01-15T18:32:34.818336
247,67,Work,239 Main St,,Chicago,TX,24401,USA,FALSE,2024-12-30T15:45:55.818336
248,88,Other,7594 Main St,,Chicago,IL,15387,USA,FALSE,2026-03-15T18:18:56.818336
249,95,Home,9487 Main St,,Phoenix,TX,43934,USA,TRUE,2026-03-02T13:54:54.818336
250,112,Home,3134 Main St,,Los Angeles,CA,73076,USA,TRUE,2024-11-06T19:59:03.818336
