coupon_id,code,description,discount_type,discount_value,min_order_amount,max_discount_amount,usage_limit,per_customer_limit,times_used,starts_at,expires_at,is_active
1,SPRING1524,Spring sale 15% off (2024),percentage,15.00,50.00,75.00,10000,1,13,2024-03-20T05:00:00+00:00,2024-04-10T05:00:00+00:00,false
2,BFCM2524,Black Friday 25% off sitewide (2024),percentage,25.00,0.00,150.00,,1,12,2024-11-25T05:00:00+00:00,2024-11-30T05:00:00+00:00,false
3,CYBER3024,Cyber Monday $30 off $150 (2024),fixed_amount,30.00,150.00,,5000,1,3,2024-11-28T05:00:00+00:00,2024-12-02T05:00:00+00:00,false
4,SUMMER2024,Summer sale 20% off (2024),percentage,20.00,60.00,100.00,5000,1,19,2024-06-15T05:00:00+00:00,2024-07-15T05:00:00+00:00,false
5,BACK2SCHOOL24,Back to school 15% off (2024),percentage,15.00,40.00,60.00,,1,20,2024-08-01T05:00:00+00:00,2024-08-31T05:00:00+00:00,false
6,HOLIDAY2024,Holiday 20% off (2024),percentage,20.00,75.00,120.00,,1,25,2024-12-01T05:00:00+00:00,2024-12-21T05:00:00+00:00,false
7,SPRING1525,Spring sale 15% off (2025),percentage,15.00,50.00,75.00,,1,27,2025-03-20T05:00:00+00:00,2025-04-10T05:00:00+00:00,false
8,BFCM2525,Black Friday 25% off sitewide (2025),percentage,25.00,0.00,150.00,10000,1,9,2025-11-25T05:00:00+00:00,2025-11-30T05:00:00+00:00,false
9,CYBER3025,Cyber Monday $30 off $150 (2025),fixed_amount,30.00,150.00,,,1,3,2025-11-28T05:00:00+00:00,2025-12-02T05:00:00+00:00,false
10,SUMMER2025,Summer sale 20% off (2025),percentage,20.00,60.00,100.00,10000,1,24,2025-06-15T05:00:00+00:00,2025-07-15T05:00:00+00:00,false
11,BACK2SCHOOL25,Back to school 15% off (2025),percentage,15.00,40.00,60.00,10000,1,36,2025-08-01T05:00:00+00:00,2025-08-31T05:00:00+00:00,false
12,HOLIDAY2025,Holiday 20% off (2025),percentage,20.00,75.00,120.00,,1,34,2025-12-01T05:00:00+00:00,2025-12-21T05:00:00+00:00,false
13,SPRING1526,Spring sale 15% off (2026),percentage,15.00,50.00,75.00,10000,1,16,2026-03-20T05:00:00+00:00,2026-04-10T05:00:00+00:00,false
14,SUMMER2026,Summer sale 20% off (2026),percentage,20.00,60.00,100.00,,1,29,2026-06-15T05:00:00+00:00,2026-07-15T05:00:00+00:00,false
15,BACK2SCHOOL26,Back to school 15% off (2026),percentage,15.00,40.00,60.00,10000,1,37,2026-08-01T05:00:00+00:00,2026-08-31T05:00:00+00:00,false
16,WELCOME10,10% off your first order,percentage,10.00,0.00,,,1,1900,2024-01-01T00:00:00+00:00,,true
17,FREESHIP,Free shipping on any order,free_shipping,0.00,25.00,,,,1525,2024-01-01T00:00:00+00:00,,true
18,SAVE20,$20 off orders over $100,fixed_amount,20.00,100.00,,,,731,2024-01-01T00:00:00+00:00,,true
19,VIP50,VIP $50 off $250,fixed_amount,50.00,250.00,,,,195,2024-01-01T00:00:00+00:00,,true
