customer_id,email,password_hash,first_name,last_name,phone,date_of_birth,loyalty_points,is_active,created_at,last_login
1,customer1@example.com,hash_6693ab5edb784e2fa48d93156f25463d,FirstName1,LastName1,+1555000001,1998-01-21,677,TRUE,2026-04-26T04:21:36.818336,2026-08-09T03:24:41.818336
2,customer2@example.com,hash_3c7f950dcba84f27ad98c18c90ce9fa1,FirstName2,LastName2,+1555000002,2006-11-28,1683,TRUE,2025-12-07T19:24:36.818336,2026-06-02T12:03:20.818336
3,customer3@example.com,hash_6eb6758b51c44ae0991a57c1fbe1d8eb,FirstName3,LastName3,+1555000003,1974-10-31,3411,TRUE,2024-10-01T06:56:08.818336,2025-08-20T13:08:13.818336
4,customer4@example.com,hash_58da80126c084490b70b0e7c697c6473,FirstName4,LastName4,+1555000004,1964-06-27,933,TRUE,2026-01-28T05:41:28.818336,2026-06-20T10:08:12.818336
5,customer5@example.com,hash_645ce886d2aa4a59861a5bd0efa772fd,FirstName5,LastName5,+1555000005,1974-06-28,494,TRUE,2025-07-29T22:37:37.818336,2025-09-30T02:39:25.818336
6,customer6@example.com,hash_c62730987135480983f437ef9898c939,FirstName6,LastName6,+1555000006,2006-07-09,308,TRUE,2025-08-13T06:11:20.818336,2025-11-27T09:41:07.818336
7,customer7@example.com,hash_517c2bdccff64661be2212c12c78b1d2,FirstName7,LastName7,+1555000007,1968-06-12,1029,TRUE,2025-05-24T12:28:21.818336,2025-12-23T02:18:46.818336
8,customer8@example.com,hash_985e7972fc1a4d3ba19905f54f8dccd2,FirstName8,LastName8,+1555000008,1988-09-08,1213,TRUE,2025-01-25T20:31:48.818336,2026-05-03T15:27:17.818336
9,customer9@example.com,hash_6f5dc0bb7e934904bddea5c0d7ad952b,FirstName9,LastName9,+1555000009,1997-12-10,1141,TRUE,2025-04-26T14:19:53.818336,2026-07-27T02:10:04.818336
10,customer10@example.com,hash_ae90a2492f46443a98308ed473c9787d,FirstName10,LastName10,+1555000010,1969-08-05,1117,TRUE,2026-03-25T10:24:34.818336,2026-07-28T04:47:13.818336
11,customer11@example.com,hash_1f36677c48a84b71b62f14f3a4909b59,FirstName11,LastName11,+1555000011,1965-07-10,4599,TRUE,2026-04-22T09:20:43.818336,2026-08-23T07:00:29.818336
12,customer12@example.com,hash_4804b5405ad442f2b95c67756f3bca6e,FirstName12,LastName12,+1555000012,1963-07-04,4437,TRUE,2026-02-16T18:22:13.818336,2026-09-11T23:24:40.818336
13,customer13@example.com,hash_1713272e7d664a619cc156b0a2c6f76d,FirstName13,LastName13,+1555000013,1999-09-22,4563,TRUE,2025-10-01T02:49:39.818336,2026-09-02T14:23:20.818336
14,customer14@example.com,hash_7944b4a3f715473781179c4116c6be96,FirstName14,LastName14,+1555000014,1976-07-08,4678,TRUE,2025-11-23T20:42:37.818336,2026-03-06T01:29:46.818336
15,customer15@example.com,hash_59911c45f2c44d318ceda7bc65fa1c34,FirstName15,LastName15,+1555000015,1965-08-12,2358,TRUE,2025-07-07T22:08:13.818336,2025-08-13T01:35:17.818336
16,customer16@example.com,hash_349728a0c71c49509df237a25c8a77d6,FirstName16,LastName16,+1555000016,1993-11-03,4961,TRUE,2025-04-12T17:45:41.818336,2025-09-22T21:08:40.818336
17,customer17@example.com,hash_d430b3d5123743dc87f9665d5bd0125e,FirstName17,LastName17,+1555000017,1993-08-20,3137,TRUE,2024-12-19T00:27:19.818336,2025-12-05T12:38:57.818336
18,customer18@example.com,hash_3d5d3165240b4697bcccd0ba4f58d064,FirstName18,LastName18,+1555000018,1959-03-17,354,TRUE,2025-09-07T12:56:12.818336,2026-08-04T12:48:57.818336
19,customer19@example.com,hash_2ae5773d4e874d5fadb9b46d30d379aa,FirstName19,LastName19,+1555000019,1982-05-14,3329,TRUE,2025-10-20T21:49:02.818336,2025-11-09T06:51:29.818336
20,customer20@example.com,hash_8a67f680ad6c45439049e7aa49467db1,FirstName20,LastName20,+1555000020,1985-06-14,1484,TRUE,2024-12-10T08:09:38.818336,2026-07-04T17:34:16.818336
21,customer21@example.com,hash_6029bbf7e4e7433aa65fd9901011407e,FirstName21,LastName21,+1555000021,2001-07-29,1393,TRUE,2026-05-07T06:15:07.818336,2026-09-02T18:11:23.818336
22,customer22@example.com,hash_bcdb175872354ce596eb41032fb98f24,FirstName22,LastName22,+1555000022,1976-07-24,2219,TRUE,2026-06-27T00:33:41.818336,2026-07-09T01:21:27.818336
23,customer23@example.com,hash_619a903d4a0b41dea4c9631c8fcd79d8,FirstName23,LastName23,+1555000023,2005-11-01,992,TRUE,2026-09-04T03:30:34.818336,2026-09-04T09:10:41.818336
24,customer24@example.com,hash_0f4be2b3aef74e4ca43fc199b59b0c3e,FirstName24,LastName24,+1555000024,1974-07-30,3395,TRUE,2025-10-06T02:01:13.818336,2025-12-22T11:24:14.818336
25,customer25@example.com,hash_1afc7aeacc9d43e78cd60abfd02950d9,FirstName25,LastName25,+1555000025,1989-04-05,4114,TRUE,2025-01-03T10:05:36.818336,2025-12-26T17:53:29.818336
26,customer26@example.com,hash_4f40d02374fc407eb7004b529878f9ad,FirstName26,LastName26,+1555000026,2006-03-23,3749,TRUE,2025-03-18T02:56:19.818336,2026-07-25T21:25:29.818336
27,customer27@example.com,hash_10af5ad7dc6442248ab2601351d69d91,FirstName27,LastName27,+1555000027,2007-10-30,2622,TRUE,2025-01-27T14:38:56.818336,2026-08-01T03:10:20.818336
28,customer28@example.com,hash_2d93d971bf80496ca0ae94832a1f1cf3,FirstName28,LastName28,+1555000028,1987-12-06,4632,TRUE,2025-10-08T10:40:06.818336,2025-12-07T16:38:54.818336
29,customer29@example.com,hash_54ac703ed7154e3787634fd296c50d3a,FirstName29,LastName29,+1555000029,1970-02-17,2765,TRUE,2025-03-08T18:27:17.818336,2026-05-04T17:05:30.818336
30,customer30@example.com,hash_4e0ca32dc3eb4f74bf433a9eaa6de297,FirstName30,LastName30,+1555000030,1966-03-13,392,TRUE,2026-03-25T01:06:34.818336,2026-07-24T14:53:35.818336
31,customer31@example.com,hash_9b0f4e08a7e7411692994738ffe04010,FirstName31,LastName31,+1555000031,1973-10-18,3175,TRUE,2026-08-28T11:26:58.818336,2026-09-07T02:00:40.818336
32,customer32@example.com,hash_f9ac883fc26440aa9e816a0cdfaabb03,FirstName32,LastName32,+1555000032,1971-12-30,1423,TRUE,2026-04-28T21:31:48.818336,2026-06-29T06:19:17.818336
33,customer33@example.com,hash_7b444f7d1e4c4818a3f5c1354e36e303,FirstName33,LastName33,+1555000033,1966-04-15,2706,TRUE,2024-10-18T02:33:45.818336,2025-05-21T08:45:57.818336
34,customer34@example.com,hash_6879db9cbdee4a23b373d2c7eea9df12,FirstName34,LastName34,+1555000034,1992-03-21,4709,TRUE,2026-04-11T00:43:51.818336,2026-05-10T11:51:02.818336
35,customer35@example.com,hash_6665ec93fd654158bcfc5e50ddcc323a,FirstName35,LastName35,+1555000035,1981-11-10,4232,TRUE,2024-11-24T11:05:25.818336,2026-07-24T03:11:33.818336
36,customer36@example.com,hash_4bb03f00c2ef4651bbb333bfd18e4dd6,FirstName36,LastName36,+1555000036,1986-12-09,1246,TRUE,2025-09-13T03:19:01.818336,2026-05-31T03:48:58.818336
37,customer37@example.com,hash_b5c680c2d25a448d83d058665c6a7e47,FirstName37,LastName37,+1555000037,1992-09-03,868,TRUE,2024-11-16T03:07:08.818336,2026-03-02T14:23:00.818336
38,customer38@example.com,hash_72b38bd9a58449bab20530eaf537b32b,FirstName38,LastName38,+1555000038,1991-08-26,4097,TRUE,2026-05-03T16:59:02.818336,2026-06-04T08:29:00.818336
39,customer39@example.com,hash_8a65602d07cd41aebf3a2ca0ef8849f0,FirstName39,LastName39,+1555000039,1972-10-17,2541,TRUE,2025-08-01T01:58:50.818336,2026-04-07T04:46:36.818336
40,customer40@example.com,hash_a11443bae8074a64b26c7187d0e102e3,FirstName40,LastName40,+1555000040,1978-08-07,4135,TRUE,2025-06-24T06:04:14.818336,2026-06-20T09:55:19.818336
41,customer41@example.com,hash_d6353edc529e4bba940ba8459408be18,FirstName41,LastName41,+1555000041,1976-11-26,3086,TRUE,2026-07-13T20:45:39.818336,2026-09-06T11:05:11.818336
42,customer42@example.com,hash_8e13a6a911dd440d95c1356d0f479560,FirstName42,LastName42,+1555000042,1962-01-02,1408,TRUE,2026-05-18T16:17:55.818336,2026-07-28T18:41:43.818336
43,customer43@example.com,hash_f0aaf12d87ff45b3a8404dcbd23d9170,FirstName43,LastName43,+1555000043,2000-09-22,3813,TRUE,2026-09-02T17:43:52.818336,2026-09-04T05:06:11.818336
44,customer44@example.com,hash_1955c306e7c547a09af5d86822bb89e0,FirstName44,LastName44,+1555000044,1974-06-20,2032,TRUE,2025-10-28T23:38:18.818336,2026-05-02T02:38:10.818336
45,customer45@example.com,hash_a28635f30ef84c449eec54e1aa518050,FirstName45,LastName45,+1555000045,1970-10-28,2804,TRUE,2025-03-27T03:10:11.818336,2026-01-29T17:26:26.818336
46,customer46@example.com,hash_fd7cc0caf0b749c9b2740df274bb4148,FirstName46,LastName46,+1555000046,1997-01-12,3633,TRUE,2025-02-08T10:29:58.818336,2025-08-21T09:39:27.818336
47,customer47@example.com,hash_b042c63c11da4120ac59ea4b8a308aa9,FirstName47,LastName47,+1555000047,1986-05-13,579,TRUE,2025-11-16T23:16:44.818336,2026-08-28T18:04:56.818336
48,customer48@example.com,hash_952bbdf3996f4d30a80d3ee68e99e99f,FirstName48,LastName48,+1555000048,1998-01-08,1488,TRUE,2026-06-16T21:23:21.818336,2026-08-23T09:18:36.818336
49,customer49@example.com,hash_276d22a0e9cd4a69af6b646d2dbb83ef,FirstName49,LastName49,+1555000049,1995-09-09,4921,TRUE,2025-08-05T12:45:09.818336,2025-09-16T13:16:48.818336
50,customer50@example.com,hash_eac1ac13b0c649d385ff3df962414e01,FirstName50,LastName50,+1555000050,1968-05-30,2075,TRUE,2025-03-06T10:17:03.818336,2025-08-17T01:30:07.818336
51,customer51@example.com,hash_552cf8b9fb704ea8a1e6f4ea4629d43a,FirstName51,LastName51,+1555000051,1969-01-02,1881,TRUE,2026-09-15T01:04:55.818336,2026-09-15T10:45:17.818336
52,customer52@example.com,hash_e55a9b3bc8f3420794781063fa655e39,FirstName52,LastName52,+1555000052,1992-08-20,510,TRUE,2026-04-04T10:53:31.818336,2026-06-22T08:12:22.818336
53,customer53@example.com,hash_e69eff36773d473c8803aedda02e82a8,FirstName53,LastName53,+1555000053,1963-04-05,4019,TRUE,2025-01-10T12:18:44.818336,2026-01-01T14:42:19.818336
54,customer54@example.com,hash_ae83c969767f4042a319d89a5aa09cb0,FirstName54,LastName54,+1555000054,1967-12-24,1130,TRUE,2025-12-31T18:32:01.818336,2026-07-03T11:27:21.818336
55,customer55@example.com,hash_c13251a8e54d43b4b566d1bd8f80e348,FirstName55,LastName55,+1555000055,1980-04-18,1563,TRUE,2025-12-08T21:02:16.818336,2026-02-08T07:48:51.818336
56,customer56@example.com,hash_73dbec1f8a8a4dc3b62421799c140c54,FirstName56,LastName56,+1555000056,2004-12-31,1844,TRUE,2026-09-05T22:38:21.818336,2026-09-14T19:51:38.818336
57,customer57@example.com,hash_371fdb73133d4796a275a37748b54336,FirstName57,LastName57,+1555000057,1975-05-08,3423,TRUE,2024-10-30T13:25:41.818336,2025-10-11T20:25:11.818336
58,customer58@example.com,hash_87e4492380da4c4c86eec7d86e8e8b82,FirstName58,LastName58,+1555000058,1992-07-08,1470,TRUE,2025-11-07T10:34:49.818336,2026-09-02T13:06:14.818336
59,customer59@example.com,hash_62510697c5904bde806a6ad0e091c82d,FirstName59,LastName59,+1555000059,1977-11-15,1493,TRUE,2025-12-15T18:38:22.818336,2026-05-16T21:34:25.818336
60,customer60@example.com,hash_8894d3da142c4c0cbf86c4426b5e937d,FirstName60,LastName60,+1555000060,1969-01-16,1519,TRUE,2024-12-18T20:17:17.818336,2025-10-18T05:19:37.818336
61,customer61@example.com,hash_747728a229434da98cd3a1e5e51bc571,FirstName61,LastName61,+1555000061,1969-03-04,2662,TRUE,2024-12-08T21:05:54.818336,2025-12-16T02:36:56.818336
62,customer62@example.com,hash_0d053449009f444ca203bece07ed6c0d,FirstName62,LastName62,+1555000062,1965-10-05,106,TRUE,2025-03-24T15:36:05.818336,2025-04-11T19:59:24.818336
63,customer63@example.com,hash_90c5303f638f4c459c10b1b74b76d9eb,FirstName63,LastName63,+1555000063,1969-04-15,1336,TRUE,2026-03-23T08:36:20.818336,2026-06-03T21:01:17.818336
64,customer64@example.com,hash_eb684d887e324815b8b8d7c66f7f10da,FirstName64,LastName64,+1555000064,1967-03-03,3699,TRUE,2025-09-20T23:57:17.818336,2026-08-30T23:35:17.818336
65,customer65@example.com,hash_5cf2c2dc14cf4ff08666d3df65a6d93e,FirstName65,LastName65,+1555000065,1988-01-18,2387,TRUE,2025-12-10T10:08:52.818336,2026-03-03T02:09:22.818336
66,customer66@example.com,hash_76e07f1227434614baf0b387a6449f14,FirstName66,LastName66,+1555000066,2001-06-22,4729,TRUE,2025-12-15T06:52:56.818336,2026-08-04T20:09:16.818336
67,customer67@example.com,hash_df258c14c9fe4ba58377d2a901d5d09b,FirstName67,LastName67,+1555000067,1961-08-19,2796,TRUE,2025-05-24T03:59:19.818336,2025-10-03T02:34:54.818336
68,customer68@example.com,hash_75ef438aa16b4af289b942cf4484183c,FirstName68,LastName68,+1555000068,1958-05-31,1908,TRUE,2026-04-08T12:37:22.818336,2026-05-04T11:17:48.818336
69,customer69@example.com,hash_7b5e15dfbeb4406f8bbf9d944fc523d9,FirstName69,LastName69,+1555000069,1979-07-10,1184,TRUE,2026-03-27T00:45:56.818336,2026-06-09T20:01:51.818336
70,customer70@example.com,hash_214e22d9606647b89d5dd10035b226c0,FirstName70,LastName70,+1555000070,2002-07-30,1398,TRUE,2025-02-16T22:06:16.818336,2026-08-03T01:40:43.818336
71,customer71@example.com,hash_006372a9b8a74837b579efbc2c910302,FirstName71,LastName71,+1555000071,1969-09-02,988,TRUE,2025-12-18T09:33:08.818336,2026-03-31T01:51:35.818336
72,customer72@example.com,hash_14e24e606cd642faa0162020d4b6e172,FirstName72,LastName72,+1555000072,1966-07-28,3066,TRUE,2026-01-07T22:06:23.818336,2026-08-19T00:58:49.818336
73,customer73@example.com,hash_c2f4f67bdaf649d9bd88d52b9f2aa6b8,FirstName73,LastName73,+1555000073,2005-01-06,1327,TRUE,2026-03-02T01:36:24.818336,2026-06-15T04:42:01.818336
74,customer74@example.com,hash_aa1635fc892944bdba13c2ae12db0989,FirstName74,LastName74,+1555000074,1964-05-13,1418,TRUE,2025-09-18T23:01:15.818336,2026-05-10T12:24:22.818336
75,customer75@example.com,hash_e80d30c3ed594302882f18d24e7f3760,FirstName75,LastName75,+1555000075,1985-09-10,1318,TRUE,2025-03-24T20:35:57.818336,2025-04-08T09:16:36.818336
76,customer76@example.com,hash_aeccd2441edd4c97ac2811b1d9976e1b,FirstName76,LastName76,+1555000076,1958-02-14,815,TRUE,2026-06-07T10:27:42.818336,2026-08-17T20:32:07.818336
77,customer77@example.com,hash_e776ae9882404c12a992b90c8dadab6d,FirstName77,LastName77,+1555000077,1960-06-17,3977,TRUE,2025-04-12T09:59:23.818336,2026-05-01T09:43:06.818336
78,customer78@example.com,hash_46eb60235251420eb181285cca597597,FirstName78,LastName78,+1555000078,1992-04-26,3964,TRUE,2025-09-15T14:53:36.818336,2026-04-14T14:16:59.818336
79,customer79@example.com,hash_4ce5313b04aa4e2589236957698a79f8,FirstName79,LastName79,+1555000079,2008-02-20,3473,TRUE,2025-02-05T03:52:27.818336,2026-04-12T00:51:49.818336
80,customer80@example.com,hash_1406cebc3d5344f79c2a8c8ea5b7ad58,FirstName80,LastName80,+1555000080,1958-07-01,342,TRUE,2025-07-11T05:20:13.818336,2026-03-16T04:12:30.818336
81,customer81@example.com,hash_11aa6c6d5ba14ee49030b2359e12b84c,FirstName81,LastName81,+1555000081,1957-03-01,826,TRUE,2025-04-30T19:25:28.818336,2026-07-12T04:17:40.818336
82,customer82@example.com,hash_aa8ffefa99884920894b1172f329cd4e,FirstName82,LastName82,+1555000082,1999-09-22,60,TRUE,2025-03-29T14:17:56.818336,2025-06-07T11:50:08.818336
83,customer83@example.com,hash_341478f37b9e423996b7c234bd412d26,FirstName83,LastName83,+1555000083,1956-12-19,3323,TRUE,2025-02-13T11:29:26.818336,2026-03-23T08:27:53.818336
84,customer84@example.com,hash_55d6cde1b96348d2ad8da71c63cfdc7e,FirstName84,LastName84,+1555000084,1956-11-24,4211,TRUE,2024-12-09T12:38:59.818336,2025-11-23T09:49:30.818336
85,customer85@example.com,hash_5116e1db71dd4e2ba6e4f604bfe2125e,FirstName85,LastName85,+1555000085,1961-03-03,564,TRUE,2026-02-09T04:01:57.818336,2026-08-18T03:57:02.818336
86,customer86@example.com,hash_f27bc99a57254a169bc69661cbadb0a7,FirstName86,LastName86,+1555000086,1974-05-11,612,TRUE,2026-02-14T11:29:46.818336,2026-04-06T17:46:25.818336
87,customer87@example.com,hash_965dfe6feb3a4b839ce5831a723cce0c,FirstName87,LastName87,+1555000087,1974-11-29,4800,TRUE,2025-10-09T10:26:22.818336,2026-08-15T12:16:21.818336
88,customer88@example.com,hash_cd236efc03ff4e7b87cddd1867f363f3,FirstName88,LastName88,+1555000088,1982-07-29,1678,TRUE,2026-07-31T05:56:48.818336,2026-09-15T04:43:57.818336
89,customer89@example.com,hash_0f54c759e1ac4a7fb5ee3f27fa0c6f19,FirstName89,LastName89,+1555000089,1995-04-20,3831,TRUE,2025-06-21T13:11:00.818336,2026-09-09T00:49:21.818336
90,customer90@example.com,hash_c7a19819d6f6414885272e0ed328a0c2,FirstName90,LastName90,+1555000090,1986-06-08,4069,TRUE,2025-12-06T08:17:25.818336,2026-05-04T21:13:18.818336
91,customer91@example.com,hash_3310899d99d34215a7297325eff43035,FirstName91,LastName91,+1555000091,1989-07-24,395,TRUE,2025-08-29T23:38:27.818336,2025-09-29T06:11:29.818336
92,customer92@example.com,hash_95d4152cf8cf47c9974f217212032a42,FirstName92,LastName92,+1555000092,2008-09-12,1351,TRUE,2026-08-07T22:16:03.818336,2026-08-20T02:02:41.818336
93,customer93@example.com,hash_5e7d9fa743804aba85857871f57e49ba,FirstName93,LastName93,+1555000093,2005-08-16,3595,TRUE,2026-04-26T16:29:48.818336,2026-07-31T18:17:47.818336
94,customer94@example.com,hash_2204b85533ba4e3abf9e412496443641,FirstName94,LastName94,+1555000094,1965-10-04,2125,TRUE,2025-09-27T16:20:13.818336,2025-11-12T15:27:00.818336
95,customer95@example.com,hash_4f715b8d16394aba994cf2bffbdb9358,FirstName95,LastName95,+1555000095,2005-01-08,4685,TRUE,2026-09-02T09:49:12.818336,2026-09-12T23:16:35.818336
96,customer96@example.com,hash_5013881cb6fc4c3daebb490ad8f1b04f,FirstName96,LastName96,+1555000096,1970-01-24,1283,TRUE,2024-10-23T16:18:16.818336,2026-08-02T11:53:57.818336
97,customer97@example.com,hash_5c8f33c4a2b343a9ba147cf7e67db3d6,FirstName97,LastName97,+1555000097,1987-05-23,2964,TRUE,2026-05-18T07:22:24.818336,2026-09-04T15:51:44.818336
98,customer98@example.com,hash_ae8a043dc49846909ab28a8fc4e43b3c,FirstName98,LastName98,+1555000098,2008-01-05,618,TRUE,2025-05-24T07:35:55.818336,2026-01-10T22:47:30.818336
99,customer99@example.com,hash_74f57edc8fa24095b13e0d64e31c9be5,FirstName99,LastName99,+1555000099,1977-07-17,3160,TRUE,2026-03-10T18:54:47.818336,2026-07-09T13:27:11.818336
100,customer100@example.com,hash_df8e4029d77940918931ba7f31b9175a,FirstName100,LastName100,+1555000100,1985-05-16,4544,TRUE,2025-06-04T23:33:49.818336,2026-03-24T12:23:38.818336
101,customer101@example.com,hash_df185147b4a24d2f8f5e2f259bd5b7e8,FirstName101,LastName101,+1555000101,1968-11-20,3167,TRUE,2025-12-09T16:59:14.818336,2026-05-17T17:41:34.818336
102,customer102@example.com,hash_c0e224d625994dc389ca3bd9c99ec7e2,FirstName102,LastName102,+1555000102,2006-10-08,2996,TRUE,2025-03-04T12:44:01.818336,2025-12-30T18:34:36.818336
103,customer103@example.com,hash_dcd0f7e697534eb797dc10d493f1dd73,FirstName103,LastName103,+1555000103,2008-02-02,3296,TRUE,2026-03-02T14:02:59.818336,2026-04-03T07:15:41.818336
104,customer104@example.com,hash_a352b6ee4e7e4d22b46e80810e579253,FirstName104,LastName104,+1555000104,2007-10-21,1007,TRUE,2026-01-28T04:37:59.818336,2026-06-01T07:01:49.818336
105,customer105@example.com,hash_43fb4935acb540749d1b41e4b46c64bc,FirstName105,LastName105,+1555000105,1967-09-08,725,TRUE,2025-10-21T04:43:34.818336,2025-11-13T03:16:22.818336
106,customer106@example.com,hash_ba03b0f2e8454c70b946b3492bddae59,FirstName106,LastName106,+1555000106,1992-01-11,1188,TRUE,2024-12-11T18:00:49.818336,2026-04-09T07:41:50.818336
107,customer107@example.com,hash_6bed0048556f45b6b361e3681762b832,FirstName107,LastName107,+1555000107,1970-04-29,952,TRUE,2025-06-21T19:55:40.818336,2026-05-08T16:46:51.818336
108,customer108@example.com,hash_1ea485a3bf824521baffde8ed411ae85,FirstName108,LastName108,+1555000108,1995-04-01,3145,TRUE,2026-06-29T13:11:19.818336,2026-08-06T07:39:53.818336
109,customer109@example.com,hash_914cc47c25e346cf9a7c71f1e542b857,FirstName109,LastName109,+1555000109,1973-11-26,4234,TRUE,2024-12-11T01:06:35.818336,2025-05-11T21:00:46.818336
110,customer110@example.com,hash_f266fba4d2e848878013aa66bfd0d9e9,FirstName110,LastName110,+1555000110,1986-10-04,2142,TRUE,2025-11-27T04:28:00.818336,2026-08-10T13:39:35.818336
111,customer111@example.com,hash_ab4ba2751db349c0b661ea3c34bafb37,FirstName111,LastName111,+1555000111,1970-05-20,3275,TRUE,2025-03-22T03:59:48.818336,2025-10-24T04:20:58.818336
112,customer112@example.com,hash_13e95b3be43f48f48abfd4379662ecf2,FirstName112,LastName112,+1555000112,1987-02-22,2134,TRUE,2024-10-27T09:06:23.818336,2026-08-15T13:26:07.818336
113,customer113@example.com,hash_af3d885378c14efda5fefb252e51d212,FirstName113,LastName113,+1555000113,1976-04-24,3472,TRUE,2026-08-03T19:48:44.818336,2026-08-30T09:18:16.818336
114,customer114@example.com,hash_e3dae3cc29194feda04b393d831ff3f3,FirstName114,LastName114,+1555000114,1960-02-28,4000,TRUE,2025-02-12T15:56:55.818336,2026-05-28T23:28:57.818336
115,customer115@example.com,hash_9c4e5a9c1e864fc8b120887fc4a02f4e,FirstName115,LastName115,+1555000115,1972-01-03,78,TRUE,2026-05-19T02:30:48.818336,2026-07-13T12:20:25.818336
116,customer116@example.com,hash_f78f6ce4bf4d4dc3940ddabef2b7b9dc,FirstName116,LastName116,+1555000116,1958-01-03,120,TRUE,2025-12-07T00:22:18.818336,2026-01-09T06:55:38.818336
117,customer117@example.com,hash_70d6c14570c9446db3f8668fe6dc4b6b,FirstName117,LastName117,+1555000117,1961-07-02,1145,TRUE,2025-12-24T09:24:38.818336,2026-07-23T03:57:46.818336
118,customer118@example.com,hash_87a75cca4bf24bcdbddedf65b9b78279,FirstName118,LastName118,+1555000118,1966-10-07,4013,TRUE,2025-11-03T07:50:37.818336,2026-08-31T07:19:49.818336
119,customer119@example.com,hash_993ec568a588498aa07837ecd53c416e,FirstName119,LastName119,+1555000119,1976-08-12,454,TRUE,2026-01-10T17:12:07.818336,2026-06-07T20:47:31.818336
120,customer120@example.com,hash_f3ed26f11dd144209410d155af4180fc,FirstName120,LastName120,+1555000120,1986-09-30,199,TRUE,2026-05-07T16:21:51.818336,2026-05-31T12:14:52.818336
121,customer121@example.com,hash_13366f78518840f596b066532ef74884,FirstName121,LastName121,+1555000121,1992-09-29,4033,TRUE,2025-04-03T23:19:20.818336,2025-09-20T03:50:06.818336
122,customer122@example.com,hash_f75a2a91e2ed4f068fc95a8e0ee78c3e,FirstName122,LastName122,+1555000122,1962-09-28,1380,TRUE,2025-08-25T07:32:26.818336,2026-08-24T04:55:21.818336
123,customer123@example.com,hash_a4a7b5ba88d24bb4b25688ce83cb6b81,FirstName123,LastName123,+1555000123,1999-12-20,1283,TRUE,2025-10-29T23:16:46.818336,2026-06-21T21:26:34.818336
124,customer124@example.com,hash_f01176d848ab47ef8bfd8133962d3752,FirstName124,LastName124,+1555000124,1963-11-30,2073,TRUE,2025-06-17T17:01:31.818336,2025-09-22T04:43:50.818336
125,customer125@example.com,hash_e7e2b1c3720d4352be2d8fe2ecf71989,FirstName125,LastName125,+1555000125,1979-02-08,4429,TRUE,2025-07-10T12:49:32.818336,2026-03-31T15:13:17.818336
126,customer126@example.com,hash_923e7957867c4459a8f11b1fcb4e4b42,FirstName126,LastName126,+1555000126,1986-06-27,1122,TRUE,2024-12-09T20:49:15.818336,2025-07-29T00:36:52.818336
127,customer127@example.com,hash_f2ca88ad6c5b41cca7b76bc7eb204887,FirstName127,LastName127,+1555000127,2004-06-10,1861,TRUE,2025-02-23T23:11:17.818336,2026-03-24T00:45:10.818336
128,customer128@example.com,hash_2ce9f4ddcd584e1d8cc7a04d7e338c09,FirstName128,LastName128,+1555000128,2005-07-29,2089,TRUE,2025-01-11T19:25:55.818336,2026-05-10T13:32:03.818336
129,customer129@example.com,hash_4d7ffcd8935849c0b001ebb29518a6b8,FirstName129,LastName129,+1555000129,2003-07-01,3775,TRUE,2026-09-15T17:56:16.818336,2026-09-15T17:58:31.818336
130,customer130@example.com,hash_ad579930cb5e470785e6063d5e52a4d9,FirstName130,LastName130,+1555000130,1997-01-19,4558,TRUE,2026-02-08T23:31:23.818336,2026-06-20T10:56:25.818336
131,customer131@example.com,hash_7c74be6b3ba84b5aa9dffc870af0ee0c,FirstName131,LastName131,+1555000131,1995-02-01,3813,TRUE,2026-06-22T18:50:26.818336,2026-09-05T08:10:02.818336
132,customer132@example.com,hash_1008fc17baac41da9ef8b1f425efb23a,FirstName132,LastName132,+1555000132,1971-08-19,2028,TRUE,2026-07-13T09:13:36.818336,2026-09-14T04:41:07.818336
133,customer133@example.com,hash_0c9a96ec19174278ac3b479b2cf323d4,FirstName133,LastName133,+1555000133,2002-11-29,934,TRUE,2025-05-09T01:34:34.818336,2026-05-30T06:02:56.818336
134,customer134@example.com,hash_c3f4cbc4624a4c3da860586deecfb83d,FirstName134,LastName134,+1555000134,1979-10-08,1803,TRUE,2024-10-29T15:37:05.818336,2026-08-15T16:47:28.818336
135,customer135@example.com,hash_a76848c3de854338b81c0008d95744ef,FirstName135,LastName135,+1555000135,1962-07-07,384,TRUE,2025-07-25T09:37:27.818336,2026-07-14T08:14:42.818336
136,customer136@example.com,hash_8da70c09f45d4fe1b05a999eea557190,FirstName136,LastName136,+1555000136,1975-04-05,2344,TRUE,2024-09-27T05:41:08.818336,2024-11-03T02:56:16.818336
137,customer137@example.com,hash_3eecdf95b3d34c15911bfde8ab2d9f4a,FirstName137,LastName137,+1555000137,1962-06-08,2433,TRUE,2025-03-03T20:21:10.818336,2025-08-07T06:45:16.818336
138,customer138@example.com,hash_b607b7ae0e5e44788eabe3f2db81102c,FirstName138,LastName138,+1555000138,1988-12-04,917,TRUE,2024-09-25T19:58:40.818336,2026-03-31T18:05:23.818336
139,customer139@example.com,hash_08902246826d4872a4d2bf8b55e3d83a,FirstName139,LastName139,+1555000139,1994-11-19,4949,TRUE,2026-01-06T12:06:11.818336,2026-09-02T18:52:27.818336
140,customer140@example.com,hash_3cacba7395cc4240bd77adcdd8ca804b,FirstName140,LastName140,+1555000140,1995-01-26,150,TRUE,2025-07-20T10:02:43.818336,2026-07-26T05:47:17.818336
141,customer141@example.com,hash_a7c544726a534c0ab4d594bdb06ea787,FirstName141,LastName141,+1555000141,1974-04-23,81,TRUE,2025-03-15T11:16:05.818336,2025-12-22T08:24:48.818336
142,customer142@example.com,hash_e55a575406c54ebfa05e863f2616733a,FirstName142,LastName142,+1555000142,1960-06-27,1840,TRUE,2025-03-23T06:59:57.818336,2025-10-06T22:19:45.818336
143,customer143@example.com,hash_cd2caba847734caba938868996e436b5,FirstName143,LastName143,+1555000143,2000-12-24,4780,TRUE,2024-09-27T04:54:28.818336,2025-09-25T01:23:39.818336
144,customer144@example.com,hash_2eda674d20984da0857c6576a1de8491,FirstName144,LastName144,+1555000144,1968-08-11,1976,TRUE,2025-05-30T15:10:57.818336,2025-12-25T08:57:24.818336
145,customer145@example.com,hash_be821e5fe99c43ac9a940963c02838cf,FirstName145,LastName145,+1555000145,1997-08-20,4236,TRUE,2024-10-08T04:17:04.818336,2026-05-05T20:30:04.818336
146,customer146@example.com,hash_39aff0e76d2c48e8ab5a96dab11c09e9,FirstName146,LastName146,+1555000146,1989-06-05,3223,TRUE,2026-01-24T15:19:36.818336,2026-05-09T03:33:59.818336
147,customer147@example.com,hash_581c8aafc7b3497d9d9fa1134f1e7798,FirstName147,LastName147,+1555000147,1989-09-09,4974,TRUE,2025-08-31T19:25:42.818336,2025-10-24T00:50:13.818336
148,customer148@example.com,hash_8b8a8131e247476599b6a049ed783824,FirstName148,LastName148,+1555000148,1985-08-13,4871,TRUE,2025-05-24T11:34:51.818336,2025-07-04T23:19:31.818336
149,customer149@example.com,hash_81cc83d27ebe41b4b7859c694c6245a2,FirstName149,LastName149,+1555000149,1960-03-10,1393,TRUE,2024-10-21T22:22:37.818336,2026-07-30T01:52:37.818336
150,customer150@example.com,hash_0a7a4941ba8041ca8effbb8fec51b6c0,FirstName150,LastName150,+1555000150,1997-09-29,1778,TRUE,2025-03-23T05:30:39.818336,2025-12-23T00:49:14.818336
151,customer151@example.com,hash_ae3ee7ff5d3248078cf218961b4acc05,FirstName151,LastName151,+1555000151,1989-03-31,2688,TRUE,2026-09-13T14:45:22.818336,2026-09-15T08:07:16.818336
152,customer152@example.com,hash_36f7e0cdc43a41d8b40917ad69c03b8c,FirstName152,LastName152,+1555000152,1990-10-18,3388,TRUE,2024-10-17T17:49:35.818336,2026-02-26T20:08:10.818336
153,customer153@example.com,hash_5552691e4edc4e919601cd25be0d6839,FirstName153,LastName153,+1555000153,1982-11-27,633,TRUE,2025-06-14T10:36:54.818336,2025-09-16T19:13:44.818336
154,customer154@example.com,hash_514e3143658346b0be06a5adae724ab9,FirstName154,LastName154,+1555000154,1986-01-26,944,TRUE,2026-04-24T19:16:46.818336,2026-07-24T20:32:52.818336
155,customer155@example.com,hash_3bca8af65b7949b89c1ff6ca8c1782e9,FirstName155,LastName155,+1555000155,1975-04-08,2295,TRUE,2026-04-06T06:16:05.818336,2026-08-18T09:36:53.818336
156,customer156@example.com,hash_51c7ab7cdb7a4d0e94b80cdfda06e80e,FirstName156,LastName156,+1555000156,1999-11-22,4829,TRUE,2024-12-31T23:58:51.818336,2026-01-03T01:32:43.818336
157,customer157@example.com,hash_73cf19c5154b490db287a710c4fef711,FirstName157,LastName157,+1555000157,1961-10-31,2620,TRUE,2024-11-17T03:22:42.818336,2026-05-30T00:37:57.818336
158,customer158@example.com,hash_fa0202ba4f1a4f5ab0410db590a19019,FirstName158,LastName158,+1555000158,1994-02-21,4887,TRUE,2025-05-04T23:33:57.818336,2025-09-18T07:08:45.818336
159,customer159@example.com,hash_10ca301ca50d41958f5a676558aeb0d2,FirstName159,LastName159,+1555000159,1982-11-22,1006,TRUE,2024-09-25T22:45:21.818336,2024-10-20T01:54:32.818336
160,customer160@example.com,hash_7487262fb13849049486be1f8f1bcc8c,FirstName160,LastName160,+1555000160,1994-12-29,3807,TRUE,2025-03-01T16:56:43.818336,2025-12-30T07:09:48.818336
161,customer161@example.com,hash_ae7194ee9a374d61830078a769986ecd,FirstName161,LastName161,+1555000161,1970-05-26,4473,TRUE,2025-05-09T23:07:26.818336,2026-08-13T08:37:15.818336
162,customer162@example.com,hash_895357aa9dfe417e92d2768ca72ea8bd,FirstName162,LastName162,+1555000162,2001-02-28,217,TRUE,2026-07-23T01:19:41.818336,2026-07-25T00:05:59.818336
163,customer163@example.com,hash_c473fc1731e141b3b92d2122d861c758,FirstName163,LastName163,+1555000163,1957-02-13,1689,TRUE,2025-08-04T08:47:29.818336,2026-02-20T03:43:45.818336
164,customer164@example.com,hash_38eba9b6e70940d9abc7bdae11b4ec93,FirstName164,LastName164,+1555000164,1970-10-17,3087,TRUE,2026-05-09T21:54:30.818336,2026-06-21T21:23:42.818336
165,customer165@example.com,hash_074428cf95ea4a189ab37713ada712a8,FirstName165,LastName165,+1555000165,1956-10-29,3875,TRUE,2024-11-22T21:29:59.818336,2025-12-07T04:24:49.818336
166,customer166@example.com,hash_ed41bf450f4049e182a960ef3e84d2f9,FirstName166,LastName166,+1555000166,1974-03-17,2847,TRUE,2026-04-06T00:57:15.818336,2026-08-06T08:14:29.818336
167,customer167@example.com,hash_cbee13473aaa4e9d99ef76d9dc7729c9,FirstName167,LastName167,+1555000167,1972-11-26,3392,TRUE,2025-05-11T16:59:57.818336,2025-06-09T09:26:18.818336
168,customer168@example.com,hash_c1ee5adb6d784ef78fe22d1ee68f6a69,FirstName168,LastName168,+1555000168,1959-08-19,4667,TRUE,2026-03-09T05:02:39.818336,2026-03-24T08:19:50.818336
169,customer169@example.com,hash_23bc2dd17ba0464ca177aa9e73b4b731,FirstName169,LastName169,+1555000169,1985-11-27,831,TRUE,2024-10-02T06:07:03.818336,2025-03-14T02:41:35.818336
170,customer170@example.com,hash_196ae06fead44a67ab099a4c8226f347,FirstName170,LastName170,+1555000170,1982-12-17,2795,TRUE,2025-01-16T01:00:05.818336,2026-02-19T14:27:46.818336
171,customer171@example.com,hash_daec2ac61c4749fda63fb3247ede1889,FirstName171,LastName171,+1555000171,1964-10-29,984,TRUE,2024-12-08T07:45:56.818336,2026-08-03T22:11:35.818336
172,customer172@example.com,hash_959df928b55244c2bb3ee16d83821c3d,FirstName172,LastName172,+1555000172,1993-02-14,4154,TRUE,2026-03-31T14:17:40.818336,2026-05-25T20:58:12.818336
173,customer173@example.com,hash_0469656b078a4d1696dbc7adac81ab09,FirstName173,LastName173,+1555000173,1995-10-17,4633,TRUE,2025-02-14T15:39:29.818336,2025-02-15T02:15:00.818336
174,customer174@example.com,hash_bacef579636442269c7423a93c84123c,FirstName174,LastName174,+1555000174,2005-02-22,2603,TRUE,2026-01-20T10:03:02.818336,2026-05-23T13:16:43.818336
175,customer175@example.com,hash_aaa250e9651f4ed08c3fe9ebf1feb7c0,FirstName175,LastName175,+1555000175,1993-04-01,3345,TRUE,2026-07-28T16:41:32.818336,2026-07-30T18:10:35.818336
176,customer176@example.com,hash_098cf0d48316436b9ba3bf2872f290e0,FirstName176,LastName176,+1555000176,1982-10-31,3541,TRUE,2026-03-14T15:01:17.818336,2026-07-07T15:40:21.818336
177,customer177@example.com,hash_f870c1bc85d8402290a384712ca03efc,FirstName177,LastName177,+1555000177,1964-10-05,2443,TRUE,2025-10-19T14:27:15.818336,2026-06-02T21:53:30.818336
178,customer178@example.com,hash_cf3e61895f0a47b8b9bbdd63d5cf71c7,FirstName178,LastName178,+1555000178,1985-03-30,3727,TRUE,2025-10-13T17:40:14.818336,2026-08-05T14:31:51.818336
179,customer179@example.com,hash_62b7fafcaf314f7aa1efbcadc752f0f2,FirstName179,LastName179,+1555000179,1977-08-07,545,TRUE,2026-04-06T20:27:45.818336,2026-04-10T09:41:40.818336
180,customer180@example.com,hash_e07e976801674b49aee85edddfba06a2,FirstName180,LastName180,+1555000180,1986-07-19,445,TRUE,2024-11-05T21:04:28.818336,2025-01-13T01:50:06.818336
181,customer181@example.com,hash_87a18bc714db40e9b3fc0e3ad87cf551,FirstName181,LastName181,+1555000181,1988-07-14,1353,TRUE,2025-02-16T00:34:39.818336,2025-12-10T20:32:40.818336
182,customer182@example.com,hash_6f1cee0b71d242da9c56d77bf3c665e3,FirstName182,LastName182,+1555000182,1999-03-19,3004,TRUE,2026-03-14T06:17:02.818336,2026-04-10T13:31:36.818336
183,customer183@example.com,hash_b3f808516adc41399e209eda2953d003,FirstName183,LastName183,+1555000183,1996-12-25,4703,TRUE,2026-01-29T19:25:40.818336,2026-04-19T16:58:25.818336
184,customer184@example.com,hash_f5ae928859a9410abb6490f5029e896b,FirstName184,LastName184,+1555000184,2007-05-27,4786,TRUE,2025-11-26T22:08:53.818336,2026-03-08T16:20:24.818336
185,customer185@example.com,hash_4d29dcef6ec9402c8d130da3fa4de8a9,FirstName185,LastName185,+1555000185,1971-04-02,4494,TRUE,2024-09-24T02:00:44.818336,2025-07-06T07:44:00.818336
186,customer186@example.com,hash_2b3a905f5cbb492dba2cd56072dcc20f,FirstName186,LastName186,+1555000186,1968-03-09,257,TRUE,2025-06-12T01:25:42.818336,2026-09-08T08:03:52.818336
187,customer187@example.com,hash_616ef95fc8844430821c3aecfa786c29,FirstName187,LastName187,+1555000187,1992-09-09,3204,TRUE,2025-08-11T11:41:26.818336,2026-01-21T21:15:40.818336
188,customer188@example.com,hash_c01546cc203c4d9189b605e96d673730,FirstName188,LastName188,+1555000188,2000-07-20,4428,TRUE,2026-04-12T00:46:45.818336,2026-07-12T12:51:47.818336
189,customer189@example.com,hash_dd4fb83a309547afbd8359ecba6af1a8,FirstName189,LastName189,+1555000189,1988-09-09,4142,TRUE,2026-07-02T07:01:28.818336,2026-08-15T17:20:51.818336
190,customer190@example.com,hash_ef6067265874428791a7c6f86d6bbc7e,FirstName190,LastName190,+1555000190,2004-03-29,4357,TRUE,2026-04-19T08:18:44.818336,2026-08-08T03:20:16.818336
191,customer191@example.com,hash_1618d53dda124ff986bd7918b8392186,FirstName191,LastName191,+1555000191,1996-02-05,2234,TRUE,2025-12-11T21:51:59.818336,2026-03-15T23:30:55.818336
192,customer192@example.com,hash_2dac0569b3214998bce61d24686d0c98,FirstName192,LastName192,+1555000192,1959-07-16,193,TRUE,2025-06-24T06:23:38.818336,2025-11-12T08:11:55.818336
193,customer193@example.com,hash_53f4c10c48644dc692214a9daeff33ac,FirstName193,LastName193,+1555000193,1992-12-27,726,TRUE,2026-07-09T10:11:48.818336,2026-08-18T08:56:30.818336
194,customer194@example.com,hash_dd5fa3ca59f34f79884ec2b24980b79b,FirstName194,LastName194,+1555000194,1972-12-14,2601,TRUE,2024-10-23T10:32:31.818336,2026-01-24T17:14:51.818336
195,customer195@example.com,hash_1257ba42399145e2b5b566655d916adc,FirstName195,LastName195,+1555000195,1988-10-30,922,TRUE,2025-03-28T06:19:39.818336,2026-08-15T10:41:33.818336
196,customer196@example.com,hash_5e48b0e1bd93433ca310930ac3845092,FirstName196,LastName196,+1555000196,2006-08-25,563,TRUE,2025-08-24T16:04:26.818336,2026-05-31T03:43:26.818336
197,customer197@example.com,hash_a426d7e21f6f45759beb65a96dd52d04,FirstName197,LastName197,+1555000197,1971-12-24,3131,TRUE,2025-11-05T10:05:42.818336,2026-04-05T15:17:49.818336
198,customer198@example.com,hash_29e248d43f67473186f3c60482f8a30d,FirstName198,LastName198,+1555000198,1989-05-30,636,TRUE,2024-11-22T00:09:27.818336,2025-11-24T10:52:51.818336
199,customer199@example.com,hash_6cf425e2d88f459d920b8b4f1695b74f,FirstName199,LastName199,+1555000199,1964-12-10,559,TRUE,2025-10-31T21:53:40.818336,2026-09-11T11:57:57.818336
200,customer200@example.com,hash_6fcffa41eaf648f4b832965862a6f91d,FirstName200,LastName200,+1555000200,1959-04-11,2229,TRUE,2025-06-29T17:21:00.818336,2025-10-03T14:00:22.818336
