order_id,customer_id,shipping_address_id,coupon_id,status,subtotal,discount_amount,shipping_cost,tax_amount,total_amount,shipping_method,tracking_number,placed_at,delivered_at
1,46,1,,CANCELLED,296.97,17.69,6.94,58.24,344.46,Express,,2025-02-02T02:53:36.818336,
2,100,241,,REFUNDED,176.67,42.02,6.48,58.69,199.82,Next Day,,2025-04-29T15:12:41.818336,
3,32,209,,DELIVERED,325.54,32.01,17.08,95.69,406.3,Express,TRK1273B50D07,2025-12-07T02:57:46.818336,2025-12-18T15:04:02.818336
4,43,101,,PROCESSING,853.98,29.68,1.23,44.69,870.22,Standard,,2025-09-28T21:56:54.818336,
5,90,210,1,REFUNDED,338.26,48.77,24.11,28.43,342.03,Express,,2025-12-27T12:13:34.818336,
6,182,237,3,CANCELLED,782.59,19.23,6.81,36.22,806.39,Express,,2025-11-27T21:20:41.818336,
7,168,63,,PROCESSING,198.67,22.14,9.23,79.64,265.4,Standard,,2025-01-20T15:37:00.818336,
8,156,13,11,CANCELLED,680.4,46.07,6.55,70.68,711.56,Express,,2025-05-19T02:01:18.818336,
9,53,132,,REFUNDED,75.42,6.27,0.36,22.94,92.45,Next Day,,2025-08-03T18:50:46.818336,
10,173,49,,PROCESSING,420.51,38.2,10.06,70.98,463.35,Next Day,,2025-02-20T02:06:13.818336,
11,154,47,,SHIPPED,56.05,27.04,2.43,94.02,125.46,Next Day,TRK21537B0164,2026-01-07T22:52:32.818336,
12,70,174,,DELIVERED,547.08,6.84,4.8,12.22,557.26,Next Day,TRK020C2A1D04,2026-05-07T00:54:51.818336,2026-07-13T14:42:44.818336
13,55,224,,CANCELLED,51.41,22.37,10.03,15.13,54.2,Express,,2025-07-22T18:17:50.818336,
14,119,17,9,CANCELLED,974.12,19.5,24.85,12.42,991.89,Standard,,2025-07-03T01:33:54.818336,
15,174,3,11,REFUNDED,379.16,30.4,2.27,39.5,390.53,Next Day,,2024-10-11T00:47:57.818336,
16,11,72,,CONFIRMED,352.22,10.53,19.58,2.67,363.94,Next Day,,2025-05-26T18:23:39.818336,
17,26,149,,CANCELLED,481.23,39.55,22.49,90.53,554.7,Express,,2025-11-03T13:15:39.818336,
18,6,100,,PENDING,215.69,8.23,11.3,25.87,244.63,Standard,,2025-02-20T22:54:32.818336,
19,164,115,3,REFUNDED,697.8,28.03,5.16,93.87,768.8,Express,,2025-09-25T14:15:09.818336,
20,89,38,,CANCELLED,763.36,45.26,24.01,98.18,840.29,Next Day,,2026-04-13T22:46:53.818336,
21,103,4,6,DELIVERED,190.62,20.39,19.72,39.2,229.15,Standard,TRKADC485B74B,2024-09-27T08:42:48.818336,2024-12-17T11:28:05.818336
22,179,76,,DELIVERED,884.71,2.63,20.08,14.48,916.64,Next Day,TRKDAD6429BDB,2025-08-23T17:22:21.818336,2026-07-08T19:56:45.818336
23,5,82,,SHIPPED,967.21,26.4,7.24,76.81,1024.86,Express,TRKE3657A49B3,2024-11-09T21:49:34.818336,
24,175,142,,PENDING,973.51,17.6,4.26,53.29,1013.46,Next Day,,2024-11-19T16:26:48.818336,
25,67,133,,SHIPPED,468.16,11.07,11.36,13.29,481.74,Next Day,TRKD8A772BA58,2025-08-13T21:54:06.818336,
26,73,39,18,PENDING,151.18,9.83,17.52,76.54,235.41,Standard,,2024-11-13T07:54:42.818336,
27,99,137,15,DELIVERED,77.43,39.16,13.45,96.27,147.99,Standard,TRKBD77F2C006,2024-11-06T13:52:40.818336,2026-01-23T19:24:52.818336
28,116,228,,CONFIRMED,320.38,11.66,7.8,17.97,334.49,Standard,,2026-09-04T03:01:17.818336,
29,3,169,,PENDING,47.11,47.51,18.09,91.25,108.94,Next Day,,2025-11-23T19:17:13.818336,
30,183,163,,CANCELLED,513.47,15.66,4.26,24.11,526.18,Standard,,2026-06-05T06:09:28.818336,
31,29,229,,CONFIRMED,946.28,21.16,11.53,98.81,1035.46,Standard,,2025-03-28T13:31:36.818336,
32,80,167,12,PROCESSING,459.47,27.7,16.3,84.47,532.54,Next Day,,2025-08-13T19:44:47.818336,
33,95,116,,PROCESSING,247.74,45.17,12.53,11.18,226.28,Express,,2026-05-26T11:58:08.818336,
34,79,30,,CONFIRMED,519.78,0.43,0.93,43.62,563.9,Next Day,,2026-04-08T10:29:30.818336,
35,186,64,20,SHIPPED,391.52,0.11,17.9,99.91,509.22,Standard,TRKFF16FD8DAF,2026-06-08T11:52:11.818336,
36,113,45,11,DELIVERED,541.26,13.81,11.43,83.64,622.52,Standard,TRK61ABC7E117,2025-06-13T19:16:44.818336,2026-07-31T20:47:47.818336
37,177,102,,SHIPPED,655.91,46.13,6.75,82.27,698.8,Next Day,TRKA212D2D53F,2025-10-08T20:32:08.818336,
38,194,90,,PROCESSING,310.8,41.43,21.41,41.29,332.07,Standard,,2025-01-11T16:39:12.818336,
39,84,73,,SHIPPED,442.16,11.3,6.32,91.61,528.79,Standard,TRK56593CDF8C,2026-02-07T23:56:23.818336,
40,177,153,,REFUNDED,243.11,30.59,18.19,97.58,328.29,Standard,,2025-09-25T05:00:35.818336,
41,177,186,6,PENDING,940.11,27.02,13.64,78.33,1005.06,Express,,2026-04-06T01:47:33.818336,
42,118,171,,PROCESSING,569.78,29.44,11.41,95.35,647.1,Express,,2025-06-20T11:30:21.818336,
43,171,230,13,REFUNDED,684.81,43.95,20.35,27.6,688.81,Standard,,2025-01-29T06:09:52.818336,
44,133,58,,SHIPPED,156.33,5.05,18.09,16.65,186.02,Express,TRK18EF753246,2025-09-23T08:10:34.818336,
45,144,111,,PROCESSING,480.26,21.33,12.11,23.86,494.9,Standard,,2025-03-07T14:59:36.818336,
46,196,205,,REFUNDED,615.75,24.23,23.06,25.96,640.54,Next Day,,2025-08-14T22:54:56.818336,
47,92,82,,REFUNDED,41.34,37.51,19.45,63.21,86.49,Next Day,,2026-04-07T08:17:41.818336,
48,72,119,,CONFIRMED,556.53,31.14,5.04,65.3,595.73,Standard,,2025-03-03T14:07:39.818336,
49,19,119,,DELIVERED,773.67,3.63,22.15,22.51,814.7,Next Day,TRKB39B49B175,2026-03-18T05:30:57.818336,2026-04-10T01:40:05.818336
50,61,62,,SHIPPED,705.89,7.5,12.76,3.48,714.63,Standard,TRKD7F4D012E0,2025-01-04T11:54:11.818336,
51,129,33,,CONFIRMED,120.35,34.1,17.46,59.25,162.96,Next Day,,2026-06-05T07:20:58.818336,
52,175,143,,CONFIRMED,959.37,30.81,16.37,35.03,979.96,Next Day,,2026-09-01T14:06:44.818336,
53,171,234,,PENDING,217.34,43.37,20.65,74.13,268.75,Next Day,,2025-01-22T21:43:27.818336,
54,126,45,,REFUNDED,858.71,33.27,10.25,75.91,911.6,Next Day,,2026-03-01T23:41:53.818336,
55,9,107,,DELIVERED,283.67,30.31,22.69,48.79,324.84,Next Day,TRK44D7A03B1C,2026-05-27T18:02:36.818336,2026-06-12T19:26:12.818336
56,92,167,12,REFUNDED,203.06,5.27,10.8,13.5,222.09,Express,,2024-09-21T04:54:47.818336,
57,113,25,,PENDING,711.87,16.98,13.83,59.86,768.58,Standard,,2025-09-15T09:26:06.818336,
58,93,16,,PROCESSING,781.97,34.41,2.2,75.6,825.36,Express,,2025-07-31T07:45:13.818336,
59,80,198,,PENDING,399.38,35.27,21.38,91.4,476.89,Next Day,,2026-01-04T11:49:32.818336,
60,72,201,,CONFIRMED,929.18,0.64,3.07,12.73,944.34,Express,,2025-01-06T08:32:13.818336,
61,164,99,,CANCELLED,980.23,1.99,17.04,38.0,1033.28,Next Day,,2024-11-26T23:47:18.818336,
62,39,183,,CANCELLED,834.6,6.86,6.38,6.5,840.62,Express,,2026-09-05T06:24:41.818336,
63,67,13,,CONFIRMED,99.77,37.3,15.61,11.37,89.45,Express,,2024-09-20T12:43:46.818336,
64,99,41,,PENDING,578.42,43.27,23.07,52.56,610.78,Standard,,2025-10-18T15:24:31.818336,
65,18,4,,DELIVERED,364.37,36.42,3.35,48.19,379.49,Standard,TRK591212EBEE,2025-04-24T15:14:10.818336,2025-06-11T23:25:24.818336
66,34,151,,CANCELLED,604.23,16.52,10.26,87.45,685.42,Standard,,2025-03-17T07:29:44.818336,
67,105,217,8,PENDING,662.38,27.6,19.52,77.17,731.47,Express,,2025-07-12T14:07:10.818336,
68,172,215,10,SHIPPED,716.6,3.43,0.18,90.99,804.34,Standard,TRK2F1EBCBD38,2024-10-27T02:08:30.818336,
69,162,156,20,PENDING,359.54,39.33,24.24,12.08,356.53,Next Day,,2025-03-09T03:11:59.818336,
70,105,62,,CONFIRMED,108.31,36.02,1.23,9.93,83.45,Standard,,2026-04-08T08:20:55.818336,
71,185,136,,PROCESSING,724.78,45.76,23.96,31.15,734.13,Next Day,,2025-05-08T11:19:31.818336,
72,158,223,,SHIPPED,131.13,44.43,15.32,90.94,192.96,Standard,TRKFCBC6957AB,2026-06-26T17:05:38.818336,
73,114,211,,REFUNDED,939.89,3.5,18.09,13.96,968.44,Standard,,2025-05-12T19:07:26.818336,
74,103,20,,CONFIRMED,877.15,11.33,3.74,16.28,885.84,Express,,2025-08-11T08:45:42.818336,
75,194,116,,SHIPPED,663.43,38.2,22.64,39.65,687.52,Next Day,TRK31966C4862,2025-12-13T20:06:16.818336,
76,89,31,6,PROCESSING,557.97,0.03,9.43,18.32,585.69,Express,,2025-05-04T05:51:53.818336,
77,184,58,,PENDING,655.85,13.88,15.52,51.15,708.64,Next Day,,2025-06-27T02:10:45.818336,
78,143,216,,DELIVERED,550.48,12.95,7.43,39.86,584.82,Next Day,TRKFBF0A06394,2026-06-05T21:05:50.818336,2026-06-21T01:00:29.818336
79,169,211,4,CONFIRMED,857.01,29.92,6.75,83.58,917.42,Express,,2025-06-15T12:35:10.818336,
80,10,31,,REFUNDED,718.82,1.23,5.21,58.16,780.96,Standard,,2025-08-07T20:51:11.818336,
81,113,161,,PENDING,202.45,43.72,19.13,58.67,236.53,Standard,,2025-10-17T21:11:24.818336,
82,83,213,,REFUNDED,445.66,1.15,10.54,76.94,531.99,Next Day,,2025-09-17T09:25:50.818336,
83,178,188,,PENDING,909.22,41.54,1.39,23.54,892.61,Next Day,,2025-08-16T08:03:24.818336,
84,157,144,,PENDING,219.93,9.46,8.86,75.03,294.36,Express,,2024-11-07T13:42:54.818336,
85,55,187,,DELIVERED,30.19,15.09,21.86,89.03,125.99,Next Day,TRK0C9F2F3521,2025-05-05T12:16:39.818336,2025-09-16T23:38:13.818336
86,72,149,,SHIPPED,437.61,24.07,7.38,9.69,430.61,Next Day,TRK637AC81B1D,2025-07-25T02:26:45.818336,
87,129,244,1,DELIVERED,64.27,46.82,12.99,94.94,125.38,Express,TRKD1CA8E32C6,2025-05-23T22:57:55.818336,2025-06-10T00:50:25.818336
88,186,250,,PROCESSING,736.4,47.54,8.05,72.39,769.3,Next Day,,2025-08-31T03:44:57.818336,
89,156,49,,PROCESSING,329.54,16.78,19.76,32.86,365.38,Express,,2025-01-21T06:50:07.818336,
90,103,101,,PROCESSING,159.99,45.56,23.42,93.59,231.44,Next Day,,2025-06-20T01:58:12.818336,
91,197,161,,PENDING,458.63,41.33,13.69,64.48,495.47,Standard,,2024-12-04T07:44:32.818336,
92,72,65,17,DELIVERED,296.49,32.77,0.75,32.98,297.45,Next Day,TRK8E6A577C46,2026-01-10T21:50:56.818336,2026-07-01T02:10:01.818336
93,73,144,20,CANCELLED,297.4,35.54,11.24,58.66,331.76,Express,,2026-01-13T18:16:46.818336,
94,78,121,,REFUNDED,257.84,5.79,5.82,85.15,343.02,Standard,,2024-10-12T06:11:41.818336,
95,110,242,,CANCELLED,526.16,37.49,19.69,95.14,603.5,Express,,2025-10-01T22:02:09.818336,
96,131,9,,CANCELLED,370.37,41.01,16.5,73.34,419.2,Express,,2026-07-08T15:18:01.818336,
97,14,59,,PROCESSING,792.9,3.82,11.49,60.92,861.49,Next Day,,2025-01-23T04:56:04.818336,
98,186,250,6,PENDING,393.34,43.31,16.54,52.51,419.08,Next Day,,2025-05-29T09:27:56.818336,
99,112,57,9,SHIPPED,126.97,14.11,0.61,82.98,196.45,Next Day,TRKBB0B3C4522,2026-08-04T10:31:30.818336,
100,53,52,,CANCELLED,97.3,41.96,15.79,72.0,143.13,Standard,,2025-05-25T03:01:23.818336,
101,189,43,15,PENDING,456.3,13.26,14.11,60.58,517.73,Standard,,2026-03-07T12:59:24.818336,
102,76,122,,CANCELLED,307.34,45.29,21.02,87.18,370.25,Next Day,,2026-04-12T21:38:09.818336,
103,83,226,,SHIPPED,412.46,47.18,23.51,57.03,445.82,Express,TRKC90A8B0B84,2025-08-26T03:58:55.818336,
104,89,193,,REFUNDED,255.88,6.01,21.57,86.7,358.14,Standard,,2025-10-22T08:21:20.818336,
105,135,173,,SHIPPED,232.09,18.42,22.19,88.91,324.77,Next Day,TRK90BD1A9119,2025-01-01T22:53:00.818336,
106,147,136,,PROCESSING,967.6,13.96,16.78,96.12,1066.54,Next Day,,2026-07-06T05:30:00.818336,
107,34,19,,PROCESSING,960.68,30.22,19.17,2.94,952.57,Next Day,,2026-08-11T08:04:07.818336,
108,178,101,4,REFUNDED,839.53,35.34,13.14,97.36,914.69,Next Day,,2026-04-24T21:51:06.818336,
109,187,179,,PROCESSING,463.05,34.66,1.46,62.19,492.04,Express,,2025-03-18T23:47:20.818336,
110,42,42,,DELIVERED,970.27,2.28,16.79,65.97,1050.75,Express,TRK88A4A13FD7,2026-06-01T03:20:07.818336,2026-07-19T18:58:32.818336
111,187,206,,CANCELLED,583.95,19.09,22.14,52.23,639.23,Next Day,,2025-09-30T18:30:58.818336,
112,124,81,,PENDING,53.61,41.28,5.29,27.85,45.47,Standard,,2025-08-01T22:25:37.818336,
113,137,165,,PENDING,316.01,7.05,1.97,85.96,396.89,Next Day,,2025-09-29T18:44:18.818336,
114,122,39,,DELIVERED,516.92,15.88,16.53,29.5,547.07,Standard,TRK7A5905C448,2026-05-15T21:27:14.818336,2026-05-25T20:19:39.818336
115,84,192,,CONFIRMED,162.42,14.31,8.01,78.62,234.74,Standard,,2025-01-20T08:41:05.818336,
116,131,29,10,DELIVERED,946.64,9.9,14.82,78.46,1030.02,Next Day,TRK0476AD32E9,2025-04-17T14:38:06.818336,2026-01-15T18:21:31.818336
117,103,168,19,SHIPPED,342.45,45.75,19.92,98.9,415.52,Standard,TRK8901957671,2025-10-20T05:07:09.818336,
118,72,10,,PENDING,304.21,17.4,17.38,42.89,347.08,Standard,,2025-05-14T01:32:33.818336,
119,36,150,13,REFUNDED,411.38,47.82,15.93,58.69,438.18,Express,,2026-06-18T00:36:08.818336,
120,173,106,,PENDING,461.59,17.5,1.43,56.65,502.17,Express,,2025-06-15T18:46:04.818336,
121,54,13,,CANCELLED,557.82,31.21,8.06,94.69,629.36,Standard,,2025-12-14T04:37:19.818336,
122,97,127,,CANCELLED,997.16,8.72,5.44,38.78,1032.66,Express,,2026-03-05T04:36:51.818336,
123,24,102,,CONFIRMED,598.84,9.94,9.58,26.74,625.22,Standard,,2025-10-07T09:32:04.818336,
124,77,118,,DELIVERED,816.5,29.43,18.64,49.15,854.86,Express,TRKFBF103E6E7,2024-10-20T06:06:46.818336,2025-09-10T14:03:00.818336
125,161,61,,SHIPPED,764.18,0.02,17.72,21.25,803.13,Standard,TRKF6D8C768AA,2026-01-31T00:25:52.818336,
126,65,141,,PROCESSING,898.88,5.75,7.86,40.23,941.22,Standard,,2026-09-15T00:50:11.818336,
127,85,109,,DELIVERED,233.36,38.6,5.81,95.79,296.36,Express,TRKB32CB2955C,2026-01-04T03:26:18.818336,2026-08-20T21:25:55.818336
128,18,22,1,REFUNDED,680.33,20.13,16.34,31.21,707.75,Next Day,,2025-12-24T14:36:33.818336,
129,121,206,1,CONFIRMED,514.52,39.07,19.94,91.86,587.25,Express,,2025-07-29T17:25:48.818336,
130,16,83,8,CANCELLED,965.78,6.68,24.9,17.62,1001.62,Standard,,2026-01-07T21:38:50.818336,
131,136,244,,SHIPPED,718.42,20.21,22.3,21.52,742.03,Express,TRK3C0DEC1E7A,2026-06-08T18:03:30.818336,
132,114,125,,REFUNDED,312.37,23.47,4.7,13.99,307.59,Standard,,2024-10-17T01:21:20.818336,
133,53,93,,CONFIRMED,801.33,44.58,5.4,85.44,847.59,Express,,2024-12-27T19:52:59.818336,
134,14,42,15,PROCESSING,817.49,21.12,10.77,81.07,888.21,Standard,,2026-02-21T08:57:34.818336,
135,6,88,,REFUNDED,872.02,22.0,18.02,80.5,948.54,Standard,,2025-11-08T02:34:04.818336,
136,116,221,,REFUNDED,35.09,23.83,13.92,54.27,79.45,Standard,,2025-06-15T03:30:33.818336,
137,148,191,,CANCELLED,418.73,4.46,16.77,50.02,481.06,Next Day,,2025-05-13T18:11:16.818336,
138,13,201,,PROCESSING,756.54,28.29,19.36,16.48,764.09,Express,,2026-02-23T06:20:53.818336,
139,188,73,,SHIPPED,548.28,20.75,3.01,57.16,587.7,Standard,TRKA24F6143F8,2026-02-17T15:14:15.818336,
140,109,79,,PENDING,655.42,8.71,20.64,50.44,717.79,Standard,,2024-11-03T02:16:00.818336,
141,100,114,,DELIVERED,484.6,34.48,6.81,88.4,545.33,Standard,TRK17D7F6ED9D,2026-08-01T18:33:17.818336,2026-09-11T05:17:44.818336
142,180,90,,PENDING,34.46,19.71,9.46,66.98,91.19,Next Day,,2025-04-01T10:56:20.818336,
143,62,166,,CONFIRMED,449.84,2.53,2.98,83.52,533.81,Express,,2025-09-18T16:04:52.818336,
144,114,100,,DELIVERED,783.73,41.76,24.15,39.29,805.41,Standard,TRK99C06F0346,2024-12-05T19:19:23.818336,2025-06-12T22:31:26.818336
145,53,168,,REFUNDED,134.66,5.93,0.21,18.83,147.77,Next Day,,2026-09-15T18:48:54.818336,
146,28,83,,DELIVERED,404.21,32.75,17.52,5.34,394.32,Express,TRK86379A16FD,2026-07-23T07:47:59.818336,2026-07-28T12:13:41.818336
147,33,161,,DELIVERED,176.88,10.64,20.05,84.55,270.84,Standard,TRK6756911504,2026-05-30T23:33:57.818336,2026-08-09T09:38:31.818336
148,164,115,,PROCESSING,827.13,35.61,9.88,71.51,872.91,Express,,2026-05-13T11:00:55.818336,
149,135,4,,SHIPPED,226.84,22.8,13.22,59.22,276.48,Standard,TRKC47DFF71B2,2025-04-15T14:02:35.818336,
150,25,228,,SHIPPED,869.02,34.98,4.31,4.23,842.58,Next Day,TRK35E221579E,2025-03-22T22:51:18.818336,
151,145,24,18,SHIPPED,746.88,20.04,9.65,26.33,762.82,Express,TRK163F2B1B4E,2025-06-30T22:04:37.818336,
152,139,92,,SHIPPED,283.67,20.95,5.51,63.01,331.24,Express,TRK0F60061385,2026-05-23T23:52:22.818336,
153,187,127,,PROCESSING,528.58,9.87,7.2,70.36,596.27,Standard,,2025-03-13T19:16:11.818336,
154,60,48,,DELIVERED,229.94,33.52,13.66,15.29,225.37,Standard,TRK874428EB43,2026-06-18T22:08:55.818336,2026-09-11T20:04:01.818336
155,143,52,,PENDING,445.87,42.66,21.63,65.88,490.72,Standard,,2026-04-02T22:26:39.818336,
156,181,240,,PROCESSING,364.79,17.44,12.3,58.09,417.74,Standard,,2026-03-01T07:27:24.818336,
157,8,105,,PENDING,714.48,40.72,24.52,89.14,787.42,Express,,2026-02-03T19:46:10.818336,
158,21,119,,CANCELLED,602.61,11.96,3.5,51.63,645.78,Next Day,,2025-07-02T14:04:21.818336,
159,163,22,,DELIVERED,967.65,12.09,14.4,59.33,1029.29,Standard,TRK376B44339E,2026-01-23T11:36:26.818336,2026-05-22T00:49:54.818336
160,15,115,17,SHIPPED,455.49,25.89,0.28,93.81,523.69,Next Day,TRKE2657C4CF1,2024-11-08T06:14:23.818336,
161,196,20,4,PROCESSING,351.06,2.87,23.97,17.17,389.33,Standard,,2026-04-01T00:03:49.818336,
162,37,111,17,PENDING,406.15,1.43,14.12,57.82,476.66,Standard,,2026-07-16T15:47:20.818336,
163,179,102,,SHIPPED,951.71,43.26,17.56,67.29,993.3,Next Day,TRKA92C3877BF,2025-11-14T09:54:43.818336,
164,18,184,,CONFIRMED,435.1,46.66,4.71,8.86,402.01,Express,,2025-09-24T19:13:52.818336,
165,131,117,9,DELIVERED,73.17,3.24,14.67,21.18,105.78,Next Day,TRK6CBC7CC568,2025-10-25T12:16:06.818336,2026-03-20T19:59:56.818336
166,142,88,,PROCESSING,796.39,16.38,18.29,95.02,893.32,Standard,,2026-08-14T08:02:17.818336,
167,83,47,20,REFUNDED,957.85,40.78,17.84,15.24,950.15,Next Day,,2025-05-29T22:26:36.818336,
168,118,216,,SHIPPED,294.42,49.91,9.83,74.02,328.36,Next Day,TRKE5FC1060EC,2025-07-28T08:09:38.818336,
169,53,18,,DELIVERED,181.35,41.38,1.13,41.34,182.44,Standard,TRKC96535ECFA,2025-12-14T03:02:48.818336,2026-09-11T17:30:18.818336
170,48,134,,PROCESSING,249.39,41.6,17.77,64.55,290.11,Standard,,2025-01-20T00:30:15.818336,
171,22,121,,SHIPPED,533.49,48.35,6.93,45.8,537.87,Next Day,TRK84761EEFB3,2025-10-28T05:46:34.818336,
172,11,226,,CANCELLED,260.46,46.51,10.52,55.06,279.53,Express,,2025-10-07T14:27:23.818336,
173,5,151,6,PENDING,308.99,15.2,17.65,44.26,355.7,Express,,2025-06-24T15:54:27.818336,
174,88,113,,PROCESSING,809.32,27.61,7.21,99.37,888.29,Express,,2026-04-10T12:37:30.818336,
175,151,7,,DELIVERED,433.85,11.61,8.91,77.54,508.69,Next Day,TRKE8040F0838,2026-06-04T01:32:56.818336,2026-06-13T07:50:39.818336
176,179,152,,DELIVERED,531.69,48.21,11.17,21.62,516.27,Express,TRKF1A98A1158,2025-11-24T21:11:38.818336,2026-08-15T04:10:14.818336
177,162,25,,PENDING,927.7,24.08,0.49,39.57,943.68,Standard,,2025-09-24T10:40:41.818336,
178,143,57,,CONFIRMED,604.81,24.31,8.58,15.07,604.15,Standard,,2024-12-03T12:57:10.818336,
179,25,92,,SHIPPED,359.15,26.33,11.71,92.41,436.94,Standard,TRK1FE9B0E632,2026-08-11T20:17:05.818336,
180,157,228,,REFUNDED,424.43,2.22,24.95,64.56,511.72,Next Day,,2026-05-03T20:09:21.818336,
181,86,135,18,SHIPPED,508.01,26.59,23.65,82.0,587.07,Express,TRK773478891E,2025-03-27T13:10:51.818336,
182,16,165,,PROCESSING,229.82,46.59,20.47,10.59,214.29,Standard,,2026-01-20T18:55:33.818336,
183,115,120,,REFUNDED,415.25,39.68,22.89,68.8,467.26,Standard,,2024-12-11T14:12:46.818336,
184,24,132,,PENDING,778.48,45.19,0.02,66.05,799.36,Standard,,2026-04-28T13:26:44.818336,
185,67,42,,PROCESSING,974.74,31.6,4.24,2.66,950.04,Standard,,2025-03-18T05:24:28.818336,
186,100,56,2,CANCELLED,101.68,41.75,12.85,3.93,76.71,Express,,2025-08-25T13:57:54.818336,
187,15,208,,PROCESSING,473.83,29.34,9.01,79.52,533.02,Express,,2025-04-23T19:53:02.818336,
188,18,81,,CONFIRMED,288.55,21.31,23.25,73.22,363.71,Express,,2025-08-12T22:48:43.818336,
189,61,64,,SHIPPED,603.61,14.4,4.31,95.31,688.83,Express,TRKEA30776A05,2025-01-25T12:38:54.818336,
190,111,77,,CANCELLED,560.79,41.47,16.73,70.75,606.8,Standard,,2025-07-14T13:23:12.818336,
191,134,7,,PENDING,766.12,44.81,19.51,45.03,785.85,Next Day,,2026-03-07T14:00:45.818336,
192,122,126,3,REFUNDED,765.61,17.51,5.55,62.94,816.59,Express,,2026-02-06T12:32:15.818336,
193,112,136,,SHIPPED,473.14,11.42,4.28,15.9,481.9,Standard,TRK63E5D2A6EC,2025-12-27T04:51:49.818336,
194,59,238,,CONFIRMED,783.39,23.11,16.59,60.08,836.95,Express,,2024-12-30T16:17:13.818336,
195,61,166,,CONFIRMED,908.37,11.88,21.51,64.13,982.13,Standard,,2025-06-05T18:03:52.818336,
196,190,154,,CONFIRMED,724.02,44.37,22.64,87.19,789.48,Standard,,2026-01-21T07:57:45.818336,
197,79,27,,PENDING,978.54,44.62,19.36,77.23,1030.51,Express,,2026-08-14T19:17:31.818336,
198,158,198,,PROCESSING,998.3,7.48,10.13,40.9,1041.85,Standard,,2025-02-22T11:57:27.818336,
199,17,81,,DELIVERED,233.96,39.1,13.94,5.54,214.34,Express,TRK3BA411AAD0,2026-05-17T05:22:23.818336,2026-08-02T17:43:03.818336
200,141,89,,PENDING,487.1,23.87,22.58,6.01,491.82,Express,,2024-10-19T07:57:08.818336,
201,14,97,,PROCESSING,859.67,16.85,18.79,76.82,938.43,Next Day,,2026-07-02T15:30:08.818336,
202,183,134,,CONFIRMED,505.89,27.78,0.22,53.48,531.81,Standard,,2024-11-04T10:51:38.818336,
203,165,49,,PENDING,700.89,8.99,3.67,49.94,745.51,Next Day,,2025-11-03T19:47:44.818336,
204,71,235,10,CANCELLED,107.32,2.37,7.91,80.31,193.17,Next Day,,2024-11-14T01:47:02.818336,
205,64,235,,CANCELLED,989.87,11.67,14.41,88.75,1081.36,Standard,,2025-04-01T17:27:47.818336,
206,81,136,,CANCELLED,454.9,40.09,4.52,62.57,481.9,Standard,,2025-07-16T14:25:49.818336,
207,162,250,,DELIVERED,302.2,44.17,20.99,96.35,375.37,Standard,TRK5677B7BC4E,2025-05-22T08:40:53.818336,2025-10-02T09:59:57.818336
208,199,206,,DELIVERED,649.25,34.64,20.77,94.15,729.53,Next Day,TRKB55F42A594,2025-08-02T17:26:40.818336,2025-09-19T19:54:34.818336
209,190,66,,PENDING,571.55,35.13,24.57,16.8,577.79,Express,,2024-09-28T20:01:16.818336,
210,51,9,,REFUNDED,675.22,43.37,3.13,94.72,729.7,Express,,2024-10-03T11:15:03.818336,
211,149,79,9,CANCELLED,377.21,37.0,7.88,26.16,374.25,Next Day,,2026-09-15T03:44:54.818336,
212,59,113,,DELIVERED,817.02,7.25,6.87,85.97,902.61,Standard,TRKC026BDF03D,2026-07-15T13:02:14.818336,2026-07-31T00:28:20.818336
213,43,20,,SHIPPED,236.52,13.08,4.11,61.61,289.16,Standard,TRK2EA4E759C0,2025-05-04T04:12:12.818336,
214,127,36,6,PROCESSING,479.35,21.55,3.72,36.86,498.38,Standard,,2026-01-12T09:11:54.818336,
215,14,126,,DELIVERED,46.32,48.44,22.21,22.98,43.07,Standard,TRKD8D8130394,2025-07-22T09:30:07.818336,2026-03-17T00:06:47.818336
216,160,221,20,CANCELLED,821.56,42.05,14.35,67.26,861.12,Standard,,2026-05-22T13:15:13.818336,
217,109,39,,SHIPPED,746.17,10.02,14.57,38.16,788.88,Standard,TRK7FE9B0C5B1,2025-07-03T20:02:38.818336,
218,163,27,,CONFIRMED,292.46,42.83,4.09,45.86,299.58,Express,,2025-06-25T04:43:31.818336,
219,143,46,,DELIVERED,310.01,20.34,15.69,3.17,308.53,Express,TRK358097DC82,2025-03-12T08:45:00.818336,2026-07-06T00:03:03.818336
220,138,214,,REFUNDED,581.55,12.68,18.18,29.87,616.92,Next Day,,2026-06-04T21:37:49.818336,
221,149,94,,DELIVERED,375.29,44.61,18.46,69.24,418.38,Standard,TRKBB6BA63657,2025-02-03T04:02:08.818336,2025-04-07T15:32:47.818336
222,186,231,,PROCESSING,286.44,42.17,16.61,15.64,276.52,Standard,,2025-01-09T05:07:51.818336,
223,31,239,,REFUNDED,362.49,15.73,6.23,79.79,432.78,Next Day,,2024-10-03T06:58:36.818336,
224,41,78,7,DELIVERED,26.37,35.65,23.07,22.77,36.56,Express,TRK68F7A011D9,2026-03-23T17:01:29.818336,2026-05-28T10:50:56.818336
225,92,72,,SHIPPED,199.26,18.12,11.3,47.07,239.51,Next Day,TRKF362C2A91E,2025-07-22T20:05:04.818336,
226,156,73,15,REFUNDED,858.93,28.45,22.72,79.76,932.96,Express,,2026-08-30T19:13:37.818336,
227,24,115,,REFUNDED,280.48,39.18,11.1,34.72,287.12,Standard,,2025-03-17T13:43:47.818336,
228,80,28,,PENDING,274.75,48.06,21.49,63.24,311.42,Next Day,,2024-11-05T19:55:39.818336,
229,64,95,,CANCELLED,723.12,7.81,20.76,27.06,763.13,Standard,,2025-05-08T07:09:26.818336,
230,84,106,,DELIVERED,751.94,11.04,15.05,81.77,837.72,Express,TRK3F58575BFE,2026-01-10T23:34:26.818336,2026-02-05T01:58:32.818336
231,174,182,,REFUNDED,892.39,3.48,11.29,43.79,943.99,Next Day,,2025-04-30T02:43:55.818336,
232,98,140,,CANCELLED,841.84,33.11,13.21,27.32,849.26,Express,,2025-08-05T04:56:04.818336,
233,178,162,,DELIVERED,919.26,24.96,10.11,96.89,1001.3,Express,TRKC002E7A894,2025-11-21T19:41:30.818336,2026-03-30T09:19:11.818336
234,140,56,,SHIPPED,834.04,14.8,21.74,56.17,897.15,Standard,TRK5B5800B509,2026-03-14T07:43:53.818336,
235,192,234,,SHIPPED,360.06,21.5,4.56,30.29,373.41,Standard,TRKC6DCBA1A8B,2025-07-13T23:15:12.818336,
236,127,205,,CONFIRMED,436.91,19.52,13.1,58.96,489.45,Standard,,2024-10-26T16:38:00.818336,
237,174,245,,REFUNDED,990.64,35.02,21.75,78.92,1056.29,Standard,,2026-06-23T02:02:13.818336,
238,63,185,,SHIPPED,831.68,16.96,11.27,61.53,887.52,Next Day,TRK35BC45A325,2025-03-26T11:08:42.818336,
239,135,55,,PROCESSING,308.73,21.65,5.31,86.6,378.99,Standard,,2024-09-15T22:56:09.818336,
240,54,126,1,REFUNDED,688.24,32.96,1.96,43.68,700.92,Next Day,,2026-05-15T06:09:44.818336,
241,34,157,,REFUNDED,798.49,14.59,6.92,30.89,821.71,Express,,2024-12-16T05:18:24.818336,
242,106,69,,PENDING,707.32,16.66,17.69,61.69,770.04,Next Day,,2025-03-25T08:35:51.818336,
243,7,93,,PROCESSING,559.09,17.61,0.97,97.4,639.85,Express,,2025-03-12T04:58:11.818336,
244,165,20,,CANCELLED,979.54,28.55,24.92,18.4,994.31,Standard,,2025-06-25T09:47:40.818336,
245,88,179,,DELIVERED,170.42,42.82,0.79,67.22,195.61,Express,TRKA48480F48C,2025-03-20T08:13:35.818336,2026-08-30T14:57:08.818336
246,77,135,,DELIVERED,844.63,16.07,13.14,10.41,852.11,Standard,TRKCB1D041914,2025-10-09T04:59:07.818336,2026-06-15T07:53:05.818336
247,126,150,,SHIPPED,403.46,6.13,18.18,38.15,453.66,Next Day,TRKFEE3D309D7,2026-04-04T19:54:38.818336,
248,101,195,,SHIPPED,750.43,5.15,0.67,73.95,819.9,Standard,TRK824B9C6887,2025-03-27T06:35:32.818336,
249,55,152,,REFUNDED,569.77,38.88,0.93,58.65,590.47,Standard,,2025-03-14T19:07:57.818336,
250,99,209,,REFUNDED,742.51,4.44,5.01,12.23,755.31,Express,,2025-12-14T20:49:46.818336,
251,111,98,,CANCELLED,333.28,11.28,13.88,45.54,381.42,Next Day,,2024-10-02T23:23:49.818336,
252,175,213,,CANCELLED,888.97,16.98,23.52,95.12,990.63,Express,,2026-05-29T22:02:00.818336,
253,32,145,10,DELIVERED,329.9,31.15,21.45,57.68,377.88,Standard,TRKB883FCE974,2025-02-11T14:19:24.818336,2025-05-10T20:40:04.818336
254,165,232,,SHIPPED,149.09,41.49,3.07,17.97,128.64,Next Day,TRK73E6E3F539,2026-03-16T22:27:20.818336,
255,124,37,,PENDING,844.94,30.4,7.5,55.17,877.21,Express,,2025-04-07T12:34:47.818336,
256,91,83,,PROCESSING,262.55,16.21,5.64,88.28,340.26,Standard,,2024-12-25T22:25:39.818336,
257,199,204,,PENDING,46.13,6.84,2.7,79.21,121.2,Next Day,,2024-10-19T23:39:27.818336,
258,76,170,,PROCESSING,197.28,34.23,17.72,34.83,215.6,Next Day,,2025-04-25T01:50:35.818336,
259,138,241,,DELIVERED,804.14,40.44,1.87,23.1,788.67,Next Day,TRK78CDBB8F2D,2026-06-01T17:52:46.818336,2026-07-26T01:34:07.818336
260,30,169,,DELIVERED,466.84,40.6,21.23,2.74,450.21,Express,TRK4BB3FEE4A1,2025-12-12T20:53:15.818336,2026-05-20T01:37:46.818336
261,10,187,,PROCESSING,995.4,22.16,16.87,55.72,1045.83,Next Day,,2025-07-20T03:42:48.818336,
262,200,40,,DELIVERED,606.86,43.31,14.41,99.46,677.42,Next Day,TRKA234B1D044,2025-05-03T01:24:04.818336,2026-09-08T21:30:22.818336
263,133,189,,CANCELLED,244.87,9.14,17.97,52.31,306.01,Next Day,,2024-10-22T10:36:50.818336,
264,5,54,,CONFIRMED,176.0,38.24,17.62,15.94,171.32,Express,,2024-11-21T23:00:37.818336,
265,151,48,,DELIVERED,611.78,24.25,6.4,82.65,676.58,Next Day,TRK6AF4576316,2026-09-15T03:11:50.818336,2026-09-15T09:26:46.818336
266,3,195,,REFUNDED,145.57,16.7,4.61,78.14,211.62,Express,,2026-07-03T23:39:38.818336,
267,35,153,4,CONFIRMED,948.92,20.42,24.43,57.75,1010.68,Express,,2026-02-09T12:41:23.818336,
268,8,66,15,CONFIRMED,430.71,24.52,9.61,50.97,466.77,Express,,2026-09-04T20:59:23.818336,
269,55,71,,DELIVERED,969.15,9.87,5.42,61.25,1025.95,Standard,TRK28B6D528B9,2025-08-15T05:01:29.818336,2026-06-20T20:54:17.818336
270,175,245,11,SHIPPED,173.31,25.02,19.57,87.83,255.69,Standard,TRK153F59A686,2025-11-18T23:20:33.818336,
271,68,28,16,CANCELLED,980.68,4.44,8.17,21.96,1006.37,Standard,,2026-03-19T10:36:31.818336,
272,132,99,,DELIVERED,671.55,29.57,6.15,74.21,722.34,Next Day,TRKCB7FB7DA00,2024-12-26T09:31:00.818336,2025-12-23T00:53:57.818336
273,78,204,,REFUNDED,528.47,2.95,0.11,17.75,543.38,Next Day,,2025-03-05T17:13:59.818336,
274,25,69,8,CANCELLED,666.6,45.18,2.4,49.78,673.6,Express,,2025-05-22T08:10:49.818336,
275,45,84,,PENDING,557.77,4.27,20.99,16.43,590.92,Express,,2026-08-06T19:48:37.818336,
276,154,189,,SHIPPED,140.29,44.95,11.84,61.36,168.54,Standard,TRKDEA82C876A,2024-11-17T16:33:39.818336,
277,195,236,,DELIVERED,644.57,1.66,4.29,63.25,710.45,Next Day,TRK25FD8D9623,2025-11-25T03:41:52.818336,2026-07-17T21:17:58.818336
278,164,146,,DELIVERED,664.76,27.51,4.26,38.49,680.0,Standard,TRK9F2F675845,2025-08-30T03:30:51.818336,2026-07-31T04:23:21.818336
279,75,169,,CANCELLED,549.78,46.06,19.22,67.98,590.92,Express,,2026-01-30T15:42:18.818336,
280,172,205,,CONFIRMED,419.14,40.01,9.26,8.21,396.6,Standard,,2025-11-10T21:16:12.818336,
281,42,245,,SHIPPED,489.6,44.94,9.8,22.64,477.1,Express,TRK5B0C18D546,2025-08-29T12:04:25.818336,
282,72,124,,REFUNDED,762.04,25.09,23.98,97.03,857.96,Standard,,2025-05-06T17:52:42.818336,
283,183,59,,DELIVERED,719.76,6.43,11.78,77.65,802.76,Standard,TRK9D04FB120B,2024-12-21T05:19:19.818336,2026-08-12T14:28:12.818336
284,153,89,,DELIVERED,783.85,25.8,21.01,79.94,859.0,Express,TRK109A286DF8,2025-10-26T22:17:56.818336,2026-07-24T22:24:35.818336
285,170,136,,CONFIRMED,251.87,30.62,20.59,56.96,298.8,Standard,,2024-12-23T02:36:46.818336,
286,63,249,,CANCELLED,309.56,2.43,13.34,48.81,369.28,Standard,,2026-05-05T21:35:36.818336,
287,15,2,,PENDING,994.86,17.16,8.18,76.33,1062.21,Next Day,,2024-10-21T20:31:21.818336,
288,83,186,1,REFUNDED,583.22,43.11,13.85,30.13,584.09,Express,,2025-08-04T01:17:19.818336,
289,47,179,,PROCESSING,771.99,11.81,13.56,14.01,787.75,Express,,2025-05-21T11:39:17.818336,
290,19,120,,DELIVERED,797.1,31.08,9.24,37.87,813.13,Standard,TRK0CB358D49A,2026-04-06T04:27:21.818336,2026-06-13T15:57:38.818336
291,23,207,,CANCELLED,409.21,39.05,14.31,31.4,415.87,Standard,,2025-07-04T05:16:44.818336,
292,147,78,,REFUNDED,89.09,12.31,0.6,22.32,99.7,Standard,,2025-09-04T20:15:10.818336,
293,163,160,,CANCELLED,296.32,25.62,7.21,25.3,303.21,Standard,,2025-04-27T17:04:35.818336,
294,66,190,,DELIVERED,508.21,20.25,1.78,7.6,497.34,Express,TRKD9884D37E3,2026-02-15T07:34:23.818336,2026-02-24T03:01:17.818336
295,109,9,,SHIPPED,384.03,39.55,7.0,74.97,426.45,Standard,TRKCA6C235A30,2025-08-14T08:52:22.818336,
296,186,3,,SHIPPED,373.33,31.56,17.8,50.73,410.3,Standard,TRK9E0E575C43,2024-12-07T23:59:01.818336,
297,136,224,,SHIPPED,833.85,0.53,22.12,75.92,931.36,Express,TRK537F878CC3,2024-10-21T07:47:19.818336,
298,190,168,,DELIVERED,825.83,17.65,20.14,21.61,849.93,Express,TRKB8AC713118,2025-08-23T21:15:54.818336,2026-03-30T13:52:48.818336
299,87,186,,PROCESSING,570.98,20.34,22.06,19.72,592.42,Next Day,,2026-04-07T16:38:02.818336,
300,198,241,,CANCELLED,484.77,24.99,21.38,81.78,562.94,Standard,,2026-03-26T07:29:45.818336,
