return_id,order_item_id,quantity,condition,restock
1,3,1,new,true
2,22,1,new,true
3,62,1,opened,true
4,74,1,new,true
5,119,1,new,true
6,132,1,opened,true
7,134,1,damaged,false
8,142,1,damaged,false
9,178,1,,true
10,187,3,,true
11,189,1,damaged,false
12,193,2,new,true
13,194,1,damaged,false
14,199,1,opened,true
15,210,1,opened,true
16,238,1,new,true
17,268,1,opened,true
18,280,1,new,true
19,306,1,,true
20,321,1,opened,true
20,322,1,new,true
21,338,1,new,true
22,340,1,opened,true
22,339,1,new,true
23,341,1,damaged,false
24,405,1,new,true
25,407,1,new,true
26,418,1,,true
27,424,2,opened,true
28,430,1,opened,true
29,433,1,new,true
30,439,1,damaged,false
31,454,1,new,true
31,455,1,new,true
32,462,1,opened,true
33,463,1,opened,true
34,464,1,new,true
35,489,1,new,true
36,512,1,new,true
37,513,1,,true
38,519,1,new,true
39,538,1,,true
40,541,1,new,true
41,553,1,new,true
42,577,1,new,true
43,582,1,new,true
44,593,1,new,true
45,595,2,damaged,false
46,596,1,new,true
47,598,1,opened,true
48,615,1,new,true
49,625,1,new,true
50,676,1,opened,true
51,680,1,new,true
52,682,1,new,true
53,694,1,new,true
53,693,1,opened,true
54,701,1,new,true
55,709,1,new,true
56,712,1,opened,true
57,724,1,new,true
58,778,1,new,true
59,831,1,,true
60,842,1,damaged,false
61,878,1,new,true
62,879,1,damaged,false
63,921,3,opened,true
64,923,1,new,true
65,936,2,new,true
66,952,1,opened,true
67,957,1,opened,true
68,968,1,new,true
68,969,1,opened,true
69,970,1,,true
70,976,1,new,true
71,998,1,new,true
72,1050,1,new,true
73,1058,1,,true
74,1069,1,opened,true
75,1085,1,opened,true
76,1094,2,,true
77,1114,1,,false
78,1129,1,new,true
79,1191,1,new,true
80,1194,1,new,true
81,1213,1,new,true
82,1230,1,,true
83,1236,1,new,true
84,1244,1,opened,true
84,1245,1,opened,true
84,1243,1,new,true
85,1265,1,new,true
86,1269,2,new,true
87,1274,1,new,true
88,1285,1,opened,true
89,1287,1,new,true
90,1308,2,new,true
90,1309,2,new,true
91,1313,1,,true
92,1347,1,opened,true
93,1353,1,new,true
94,1368,1,opened,true
95,1418,1,new,true
96,1421,1,,true
97,1424,1,,true
98,1442,1,opened,true
99,1443,1,opened,true
100,1448,1,new,true
101,1466,1,damaged,false
102,1490,1,,false
103,1497,1,damaged,false
104,1512,1,new,true
105,1531,1,opened,true
106,1539,1,new,true
107,1547,1,opened,true
108,1568,1,opened,true
109,1577,1,opened,true
110,1593,1,new,true
111,1635,1,opened,true
112,1640,1,opened,true
113,1641,1,new,true
114,1660,1,opened,true
115,1672,1,opened,true
116,1673,2,opened,true
117,1679,3,new,true
118,1714,1,new,true
119,1717,1,new,true
120,1742,1,new,true
121,1776,1,opened,true
122,1778,2,new,true
123,1795,2,new,true
123,1796,1,opened,true
124,1813,1,,true
125,1821,1,opened,true
126,1826,1,damaged,false
127,1855,1,new,true
128,1887,2,new,true
129,1898,1,new,true
130,1899,1,new,true
131,1951,1,new,true
132,1966,1,opened,true
133,1995,1,,true
134,1997,1,opened,true
135,2056,1,new,true
136,2058,1,new,true
137,2066,1,opened,true
138,2068,1,damaged,false
139,2076,1,new,true
140,2087,2,,true
141,2093,1,new,true
142,2169,1,new,true
143,2186,1,opened,true
144,2213,2,new,true
145,2215,1,opened,true
145,2216,1,new,true
146,2242,1,opened,true
147,2246,1,new,true
148,2260,1,new,true
149,2273,1,,true
150,2303,1,new,true
151,2305,1,new,true
152,2319,1,damaged,false
153,2359,2,new,true
154,2387,1,,true
155,2486,1,opened,true
156,2493,1,opened,true
157,2494,1,,true
158,2498,1,new,true
159,2513,1,new,true
160,2515,1,new,true
161,2538,1,new,true
162,2545,1,new,true
162,2546,2,new,true
163,2568,3,,true
164,2595,1,opened,true
165,2615,1,new,true
166,2621,1,new,true
167,2647,1,new,true
168,2671,1,damaged,false
169,2691,1,,true
170,2727,2,new,true
171,2733,2,new,true
172,2745,1,new,true
173,2752,1,,true
173,2751,1,,true
174,2781,1,opened,true
174,2782,1,opened,true
175,2795,1,opened,true
176,2804,1,opened,true
177,2829,1,new,true
178,2837,1,,true
179,2848,1,,true
180,2858,1,damaged,false
181,2882,1,opened,true
182,2907,1,,true
183,2916,1,new,true
184,2920,1,new,true
185,2996,1,new,true
186,3006,1,new,true
187,3017,1,new,true
188,3035,1,,true
189,3042,1,opened,true
190,3047,1,opened,true
191,3058,1,new,true
192,3061,1,new,true
193,3080,1,new,true
194,3093,1,new,true
195,3109,1,new,true
196,3113,1,new,true
197,3166,1,new,true
198,3189,1,opened,true
199,3199,1,new,true
200,3211,1,damaged,false
201,3220,1,new,true
202,3240,1,,true
203,3253,2,new,true
204,3254,2,damaged,false
205,3262,1,opened,true
205,3261,1,opened,true
206,3273,1,new,true
207,3274,1,new,true
208,3283,1,opened,true
209,3297,1,new,true
210,3308,1,new,true
211,3353,3,damaged,false
212,3376,1,new,true
213,3410,1,new,true
213,3409,1,new,true
214,3424,1,opened,true
215,3425,1,opened,true
216,3436,1,opened,true
217,3469,1,opened,true
218,3513,1,,true
219,3584,1,,true
220,3588,1,damaged,false
221,3600,1,opened,true
222,3603,1,new,true
223,3611,1,opened,true
224,3614,1,opened,true
225,3617,2,damaged,false
226,3624,1,,true
227,3634,1,new,true
228,3636,3,new,true
229,3645,1,new,true
230,3672,1,new,true
231,3675,1,opened,true
232,3686,1,opened,true
233,3695,1,new,true
234,3699,1,new,true
235,3727,1,opened,true
236,3730,1,opened,true
237,3748,1,opened,true
238,3757,1,new,true
239,3770,1,opened,true
240,3804,1,damaged,false
240,3803,1,damaged,false
241,3833,1,damaged,false
242,3850,1,new,true
243,3861,1,new,true
244,3922,1,opened,true
245,3927,1,opened,true
246,3948,1,,true
247,4025,1,opened,true
248,4039,1,new,true
249,4064,1,,true
250,4110,2,new,true
251,4113,2,opened,true
252,4125,1,new,true
253,4128,3,new,true
254,4135,2,,true
255,4152,1,new,true
256,4175,2,new,true
257,4182,1,new,true
258,4222,1,opened,true
258,4223,1,new,true
258,4224,1,new,true
258,4225,2,opened,true
259,4259,1,,true
260,4270,1,opened,true
261,4284,1,opened,true
262,4290,1,opened,true
263,4296,1,new,true
264,4329,1,new,true
265,4346,1,,true
265,4347,1,,true
266,4386,1,,true
267,4413,1,,true
268,4420,1,,true
269,4438,1,opened,true
270,4447,1,new,true
271,4449,1,opened,true
272,4452,1,opened,true
273,4475,1,opened,true
274,4493,1,new,true
275,4495,1,opened,true
276,4519,1,new,true
277,4526,2,new,true
278,4551,1,opened,true
279,4557,1,new,true
279,4558,1,new,true
279,4559,3,new,true
280,4565,1,new,true
281,4567,1,,true
281,4566,1,,true
282,4600,1,new,true
283,4602,1,new,true
283,4603,1,new,true
283,4604,1,new,true
284,4629,1,opened,true
285,4669,1,,true
286,4687,1,,true
287,4691,1,new,true
288,4696,1,new,true
288,4697,1,opened,true
289,4711,1,,true
290,4718,1,damaged,false
291,4738,1,new,true
292,4747,1,new,true
292,4746,1,new,true
293,4791,1,opened,true
294,4823,1,new,true
295,4857,1,damaged,false
296,4858,1,opened,true
297,4877,1,,true
298,4893,1,new,true
299,4916,1,opened,true
300,4962,1,new,true
301,4966,1,damaged,false
302,4974,1,new,true
303,4979,1,opened,true
304,5008,2,opened,true
305,5020,1,new,true
306,5034,1,new,true
307,5059,1,opened,true
308,5064,1,new,true
309,5090,1,,true
310,5113,2,new,true
311,5117,2,damaged,false
312,5119,2,new,true
313,5122,1,opened,true
314,5127,1,new,true
315,5130,1,opened,true
315,5131,2,opened,true
316,5134,2,opened,true
317,5136,1,damaged,false
317,5137,1,damaged,false
317,5138,3,damaged,false
318,5160,1,new,true
319,5176,1,new,true
320,5198,1,opened,true
321,5217,1,new,true
322,5222,1,opened,true
322,5223,1,new,true
323,5229,1,,true
324,5289,1,damaged,false
325,5290,1,opened,true
326,5291,1,opened,true
327,5296,1,opened,true
327,5295,1,opened,true
328,5304,1,new,true
328,5305,2,opened,true
329,5346,1,damaged,false
330,5351,1,opened,true
330,5352,1,new,true
331,5353,1,opened,true
332,5397,1,,true
333,5413,1,new,true
334,5417,1,,false
335,5451,1,new,true
336,5503,1,,true
337,5510,2,,true
338,5519,1,opened,true
339,5591,1,new,true
340,5649,1,new,true
341,5675,1,new,true
342,5682,1,damaged,false
343,5757,1,damaged,false
344,5780,3,new,true
345,5786,1,new,true
345,5787,1,new,true
346,5825,1,new,true
347,5827,1,,true
348,5843,2,opened,true
349,5849,1,opened,true
350,5852,1,opened,true
351,5864,1,opened,true
352,5865,2,new,true
353,5889,1,,true
353,5888,1,,true
354,5898,2,new,true
355,5938,3,new,true
356,5942,2,opened,true
357,5944,2,,true
358,5952,1,opened,true
359,5976,1,opened,true
360,5980,1,damaged,false
361,5991,3,new,true
362,6011,1,opened,true
363,6018,2,,true
364,6024,1,damaged,false
364,6025,1,damaged,false
365,6029,1,,true
366,6038,1,,true
367,6079,1,opened,true
367,6080,1,opened,true
367,6081,2,new,true
368,6101,2,new,true
369,6124,1,new,true
370,6132,2,new,true
371,6145,3,new,true
372,6146,1,new,true
373,6152,1,new,true
374,6158,1,damaged,false
375,6173,1,new,true
376,6193,1,new,true
376,6194,1,new,true
377,6213,1,new,true
378,6261,1,new,true
379,6278,1,new,true
380,6343,1,new,true
381,6351,1,new,true
381,6352,1,opened,true
382,6356,1,new,true
383,6368,1,,true
384,6412,1,new,true
385,6420,2,opened,true
386,6445,1,opened,true
387,6446,2,,true
387,6447,1,,true
388,6461,1,new,true
389,6463,1,new,true
390,6488,1,opened,true
391,6537,1,opened,true
392,6542,1,opened,true
393,6544,1,new,true
393,6545,1,new,true
393,6546,1,opened,true
394,6564,1,new,true
395,6577,1,,true
396,6604,2,opened,true
397,6613,1,new,true
398,6618,2,damaged,false
399,6622,1,,true
400,6624,1,opened,true
400,6625,1,new,true
400,6626,1,new,true
401,6635,1,,true
402,6659,1,new,true
403,6669,1,new,true
404,6680,1,new,true
405,6716,1,opened,true
406,6736,1,new,true
407,6745,2,new,true
408,6802,3,opened,true
408,6801,3,new,true
409,6814,1,opened,true
410,6846,1,opened,true
411,6855,1,,false
412,6874,1,new,true
413,6885,1,new,true
414,6911,2,opened,true
415,6925,1,new,true
416,6948,1,new,true
416,6947,2,new,true
417,6959,1,,true
418,6980,1,damaged,false
419,7002,1,opened,true
420,7013,1,opened,true
420,7014,1,new,true
421,7020,1,new,true
421,7021,1,new,true
422,7053,1,new,true
423,7056,1,opened,true
424,7057,1,opened,true
425,7100,1,new,true
426,7110,1,damaged,false
427,7125,1,new,true
428,7133,1,new,true
429,7144,2,new,true
430,7161,1,new,true
431,7176,2,opened,true
431,7177,1,new,true
432,7194,1,opened,true
433,7195,1,new,true
433,7196,1,new,true
434,7211,1,damaged,false
435,7228,1,,true
436,7267,1,opened,true
437,7289,1,opened,true
438,7294,1,opened,true
439,7330,1,opened,true
439,7332,1,opened,true
439,7331,1,new,true
440,7358,1,new,true
441,7371,3,opened,true
442,7380,3,opened,true
443,7405,1,new,true
444,7488,1,,false
445,7530,1,,false
446,7539,1,opened,true
447,7555,1,damaged,false
448,7573,1,new,true
449,7603,1,new,true
450,7609,1,opened,true
451,7620,1,new,true
452,7627,1,opened,true
452,7626,1,new,true
453,7642,1,new,true
454,7643,1,,true
455,7651,1,opened,true
456,7680,2,,true
457,7685,1,opened,true
457,7684,1,new,true
458,7728,1,new,true
459,7778,1,damaged,false
460,7793,1,new,true
461,7797,1,opened,true
461,7798,1,opened,true
462,7799,1,damaged,false
463,7804,1,new,true
463,7805,1,new,true
464,7809,1,opened,true
465,7831,1,new,true
466,7840,1,new,true
467,7851,1,,true
468,7853,1,opened,true
469,7867,1,opened,true
470,7881,1,opened,true
471,7894,1,new,true
472,7921,3,new,true
473,7951,1,opened,true
473,7953,1,new,true
473,7952,1,new,true
473,7954,1,opened,true
474,7958,1,damaged,false
475,7969,1,damaged,false
476,7982,3,damaged,false
477,8005,1,new,true
478,8011,1,new,true
479,8039,1,new,true
480,8069,1,,false
481,8108,1,,true
482,8110,1,new,true
483,8112,1,opened,true
484,8118,2,new,true
485,8119,1,new,true
486,8136,1,new,true
487,8152,1,damaged,false
488,8161,1,opened,true
489,8174,1,new,true
490,8181,1,opened,true
491,8195,1,new,true
492,8206,1,opened,true
493,8246,1,new,true
493,8247,1,opened,true
494,8264,1,damaged,false
495,8278,1,,true
496,8284,1,opened,true
497,8290,1,opened,true
498,8308,1,,true
499,8322,2,,true
500,8324,1,damaged,false
501,8425,1,new,true
502,8437,1,new,true
503,8454,1,new,true
504,8455,2,damaged,false
505,8462,1,damaged,false
506,8507,1,opened,true
506,8506,1,opened,true
507,8538,1,new,true
507,8537,2,opened,true
508,8546,1,opened,true
509,8549,1,new,true
510,8552,1,opened,true
510,8553,1,new,true
511,8559,1,,true
512,8578,2,new,true
513,8598,1,new,true
513,8599,1,opened,true
513,8600,1,opened,true
513,8601,1,new,true
514,8616,1,opened,true
515,8663,1,,true
516,8692,1,,true
517,8712,1,opened,true
518,8713,1,new,true
518,8714,1,opened,true
518,8715,1,opened,true
519,8720,1,new,true
520,8758,1,new,true
521,8828,1,opened,true
521,8829,1,opened,true
522,8830,1,opened,true
523,8916,1,opened,true
524,8979,1,opened,true
525,9001,1,,true
526,9010,3,opened,true
527,9028,1,opened,true
528,9029,1,opened,true
529,9038,1,opened,true
529,9039,1,new,true
530,9049,1,opened,true
531,9064,1,new,true
532,9066,1,new,true
533,9089,1,new,true
534,9090,3,,true
535,9102,1,opened,true
536,9119,1,opened,true
537,9133,1,new,true
538,9138,1,opened,true
539,9182,1,new,true
540,9200,2,new,true
541,9212,1,new,true
542,9215,2,new,true
543,9221,1,new,true
543,9222,1,new,true
544,9239,1,new,true
544,9240,1,opened,true
545,9261,1,new,true
546,9301,1,,true
547,9332,1,new,true
548,9365,1,new,true
549,9399,1,,false
550,9409,1,opened,true
551,9418,2,new,true
551,9419,1,new,true
552,9437,1,new,true
553,9441,1,opened,true
554,9452,1,,true
554,9451,1,,true
555,9453,1,new,true
556,9455,2,opened,true
557,9487,1,opened,true
558,9495,1,new,true
559,9496,1,opened,true
560,9507,1,new,true
560,9508,2,new,true
560,9509,1,new,true
561,9519,1,new,true
562,9539,1,new,true
563,9547,1,damaged,false
564,9579,1,damaged,false
565,9580,1,,true
566,9595,1,new,true
566,9596,1,new,true
566,9597,1,opened,true
567,9607,1,new,true
568,9627,2,new,true
569,9631,1,,false
570,9635,1,,true
571,9647,1,opened,true
572,9656,1,new,true
573,9710,1,new,true
574,9712,1,opened,true
575,9720,1,new,true
576,9725,1,,false
577,9732,1,new,true
578,9734,1,damaged,false
579,9745,2,damaged,false
580,9769,1,,true
581,9786,1,opened,true
581,9784,1,opened,true
582,9796,1,opened,true
583,9800,1,new,true
584,9815,1,new,true
585,9834,1,damaged,false
586,9842,1,opened,true
586,9841,1,new,true
587,9844,1,opened,true
588,9871,1,new,true
589,9920,1,opened,true
590,9929,1,opened,true
591,9957,1,new,true
591,9958,1,new,true
592,9962,1,,true
592,9961,1,,true
593,9964,1,new,true
594,9992,1,new,true
595,9994,1,,true
596,10001,2,opened,true
597,10011,3,damaged,false
598,10016,1,damaged,false
598,10015,2,damaged,false
599,10018,1,new,true
600,10026,1,damaged,false
601,10091,1,new,true
601,10092,1,opened,true
601,10093,1,new,true
602,10095,1,new,true
603,10097,1,opened,true
604,10101,1,new,true
605,10109,1,opened,true
606,10121,1,opened,true
607,10173,1,opened,true
607,10172,1,opened,true
608,10183,1,new,true
609,10184,1,opened,true
610,10188,1,opened,true
611,10253,1,damaged,false
612,10255,1,opened,true
612,10256,3,new,true
613,10262,1,,true
614,10264,1,,true
615,10286,2,damaged,false
616,10291,1,new,true
616,10292,2,new,true
617,10318,1,opened,true
618,10333,3,opened,true
619,10354,1,opened,true
620,10382,1,opened,true
621,10384,1,new,true
622,10408,1,new,true
623,10438,2,new,true
624,10440,1,opened,true
625,10528,1,,true
626,10540,1,,true
626,10541,1,,true
627,10581,1,new,true
628,10588,3,opened,true
629,10611,2,opened,true
629,10610,2,new,true
630,10612,1,,true
631,10631,2,opened,true
632,10666,1,new,true
633,10672,1,new,true
634,10679,1,new,true
635,10685,1,new,true
635,10686,2,opened,true
636,10714,1,,true
637,10730,1,new,true
637,10731,2,opened,true
638,10746,1,opened,true
639,10805,1,damaged,false
640,10823,1,new,true
640,10821,1,opened,true
641,10833,1,opened,true
642,10834,1,new,true
642,10835,1,new,true
643,10841,1,new,true
643,10842,1,new,true
644,10859,2,new,true
645,10908,1,new,true
646,10910,1,new,true
647,10914,1,damaged,false
647,10915,1,damaged,false
648,10943,1,opened,true
649,10947,1,opened,true
650,10954,1,new,true
651,10969,1,new,true
652,10978,1,,true
652,10977,1,,true
653,10990,1,new,true
653,10991,1,new,true
654,11021,1,new,true
654,11022,1,opened,true
655,11038,1,opened,true
656,11053,1,new,true
656,11054,1,new,true
657,11071,1,new,true
657,11070,1,new,true
658,11091,1,damaged,false
659,11105,3,opened,true
660,11113,3,damaged,false
661,11122,1,damaged,false
662,11226,1,new,true
663,11234,1,new,true
664,11278,1,opened,true
665,11306,2,opened,true
666,11317,1,new,true
667,11340,1,new,true
668,11382,1,,false
668,11383,1,,false
668,11384,1,,false
669,11395,1,opened,true
670,11404,1,damaged,false
671,11408,1,opened,true
672,11478,1,new,true
673,11486,1,,true
674,11493,2,new,true
675,11495,1,new,true
676,11518,3,opened,true
677,11519,1,new,true
678,11520,1,opened,true
679,11561,1,opened,true
680,11574,2,,true
681,11609,1,opened,true
682,11642,1,opened,true
683,11660,1,new,true
684,11680,1,opened,true
685,11698,1,damaged,false
685,11697,1,damaged,false
686,11701,1,new,true
687,11719,2,new,true
688,11749,1,damaged,false
689,11796,1,new,true
689,11797,1,opened,true
690,11843,3,new,true
690,11842,1,opened,true
691,11847,3,new,true
692,11871,1,damaged,false
693,11878,1,new,true
694,11895,2,opened,true
695,11932,1,new,true
696,11935,1,opened,true
696,11936,3,new,true
696,11937,2,opened,true
697,11983,1,opened,true
698,11996,1,opened,true
699,12003,1,new,true
700,12037,1,damaged,false
701,12043,2,damaged,false
702,12066,2,new,true
703,12070,1,damaged,false
704,12073,1,new,true
705,12075,1,new,true
706,12096,1,,false
707,12115,1,new,true
708,12122,1,new,true
709,12135,1,new,true
710,12154,1,new,true
710,12155,1,opened,true
711,12165,2,opened,true
712,12166,1,new,true
713,12199,2,opened,true
714,12208,2,opened,true
715,12221,1,opened,true
716,12229,2,new,true
717,12253,1,new,true
717,12254,2,new,true
718,12270,1,opened,true
719,12286,2,new,true
720,12359,1,opened,true
720,12360,1,new,true
721,12368,1,opened,true
721,12369,1,opened,true
722,12387,1,opened,true
722,12386,1,opened,true
723,12417,1,new,true
724,12430,1,new,true
725,12433,1,,true
725,12432,1,,true
726,12481,1,new,true
727,12491,1,opened,true
727,12492,2,new,true
728,12497,1,damaged,false
729,12502,1,new,true
730,12521,1,opened,true
731,12574,1,new,true
732,12581,1,opened,true
733,12583,1,opened,true
733,12584,1,opened,true
734,12589,1,new,true
734,12588,1,new,true
735,12611,2,new,true
736,12624,1,new,true
736,12625,1,new,true
737,12639,1,new,true
738,12646,1,opened,true
739,12655,1,,true
740,12668,1,opened,true
740,12669,1,new,true
741,12671,1,,true
741,12670,1,,true
742,12682,1,new,true
743,12704,1,new,true
743,12703,2,new,true
744,12727,1,,true
745,12741,1,new,true
745,12742,1,opened,true
746,12753,1,new,true
747,12771,1,opened,true
748,12776,1,damaged,false
748,12777,1,damaged,false
749,12780,1,opened,true
749,12781,1,new,true
750,12803,1,damaged,false
751,12807,1,opened,true
751,12808,2,new,true
752,12827,1,opened,true
752,12828,2,new,true
753,12845,1,new,true
754,12890,1,opened,true
755,12900,2,new,true
755,12901,1,new,true
755,12902,1,new,true
756,12933,1,damaged,false
757,12949,1,new,true
758,12968,1,,true
759,13010,1,,true
759,13009,1,,true
760,13035,1,opened,true
761,13036,1,opened,true
762,13040,1,opened,true
763,13049,1,opened,true
763,13050,1,new,true
764,13056,1,opened,true
764,13057,1,opened,true
765,13066,1,,true
766,13080,2,new,true
767,13132,1,new,true
768,13142,1,new,true
769,13144,1,,true
770,13151,1,new,true
771,13152,1,,true
772,13154,3,new,true
773,13163,1,new,true
773,13162,2,opened,true
774,13251,2,new,true
775,13259,1,new,true
776,13268,1,new,true
776,13267,2,new,true
777,13279,1,new,true
778,13309,1,opened,true
779,13353,1,new,true
780,13367,1,new,true
780,13368,2,opened,true
781,13395,1,opened,true
782,13401,1,,true
782,13402,1,,true
783,13417,1,new,true
784,13454,2,,false
785,13467,1,new,true
785,13468,2,opened,true
785,13470,1,opened,true
786,13514,1,,true
786,13516,2,,true
787,13519,3,opened,true
788,13521,1,new,true
789,13529,1,new,true
790,13530,1,opened,true
791,13539,1,opened,true
791,13540,1,new,true
792,13599,1,damaged,false
793,13632,1,new,true
794,13653,1,opened,true
794,13654,2,opened,true
795,13655,1,damaged,false
796,13677,1,new,true
797,13680,1,new,true
798,13690,1,new,true
799,13788,1,opened,true
799,13789,1,new,true
799,13790,1,new,true
800,13864,1,new,true
800,13865,1,new,true
801,13868,1,damaged,false
802,13875,1,damaged,false
803,13892,1,new,true
804,13970,2,new,true
805,13995,2,new,true
806,14022,1,new,true
806,14023,1,new,true
807,14126,3,new,true
808,14164,2,,true
809,14186,1,,true
810,14190,1,new,true
811,14201,1,new,true
811,14202,1,opened,true
811,14203,2,opened,true
812,14209,1,new,true
813,14215,1,new,true
814,14222,1,new,true
815,14230,2,new,true
816,14237,1,new,true
817,14264,1,new,true
818,14309,1,damaged,false
819,14326,1,new,true
819,14327,1,new,true
820,14328,2,,true
821,14344,1,new,true
822,14351,1,opened,true
822,14350,1,new,true
823,14423,1,new,true
824,14426,1,new,true
824,14427,1,opened,true
825,14433,1,opened,true
826,14439,2,new,true
826,14438,3,new,true
827,14440,1,new,true
828,14451,1,opened,true
828,14449,1,new,true
828,14450,1,new,true
829,14459,1,opened,true
830,14481,1,opened,true
831,14486,1,damaged,false
831,14485,1,damaged,false
832,14493,1,new,true
832,14494,1,opened,true
833,14518,2,new,true
834,14521,1,opened,true
835,14524,1,,false
835,14526,1,,false
835,14527,2,,false
835,14525,1,,false
836,14557,1,,true
837,14561,1,new,true
838,14565,1,new,true
839,14585,1,opened,true
839,14586,1,new,true
840,14607,1,new,true
841,14650,1,opened,true
842,14653,1,damaged,false
843,14657,1,new,true
843,14655,2,new,true
844,14730,1,new,true
844,14731,1,new,true
845,14733,1,new,true
846,14736,1,new,true
847,14744,1,opened,true
847,14745,1,new,true
848,14770,1,opened,true
849,14775,1,opened,true
850,14792,1,new,true
851,14822,2,new,true
852,14829,1,new,true
852,14830,1,opened,true
852,14831,2,new,true
852,14832,1,new,true
852,14833,1,new,true
853,14882,1,new,true
853,14881,1,new,true
854,14892,1,new,true
854,14893,1,new,true
854,14894,1,new,true
855,14938,1,,true
856,14960,1,new,true
857,14976,1,new,true
858,14980,1,,true
858,14979,1,,true
859,14988,1,new,true
860,15000,1,opened,true
861,15002,1,damaged,false
862,15024,1,new,true
863,15049,1,opened,true
864,15050,3,new,true
865,15070,1,opened,true
865,15071,1,new,true
865,15072,1,new,true
865,15073,2,new,true
866,15079,1,opened,true
867,15104,1,damaged,false
868,15117,1,new,true
869,15156,2,new,true
870,15190,1,new,true
871,15213,1,damaged,false
872,15268,1,new,true
873,15290,1,new,true
873,15289,1,new,true
874,15298,1,new,true
875,15422,1,new,true
876,15482,1,,false
876,15481,1,,false
877,15505,3,new,true
877,15506,1,new,true
877,15507,1,new,true
878,15539,1,,true
879,15540,1,new,true
880,15586,1,damaged,false
881,15632,1,new,true
882,15633,1,new,true
883,15638,2,damaged,false
884,15639,2,new,true
885,15648,1,opened,true
886,15682,1,opened,true
887,15715,1,new,true
888,15744,1,new,true
889,15750,1,new,true
890,15776,1,,true
891,15781,1,opened,true
892,15791,1,new,true
893,15824,1,new,true
894,15863,1,damaged,false
895,15895,1,damaged,false
896,15898,2,new,true
897,15948,1,opened,true
897,15949,2,new,true
898,15952,1,new,true
898,15953,1,new,true
899,15966,2,new,true
900,16007,1,damaged,false
900,16008,1,damaged,false
900,16009,1,damaged,false
900,16010,1,damaged,false
901,16025,2,,true
901,16026,1,,true
902,16029,1,,true
903,16033,1,new,true
904,16071,1,new,true
904,16070,1,new,true
905,16073,1,,true
906,16075,1,new,true
907,16104,2,new,true
907,16106,1,new,true
908,16135,1,new,true
909,16136,1,new,true
910,16142,1,,true
910,16144,1,,true
911,16174,1,new,true
912,16177,1,new,true
913,16181,1,new,true
914,16206,2,opened,true
915,16210,2,new,true
915,16211,1,new,true
915,16209,1,opened,true
916,16215,2,new,true
917,16260,2,new,true
918,16336,1,,true
919,16344,2,new,true
919,16345,1,new,true
919,16346,3,new,true
920,16348,2,opened,true
921,16355,1,new,true
921,16356,1,opened,true
922,16362,1,opened,true
922,16363,1,opened,true
923,16378,1,opened,true
924,16390,2,new,true
924,16391,1,new,true
925,16398,1,opened,true
926,16421,1,opened,true
927,16428,1,opened,true
928,16483,1,new,true
929,16525,1,damaged,false
930,16529,1,damaged,false
930,16530,3,damaged,false
931,16531,1,new,true
932,16549,1,new,true
933,16568,1,new,true
934,16577,2,,true
935,16602,3,opened,true
936,16712,1,damaged,false
937,16717,1,damaged,false
938,16721,1,new,true
939,16737,2,,true
939,16738,1,,true
940,16761,1,new,true
941,16784,1,,true
942,16791,1,new,true
942,16790,1,opened,true
943,16843,2,new,true
944,16857,1,,true
945,16882,1,,true
946,16886,1,damaged,false
947,16898,2,opened,true
948,16932,1,,true
948,16930,1,,true
949,16954,3,,true
949,16953,1,,true
950,16959,1,opened,true
951,16964,1,opened,true
952,16970,1,opened,true
953,16978,2,opened,true
953,16977,1,opened,true
954,17026,2,,true
955,17033,1,new,true
956,17137,1,new,true
957,17143,1,damaged,false
958,17148,1,opened,true
958,17147,1,opened,true
958,17146,1,new,true
959,17181,1,new,true
960,17185,2,new,true
961,17210,1,opened,true
961,17208,1,opened,true
962,17223,1,new,true
963,17246,2,opened,true
964,17254,1,new,true
965,17283,1,opened,true
965,17284,1,new,true
965,17282,1,new,true
966,17292,1,,true
966,17291,1,,true
967,17307,1,opened,true
968,17315,2,damaged,false
969,17344,1,new,true
969,17345,2,opened,true
970,17366,2,new,true
971,17368,2,new,true
971,17367,3,opened,true
972,17383,1,new,true
973,17406,1,,true
973,17405,1,,true
974,17407,1,opened,true
975,17419,1,new,true
976,17427,1,opened,true
977,17438,1,opened,true
977,17439,1,new,true
977,17440,1,opened,true
977,17441,1,opened,true
978,17448,2,new,true
978,17449,1,opened,true
979,17456,1,new,true
979,17455,1,new,true
980,17467,1,,true
980,17468,1,,true
981,17598,1,opened,true
982,17605,1,new,true
982,17606,1,new,true
983,17607,1,new,true
984,17628,1,new,true
984,17627,1,new,true
984,17626,1,opened,true
985,17630,1,new,true
986,17633,2,new,true
987,17641,1,opened,true
988,17646,1,new,true
989,17666,1,new,true
989,17667,1,new,true
989,17668,2,new,true
990,17685,1,new,true
991,17705,1,new,true
992,17719,1,opened,true
993,17760,1,new,true
994,17776,1,new,true
995,17781,1,new,true
995,17782,1,new,true
995,17783,1,new,true
996,17794,1,opened,true
996,17795,1,new,true
996,17796,1,new,true
997,17806,1,new,true
997,17807,1,opened,true
998,17826,1,new,true
998,17827,1,opened,true
999,17833,1,opened,true
1000,17839,1,new,true
1001,17844,1,new,true
1002,17853,1,new,true
1003,17891,2,new,true
1004,17930,1,new,true
1005,17937,2,,true
1006,17943,1,new,true
1007,17947,1,opened,true
1007,17948,2,new,true
1008,17951,1,new,true
1009,17968,1,opened,true
1009,17969,2,new,true
1010,18030,1,new,true
1010,18031,1,opened,true
1011,18035,1,new,true
1012,18092,3,damaged,false
1012,18093,1,damaged,false
1012,18094,1,damaged,false
1013,18104,1,,true
1013,18105,1,,true
1013,18103,1,,true
1014,18112,1,opened,true
1015,18145,1,new,true
1016,18150,1,new,true
1016,18149,1,opened,true
1017,18169,1,opened,true
1018,18186,1,,true
1019,18188,1,,true
1019,18190,2,,true
1019,18189,1,,true
1020,18223,2,,true
1020,18222,1,,true
1021,18244,1,,true
1022,18252,1,opened,true
1023,18273,2,opened,true
1024,18286,1,new,true
1025,18302,1,opened,true
1025,18300,1,new,true
1025,18301,1,new,true
1026,18308,1,opened,true
1026,18309,1,new,true
1027,18338,1,opened,true
1027,18337,1,new,true
1028,18415,1,opened,true
1029,18432,1,,true
1030,18460,1,opened,true
1031,18467,2,new,true
1032,18468,1,new,true
1033,18493,2,damaged,false
1033,18494,1,damaged,false
1033,18495,1,damaged,false
1033,18496,3,damaged,false
1033,18497,1,damaged,false
1034,18507,1,new,true
1035,18554,1,new,true
1036,18591,1,,true
1037,18596,1,opened,true
1038,18611,1,new,true
1039,18641,1,new,true
1040,18672,1,new,true
1041,18676,1,damaged,false
1042,18688,1,new,true
1043,18707,2,damaged,false
1043,18708,2,damaged,false
1043,18709,3,damaged,false
1044,18757,2,new,true
1045,18769,1,new,true
1046,18788,1,opened,true
1047,18801,2,new,true
1047,18802,1,new,true
1047,18803,3,opened,true
1048,18808,1,opened,true
1049,18837,1,damaged,false
1050,18859,1,opened,true
1051,18896,1,new,true
1052,18927,1,,true
1053,18929,2,opened,true
1054,18937,1,,true
1054,18938,1,,true
1055,18939,2,new,true
1056,18960,2,opened,true
1057,18966,1,,false
1058,18967,1,opened,true
1058,18968,1,opened,true
1058,18970,1,opened,true
1059,18980,1,new,true
1060,19015,1,new,true
1061,19021,2,,true
1062,19030,1,new,true
1063,19083,2,opened,true
1064,19109,1,new,true
1064,19110,1,new,true
1065,19113,1,opened,true
1065,19116,1,opened,true
1065,19115,1,new,true
1065,19112,3,opened,true
1066,19127,1,,true
1067,19141,1,opened,true
1067,19142,1,new,true
1067,19143,1,new,true
1068,19146,1,new,true
1068,19147,1,new,true
1069,19153,1,opened,true
1070,19161,1,opened,true
1071,19172,1,new,true
1071,19173,1,new,true
1071,19174,1,opened,true
1072,19178,1,opened,true
1073,19195,2,new,true
1073,19197,1,new,true
1073,19198,1,opened,true
1073,19196,1,new,true
1074,19263,2,damaged,false
1075,19296,1,damaged,false
1076,19304,2,new,true
1077,19310,3,new,true
1078,19316,1,damaged,false
1079,19329,1,damaged,false
1079,19330,1,damaged,false
1080,19342,1,,true
1080,19341,1,,true
1081,19387,1,new,true
1081,19388,1,new,true
1081,19389,1,new,true
1082,19451,1,new,true
1083,19454,2,new,true
1084,19473,3,opened,true
1084,19472,1,new,true
1084,19471,2,new,true
1084,19474,1,new,true
1085,19476,1,new,true
1086,19507,1,damaged,false
1087,19522,1,damaged,false
1087,19523,1,damaged,false
1087,19524,1,damaged,false
1088,19546,1,damaged,false
1089,19556,1,,true
1089,19555,1,,true
1089,19554,1,,true
1090,19559,1,,true
1090,19560,1,,true
1091,19597,1,,true
1092,19608,1,opened,true
1093,19647,1,damaged,false
1093,19649,1,damaged,false
1093,19648,1,damaged,false
1094,19650,1,new,true
1095,19652,1,new,true
1096,19740,2,new,true
1097,19778,1,new,true
1098,19803,1,new,true
1099,19805,1,opened,true
1099,19804,1,opened,true
1100,19838,1,opened,true
1100,19837,2,new,true
1101,19860,1,damaged,false
1101,19861,1,damaged,false
1102,19873,1,new,true
1102,19872,1,new,true
1102,19874,1,new,true
1103,19901,1,new,true
1103,19902,1,new,true
1104,19910,1,,true
1104,19909,1,,true
1105,19939,1,damaged,false
1106,19952,1,new,true
1106,19953,1,new,true
1107,19981,1,opened,true
1108,20032,1,new,true
1109,20115,1,new,true
1110,20127,1,,true
1111,20135,2,new,true
1112,20140,1,new,true
1113,20151,1,new,true
1113,20150,1,new,true
1114,20158,1,new,true
1115,20188,1,,true
1115,20187,2,,true
1115,20186,2,,true
1116,20214,1,,true
1117,20228,1,opened,true
1117,20229,1,new,true
1118,20291,1,new,true
1119,20293,1,damaged,false
1120,20316,1,,true
1121,20424,1,,true
1122,20460,2,damaged,false
1123,20476,1,opened,true
1124,20499,2,new,true
1125,20511,1,new,true
1126,20566,1,new,true
1126,20567,1,opened,true
1127,20575,2,new,true
1127,20576,1,new,true
1127,20577,1,opened,true
1127,20578,2,new,true
1128,20579,1,opened,true
1129,20606,1,opened,true
1130,20617,1,new,true
1131,20620,1,new,true
1132,20636,1,new,true
1132,20637,1,new,true
1133,20642,1,opened,true
1134,20656,1,opened,true
1134,20654,1,new,true
1134,20655,2,opened,true
1134,20657,1,new,true
1135,20677,1,opened,true
1136,20734,1,opened,true
1137,20767,1,new,true
1137,20768,2,new,true
1138,20792,1,opened,true
1139,20796,1,damaged,false
1139,20797,1,damaged,false
1140,20802,1,damaged,false
1141,20827,1,new,true
1141,20828,1,new,true
1142,20837,1,opened,true
1143,20865,1,new,true
1144,20902,1,damaged,false
1145,20909,1,damaged,false
1146,20921,1,opened,true
1147,20952,1,new,true
1148,20960,1,,true
1148,20961,1,,true
1149,20995,1,new,true
1150,20997,1,opened,true
1150,20998,1,new,true
1151,21012,1,opened,true
1151,21013,1,new,true
1151,21014,1,opened,true
1151,21015,1,opened,true
1152,21026,1,damaged,false
1153,21029,1,,true
1153,21030,1,,true
1154,21032,1,new,true
1154,21031,1,opened,true
1155,21085,1,new,true
1156,21118,1,opened,true
1157,21128,1,opened,true
1157,21129,2,opened,true
1157,21130,1,new,true
1157,21131,1,new,true
1157,21132,1,new,true
1158,21173,1,new,true
1158,21174,1,opened,true
1159,21200,2,opened,true
1159,21197,1,new,true
1159,21199,2,new,true
1159,21198,1,new,true
1160,21202,1,opened,true
1161,21207,2,opened,true
1162,21234,1,new,true
1162,21235,1,new,true
1163,21238,1,opened,true
1163,21239,1,opened,true
1164,21268,1,new,true
1165,21283,1,new,true
1166,21291,1,,true
1167,21297,3,new,true
1168,21325,1,opened,true
1169,21342,1,damaged,false
1170,21354,1,new,true
1171,21385,1,damaged,false
1172,21436,1,new,true
1173,21442,1,,false
1174,21465,1,damaged,false
1175,21475,1,opened,true
1176,21488,1,new,true
1176,21489,2,opened,true
1176,21490,1,opened,true
1177,21493,1,new,true
1178,21498,3,opened,true
1179,21520,1,new,true
1179,21519,1,new,true
1180,21538,2,damaged,false
1181,21560,1,damaged,false
1182,21572,2,new,true
1183,21581,1,opened,true
1183,21580,1,new,true
1183,21579,1,opened,true
1184,21603,1,,true
1185,21645,1,new,true
1186,21663,1,,true
1186,21664,1,,true
1187,21669,1,new,true
1188,21678,1,new,true
1188,21677,1,new,true
1188,21676,1,opened,true
1189,21679,1,opened,true
1190,21681,1,new,true
1191,21682,1,new,true
1192,21692,1,opened,true
1193,21712,1,new,true
1194,21713,1,opened,true
1195,21739,1,new,true
1196,21744,1,new,true
1197,21800,1,new,true
1198,21821,3,new,true
1198,21822,1,new,true
1198,21823,1,new,true
1198,21824,1,opened,true
1199,21841,1,new,true
1200,21860,2,damaged,false
1201,21878,2,opened,true
1201,21874,1,new,true
1201,21876,1,new,true
1201,21877,3,new,true
1201,21875,1,new,true
1202,21890,1,opened,true
1202,21892,1,new,true
1202,21889,1,opened,true
1203,21904,1,new,true
1204,21915,1,new,true
1205,21953,1,new,true
1206,21957,2,opened,true
1207,21991,1,new,true
1207,21994,1,new,true
1207,21992,1,opened,true
1207,21993,1,opened,true
1208,22004,2,new,true
1209,22015,1,,true
1210,22019,1,new,true
1211,22024,1,new,true
1212,22026,3,opened,true
1212,22027,1,new,true
1213,22044,1,damaged,false
1214,22058,1,new,true
1215,22088,1,opened,true
1216,22117,1,new,true
1217,22130,1,opened,true
1217,22131,1,new,true
1218,22145,2,,true
1219,22200,2,new,true
1220,22203,1,opened,true
1220,22202,1,opened,true
1221,22209,1,new,true
1221,22210,1,opened,true
1221,22211,1,new,true
1222,22222,1,opened,true
1223,22230,1,,true
1223,22231,1,,true
1224,22232,2,new,true
1225,22243,1,opened,true
1225,22244,1,opened,true
1225,22245,1,opened,true
1226,22246,2,new,true
1226,22247,1,new,true
1227,22253,1,new,true
1227,22252,2,new,true
1227,22251,1,new,true
1228,22256,1,new,true
1229,22280,1,,true
1230,22318,1,opened,true
1230,22319,1,opened,true
1231,22339,1,new,true
1232,22340,1,new,true
1233,22358,1,new,true
1234,22364,1,new,true
1235,22393,1,new,true
1236,22403,1,opened,true
1236,22401,1,new,true
1236,22402,1,opened,true
1237,22413,1,damaged,false
1237,22414,1,damaged,false
1237,22415,1,damaged,false
1238,22417,1,new,true
1239,22423,1,new,true
1240,22434,1,,false
1241,22447,1,opened,true
1241,22448,1,opened,true
1242,22472,1,new,true
1243,22480,1,opened,true
1244,22506,1,new,true
1245,22522,1,new,true
1246,22569,1,new,true
1247,22608,1,new,true
1247,22610,2,opened,true
1247,22609,1,opened,true
1247,22607,1,opened,true
1248,22628,1,opened,true
1249,22639,1,damaged,false
1249,22640,1,damaged,false
1249,22641,1,damaged,false
1250,22653,1,opened,true
1251,22660,1,new,true
1251,22661,1,new,true
1252,22675,1,new,true
1252,22674,1,new,true
1253,22696,1,opened,true
1254,22717,1,new,true
1255,22758,1,opened,true
1256,22775,2,opened,true
1257,22851,1,new,true
1258,22866,1,opened,true
1258,22867,1,new,true
1258,22868,2,opened,true
1259,22934,1,opened,true
1260,22935,2,,true
1260,22936,2,,true
1261,22957,1,,true
1262,22965,1,new,true
1263,22986,1,opened,true
1263,22985,1,new,true
1264,22995,1,new,true
1264,22997,1,opened,true
1265,23009,1,opened,true
1266,23030,1,new,true
1267,23073,1,damaged,false
1268,23082,1,opened,true
1269,23101,2,new,true
1270,23179,1,,true
1271,23208,3,opened,true
1271,23209,1,opened,true
1271,23210,1,opened,true
1272,23229,1,new,true
1273,23251,1,opened,true
1273,23250,1,new,true
1274,23326,1,new,true
1275,23392,1,,true
1276,23484,1,damaged,false
1276,23485,2,damaged,false
1277,23508,1,opened,true
1278,23553,1,new,true
1278,23554,1,new,true
1278,23555,2,new,true
1279,23607,1,new,true
1280,23627,1,new,true
1281,23644,1,new,true
1281,23643,1,opened,true
1282,23703,1,new,true
1283,23743,2,new,true
1284,23754,1,new,true
1284,23755,1,opened,true
1285,23801,1,new,true
1286,23827,1,new,true
1286,23828,1,new,true
1286,23826,1,opened,true
1287,23833,2,,true
1288,23841,1,new,true
1288,23842,1,opened,true
1288,23843,1,opened,true
1288,23840,1,new,true
1289,23874,1,opened,true
1289,23873,1,opened,true
1290,23925,1,new,true
1290,23926,1,opened,true
1291,23932,2,new,true
1292,23938,1,opened,true
1292,23939,1,opened,true
1293,23942,1,new,true
1293,23943,1,opened,true
1293,23944,1,new,true
1294,23952,1,,true
1294,23953,1,,true
1295,23954,2,damaged,false
1296,23976,1,new,true
1297,23993,2,new,true
1298,24005,1,opened,true
1299,24027,1,,true
1300,24067,1,new,true
1301,24080,1,opened,true
1302,24089,1,new,true
1302,24090,1,new,true
1303,24102,1,opened,true
1304,24106,1,new,true
1304,24107,1,new,true
1304,24108,2,opened,true
1305,24115,1,new,true
1306,24141,1,new,true
1307,24160,1,opened,true
1308,24190,2,,true
1309,24200,1,new,true
1310,24209,1,,true
1311,24233,2,,true
1312,24299,1,new,true
1312,24300,1,opened,true
1313,24377,1,,true
1314,24404,1,new,true
1314,24406,1,opened,true
1314,24405,2,opened,true
1315,24437,1,opened,true
1316,24455,1,new,true
1317,24456,2,new,true
1318,24485,1,new,true
1319,24487,1,,true
1320,24513,1,,true
1321,24527,1,new,true
1321,24528,2,opened,true
1322,24558,1,new,true
1323,24577,1,new,true
1324,24585,1,opened,true
1325,24601,1,damaged,false
1326,24695,1,new,true
1327,24712,1,opened,true
1328,24717,1,new,true
1329,24723,3,new,true
1329,24724,1,opened,true
1330,24727,1,opened,true
1330,24725,1,opened,true
1330,24726,1,new,true
1331,24729,2,new,true
1332,24740,1,opened,true
1332,24741,1,new,true
1332,24742,1,new,true
1332,24743,1,new,true
1333,24758,1,new,true
1334,24761,3,new,true
1335,24849,2,,true
1336,24866,1,,true
1337,24880,3,new,true
1338,24893,2,opened,true
1339,24972,1,new,true
1340,24979,1,damaged,false
1341,25013,1,new,true
1342,25044,1,damaged,false
1343,25045,1,new,true
1344,25061,1,new,true
1345,25062,1,opened,true
1346,25079,2,opened,true
1347,25114,1,,true
1348,25141,1,new,true
1349,25173,1,new,true
1349,25172,1,new,true
1350,25205,1,new,true
1351,25264,1,new,true
1351,25265,2,new,true
1351,25266,1,new,true
1352,25291,1,opened,true
1352,25292,1,opened,true
1353,25317,1,,true
1353,25318,1,,true
1354,25322,1,new,true
1355,25349,1,new,true
1355,25350,1,opened,true
1356,25359,1,new,true
1357,25363,1,new,true
1358,25393,1,new,true
1359,25411,1,opened,true
1360,25414,1,opened,true
1361,25424,1,opened,true
1362,25447,1,new,true
1362,25448,1,new,true
1363,25466,2,new,true
1364,25518,1,new,true
1365,25527,1,new,true
1365,25526,1,new,true
1365,25528,1,opened,true
1366,25551,1,damaged,false
1367,25556,2,opened,true
1368,25564,1,new,true
1369,25577,1,damaged,false
1370,25582,1,opened,true
1371,25595,1,opened,true
1372,25614,1,opened,true
1372,25612,1,opened,true
1372,25613,1,new,true
1372,25615,1,opened,true
1373,25624,1,opened,true
1374,25667,2,,true
1374,25669,1,,true
1374,25670,1,,true
1375,25720,2,,true
1375,25721,1,,true
1376,25756,1,opened,true
1377,25805,1,new,true
1378,25818,1,new,true
1379,25828,1,damaged,false
1380,25876,1,new,true
1381,25878,1,,true
1381,25877,1,,true
1382,25885,1,,true
1382,25886,3,,true
1382,25887,1,,true
1383,25967,1,new,true
1383,25968,1,opened,true
1384,25972,1,new,true
1384,25973,1,new,true
1384,25971,1,new,true
1385,25981,2,opened,true
1385,25982,1,opened,true
1386,25999,1,new,true
1386,25998,1,new,true
1387,26003,1,,true
1387,26004,1,,true
1388,26021,2,opened,true
1388,26022,3,opened,true
1389,26035,2,,true
1389,26034,1,,true
1390,26050,2,,true
1390,26049,1,,true
1391,26061,1,opened,true
1392,26111,1,new,true
1393,26113,1,opened,true
1393,26112,1,opened,true
1394,26139,1,new,true
1394,26140,1,new,true
1394,26141,1,new,true
1395,26161,1,new,true
1396,26195,1,opened,true
1397,26196,1,new,true
1398,26343,3,opened,true
1399,26388,2,damaged,false
1400,26424,1,damaged,false
1401,26433,2,,true
1401,26432,1,,true
1402,26448,1,,true
1403,26475,1,damaged,false
1404,26504,2,damaged,false
1404,26505,1,damaged,false
1404,26506,2,damaged,false
1405,26524,1,new,true
1406,26527,1,,true
1407,26571,1,damaged,false
1408,26572,1,opened,true
1409,26602,1,new,true
1410,26609,1,new,true
1411,26623,1,new,true
1411,26622,2,opened,true
1412,26637,1,opened,true
1412,26636,3,opened,true
1413,26651,2,,true
1414,26726,2,,true
1415,26737,1,new,true
1416,26748,1,opened,true
1416,26749,1,new,true
1417,26767,1,,true
1418,26773,2,new,true
1419,26779,1,opened,true
1420,26787,1,new,true
1420,26788,1,new,true
1420,26789,1,new,true
1421,26800,1,new,true
1422,26817,1,opened,true
1423,26882,1,new,true
1424,26885,1,new,true
1425,26916,1,new,true
1425,26918,1,opened,true
1426,26929,1,opened,true
1427,26971,2,new,true
1428,26984,1,new,true
1429,27008,1,damaged,false
1429,27009,1,damaged,false
1430,27019,2,,true
1430,27020,1,,true
1431,27054,1,new,true
1432,27057,1,opened,true
1433,27186,1,opened,true
1433,27187,1,opened,true
1434,27188,3,new,true
1435,27189,2,,true
1436,27191,1,new,true
1437,27197,1,opened,true
1438,27206,1,new,true
1438,27207,1,new,true
1438,27208,1,opened,true
1439,27229,1,damaged,false
1440,27245,1,new,true
1441,27280,1,new,true
1442,27334,1,,true
1443,27337,1,damaged,false
1444,27382,1,new,true
1445,27387,1,new,true
1445,27388,1,opened,true
1446,27427,1,damaged,false
1447,27430,2,opened,true
1448,27459,1,opened,true
1448,27461,1,opened,true
1449,27504,1,opened,true
1450,27513,1,opened,true
1450,27512,1,opened,true
1451,27517,1,,true
1451,27518,1,,true
1452,27657,1,new,true
1452,27656,2,opened,true
1453,27682,1,new,true
1454,27699,3,opened,true
1455,27702,1,,true
1455,27703,1,,true
1456,27723,1,new,true
1456,27720,1,opened,true
1457,27732,1,new,true
1458,27763,2,opened,true
1459,27765,1,damaged,false
1460,27800,2,new,true
1460,27801,1,new,true
1460,27802,1,new,true
1461,27805,1,new,true
1461,27806,1,opened,true
1462,27848,1,new,true
1462,27847,1,opened,true
1463,27887,1,,true
1463,27886,1,,true
1464,27909,1,new,true
1465,27911,1,opened,true
1466,27929,1,opened,true
1467,27931,1,opened,true
1468,27941,1,opened,true
1469,27974,2,,true
1470,27975,1,new,true
1471,27980,1,damaged,false
1471,27981,1,damaged,false
1472,28054,2,opened,true
1473,28102,1,damaged,false
1474,28103,1,opened,true
1474,28104,1,new,true
1474,28105,1,new,true
1475,28155,1,opened,true
1475,28156,1,new,true
1476,28170,2,damaged,false
1477,28180,1,new,true
1478,28201,1,,true
1479,28254,3,,true
1480,28351,1,new,true
1481,28419,1,opened,true
1482,28447,1,new,true
1483,28486,1,opened,true
1484,28495,1,new,true
1485,28510,2,damaged,false
1486,28540,2,,true
1486,28539,2,,true
1487,28611,1,damaged,false
1488,28679,1,opened,true
1488,28680,3,opened,true
1489,28687,1,opened,true
1490,28737,3,opened,true
1490,28739,1,opened,true
1490,28738,1,opened,true
1491,28744,1,,true
1492,28765,1,,true
1492,28764,1,,true
1493,28844,2,opened,true
1494,28916,1,new,true
1495,28929,1,,true
1496,28969,1,new,true
1496,28970,1,opened,true
1497,29027,1,opened,true
1498,29116,1,,true
1499,29126,1,,false
1500,29191,2,new,true
1501,29232,1,damaged,false
1502,29235,2,new,true
1503,29253,1,opened,true
1504,29307,1,damaged,false
1504,29308,1,damaged,false
1504,29309,1,damaged,false
1505,29377,1,new,true
1505,29376,1,new,true
1505,29375,1,new,true
1506,29384,1,damaged,false
1506,29385,1,damaged,false
1506,29386,1,damaged,false
1506,29387,2,damaged,false
1507,29407,1,new,true
1507,29408,1,new,true
1507,29409,1,new,true
1508,29410,1,new,true
1509,29478,1,new,true
1509,29479,1,new,true
1509,29480,2,opened,true
1510,29485,1,,true
1510,29483,1,,true
1510,29484,1,,true
1511,29579,1,opened,true
1512,29607,1,opened,true
1512,29608,1,new,true
1513,29624,1,new,true
1514,29653,2,damaged,false
1515,29656,1,opened,true
1515,29657,1,new,true
1515,29658,1,new,true
1516,29664,1,new,true
1517,29671,1,new,true
1517,29672,1,new,true
1517,29673,1,new,true
1518,29688,2,opened,true
1519,29699,1,new,true
1520,29741,2,new,true
1520,29744,1,opened,true
1520,29742,1,opened,true
1520,29743,1,opened,true
1521,29755,1,opened,true
1522,29786,1,new,true
1523,29804,1,new,true
1524,29806,1,new,true
1525,29815,1,new,true
1526,29846,1,new,true
1527,29850,1,,true
1528,29862,1,new,true
1529,29893,1,new,true
1530,29896,1,damaged,false
1531,29929,1,new,true
1532,29946,1,opened,true
1533,29968,1,opened,true
1534,29999,1,new,true
1534,29998,1,opened,true
1535,30000,1,opened,true
1535,30001,1,opened,true
1536,30012,1,opened,true
1537,30016,1,new,true
1538,30018,1,new,true
1538,30019,1,opened,true
1539,30056,2,new,true
1540,30079,1,new,true
1541,30097,1,opened,true
1542,30098,1,damaged,false
1543,30110,1,damaged,false
1544,30128,1,new,true
1544,30130,2,new,true
1545,30147,1,new,true
1546,30182,1,damaged,false
1547,30187,1,new,true
1547,30189,1,opened,true
1548,30209,1,opened,true
1549,30219,1,new,true
1549,30220,1,new,true
1550,30240,1,,false
1551,30295,1,,true
1552,30319,1,opened,true
1552,30320,1,opened,true
1553,30333,1,opened,true
1554,30334,1,new,true
1555,30473,1,,true
1555,30471,1,,true
1556,30478,2,new,true
1556,30479,1,opened,true
1556,30480,1,new,true
1557,30505,1,new,true
1557,30506,1,new,true
1557,30507,1,new,true
1558,30532,3,new,true
1559,30536,1,opened,true
1559,30537,1,new,true
1560,30587,1,damaged,false
1560,30588,1,damaged,false
1560,30589,1,damaged,false
1560,30590,1,damaged,false
1561,30596,1,new,true
1562,30598,1,new,true
1563,30602,1,damaged,false
1563,30600,2,damaged,false
1564,30609,3,new,true
1565,30757,1,,true
1565,30758,3,,true
1566,30764,1,new,true
1567,30786,1,new,true
1568,30831,1,new,true
1568,30832,2,new,true
1569,30869,1,new,true
1570,30874,1,opened,true
1570,30875,1,new,true
1571,30927,1,new,true
1572,30972,1,damaged,false
1573,30993,1,opened,true
1573,30992,1,new,true
1573,30991,1,new,true
1574,30996,1,,true
1574,30997,1,,true
1575,31007,1,,true
1575,31005,1,,true
1575,31008,1,,true
1575,31006,1,,true
1576,31022,1,opened,true
1577,31027,1,damaged,false
1577,31028,1,damaged,false
1577,31029,1,damaged,false
1577,31030,1,damaged,false
1578,31038,1,new,true
1579,31054,1,new,true
1580,31111,1,,true
1581,31118,2,opened,true
1582,31142,2,opened,true
1583,31156,1,new,true
1584,31182,1,damaged,false
1584,31183,1,damaged,false
1585,31184,1,opened,true
1585,31185,1,new,true
1585,31186,1,new,true
1586,31208,1,opened,true
1586,31209,2,new,true
1587,31212,2,new,true
1588,31229,1,new,true
1588,31228,1,new,true
1589,31231,1,new,true
1589,31233,1,opened,true
1589,31232,1,new,true
1590,31234,1,,false
1591,31258,1,new,true
1592,31265,2,damaged,false
1593,31350,1,new,true
1593,31352,1,new,true
1593,31353,1,opened,true
1594,31396,1,new,true
1594,31397,1,opened,true
1595,31400,2,new,true
1595,31401,2,new,true
1596,31405,1,opened,true
1597,31420,1,new,true
1597,31421,1,new,true
1598,31449,1,opened,true
1599,31465,1,new,true
1599,31466,1,opened,true
1600,31478,1,,true
1600,31477,1,,true
1600,31479,2,,true
1601,31508,3,damaged,false
1601,31509,2,damaged,false
1601,31510,1,damaged,false
1602,31520,1,new,true
1603,31533,1,,true
1604,31555,1,new,true
1605,31585,2,new,true
1606,31626,1,new,true
1607,31631,1,,true
1608,31669,1,new,true
1609,31670,1,opened,true
1610,31671,1,,true
1611,31704,1,opened,true
1612,31729,1,opened,true
1612,31730,1,new,true
1613,31731,1,new,true
1613,31732,2,new,true
1613,31734,2,new,true
1613,31733,1,opened,true
1614,31820,1,,false
1615,31849,1,new,true
1615,31850,1,opened,true
1616,31891,1,damaged,false
1616,31892,1,damaged,false
1617,31909,1,,true
1618,31913,1,,true
1619,31972,1,new,true
1620,32021,1,new,true
1621,32067,1,new,true
1622,32079,1,,true
1622,32078,2,,true
1623,32082,3,,true
1624,32083,1,,true
1625,32126,1,new,true
1626,32161,1,new,true
1626,32162,1,opened,true
1627,32180,3,opened,true
1628,32213,1,,true
1629,32283,1,opened,true
1630,32288,1,damaged,false
1630,32290,1,damaged,false
1630,32289,1,damaged,false
1631,32307,1,new,true
1631,32308,1,new,true
1632,32314,1,,true
1633,32320,2,,true
1634,32333,1,opened,true
1635,32390,1,opened,true
1636,32451,1,,true
1637,32542,1,,true
1638,32554,1,,true
1638,32555,1,,true
