carrier_id,name,scac_code,is_own_fleet,insurance_expiry,rating
1,Heartland Freight & Logistics (Company Fleet),HFLG,true,2027-03-31,4.60
2,Prairie Line Transport,PRLT,false,2026-12-28,4.10
3,Great Lakes Cartage,GLKC,false,2026-10-28,3.62
4,Ohio Valley Express,OVEX,false,2026-12-28,4.16
5,Mid-River Trucking,MRVT,false,2026-10-28,3.75
6,Twin Rivers Logistics,TWRL,false,2026-10-28,3.43
7,Buckeye Final Mile,BKFM,false,2026-11-28,4.16
8,Cornbelt Carriers,CBCR,false,2026-11-28,3.55
9,Bluegrass Freightways,BGFW,false,2026-11-28,3.58
