driver_id,carrier_id,employee_code,full_name,phone,license_number,license_class,license_expiry,hazmat_endorsed,is_active,hired_on
1,1,D01001,Kristin Johnson,(317) 676-5595,IND22678440,A,2029-06-06,false,true,2012-11-12
2,1,D01002,Lindsey Dillon,(614) 955-9067,OHP12920311,A,2029-06-07,true,true,2020-06-11
3,1,D01003,Samuel Henry,(614) 642-3804,OHC12864842,A,2027-05-10,true,true,2018-07-22
4,1,D01004,Michelle Morris,(402) 870-0241,NEE24591973,A,2030-01-19,true,true,2023-11-12
5,1,D01005,Jared Summers,(402) 606-6709,NER87655014,A,2027-03-28,true,true,2018-05-07
6,1,D01006,Melissa Vang,(314) 265-1172,MON69876725,A,2027-01-15,false,true,2025-08-18
7,1,D01007,Ethan Hart,(412) 571-9509,PAG82820966,A,2026-10-03,true,true,2018-11-25
8,1,D01008,Rebecca Hobbs,(616) 819-4575,MIW47657217,A,2030-10-28,false,true,2021-10-22
9,1,D01009,Matthew Parker,(630) 581-7064,ILB40941558,A,2027-01-21,false,true,2012-02-16
10,3,,John Massey,(402) 894-8204,NEM44167849,A,2027-04-06,true,true,2025-02-19
11,1,D01011,Kendra Powell,(412) 563-3302,PAS89854230,A,2030-10-11,true,true,2025-11-06
12,1,D01012,Keith Martinez,(412) 975-2335,PAP98818331,A,2026-11-25,true,true,2022-05-28
13,1,D01013,Jennifer Sullivan,(614) 950-9037,OHH94737222,A,2030-05-01,true,true,2019-10-12
14,1,D01014,Dale Griffin,(630) 208-9205,ILG87850333,A,2027-08-16,false,true,2023-10-13
15,1,D01015,David Friedman,(614) 979-2194,OHF26311144,A,2027-01-22,false,true,2019-11-01
16,1,D01016,Matthew Cummings,(402) 698-8415,NEF73399615,A,2030-11-24,true,true,2016-01-04
17,1,D01017,Mike Keller,(314) 380-0713,MON76697246,A,2027-02-14,true,true,2012-05-11
18,1,D01018,Cindy Walsh,(614) 351-2384,OHE80719457,A,2030-10-09,false,true,2023-10-20
19,1,D01019,Zachary Nichols,(402) 756-7716,NEH29116368,A,2030-08-03,false,true,2024-08-08
20,1,D01020,Christopher Brown,(402) 912-0039,NEH42474459,A,2028-08-03,false,true,2025-10-28
21,1,D01021,Vincent Bennett,(614) 922-0236,OHH41623010,A,2030-02-18,true,true,2022-09-02
22,1,D01022,Timothy Conley,(402) 384-3694,NEE33671181,A,2027-05-05,false,true,2025-09-28
23,1,D01023,Jessica Fowler,(402) 306-7306,NER29977242,A,2027-01-09,false,true,2022-09-07
24,1,D01024,Jessica Oliver,(412) 477-3671,PAK54764863,A,2030-10-22,false,true,2016-01-13
25,1,D01025,Lisa White,(651) 657-0518,MNH55726944,A,2028-10-28,false,true,2012-11-02
26,1,D01026,Grant Simon,(614) 978-0444,OHC47678535,A,2029-09-25,false,true,2014-12-13
27,1,D01027,Allison Hamilton,(614) 543-5470,OHS93085116,A,2028-06-04,false,true,2012-02-13
28,1,D01028,Alexandria Hutchinson,(402) 244-0724,NES57055117,A,2029-09-02,false,true,2014-01-16
29,1,D01029,Molly Garza,(412) 211-4296,PAK37078338,A,2030-09-17,false,true,2023-01-16
30,1,D01030,Jim Barnett,(630) 825-9186,ILL63141619,A,2027-06-19,false,true,2023-07-12
31,1,D01031,Patrick Travis,(402) 391-4517,NEW27037600,A,2030-03-23,false,true,2024-01-04
32,1,D01032,Blake Edwards,(630) 724-3088,ILF39481981,A,2026-12-08,false,true,2016-06-26
33,1,D01033,Cathy Cisneros,(314) 685-8124,MOF89845072,A,2029-05-06,false,true,2025-01-16
34,2,,Juan Wilkerson,(502) 860-7574,KYP34731243,D,2027-06-25,false,true,2013-03-09
35,1,D01035,Todd Smith,(630) 531-8200,ILK88585744,A,2029-03-05,false,true,2021-12-21
36,1,D01036,Michael Frazier,(651) 739-6472,MND80831755,A,2027-12-06,true,true,2018-11-07
37,1,D01037,Beth Bush,(412) 284-2068,PAM69816296,D,2029-06-09,false,true,2024-04-18
38,1,D01038,Jennifer Bennett,(614) 463-5466,OHG91687847,D,2027-03-13,false,true,2022-01-20
39,1,D01039,Emily Mendoza,(616) 278-1672,MIK47707898,D,2027-11-08,false,true,2024-06-22
40,1,D01040,Dustin Castillo,(614) 933-0037,OHP74169849,D,2030-02-17,false,true,2025-05-14
41,1,D01041,Shawn Thomas,(317) 613-8260,INA12858740,D,2027-07-17,false,true,2020-02-05
42,7,,Kelly Esparza,(614) 872-3640,OHH30165581,D,2027-07-01,true,true,2017-01-15
43,1,D01043,Alexander Hess,(317) 569-2082,INW85901972,D,2030-08-15,true,true,2025-02-13
44,4,,Melissa Simmons,(502) 639-7512,KYL34657753,D,2026-10-16,true,true,2012-11-18
45,1,D01045,Nancy Jones,(616) 492-3584,MIS72907874,D,2028-02-20,false,true,2013-10-07
46,1,D01046,Kenneth Patrick,(314) 697-0897,MOE41049645,D,2030-11-18,false,true,2015-03-08
47,1,D01047,Jean Moore,(615) 340-2212,TND58530686,D,2030-08-05,false,true,2018-07-08
48,1,D01048,Katie George,(402) 890-4606,NEE48675537,B,2030-02-19,false,true,2017-01-13
49,1,D01049,Maria Cole,(651) 298-2121,MNT53642358,D,2028-05-02,false,true,2020-09-27
50,1,D01050,Jeffrey Skinner,(630) 255-3522,ILB92436769,D,2026-10-06,true,true,2012-02-06
51,1,D01051,Courtney Hernandez,(314) 825-3700,MOR38534120,D,2029-08-08,true,true,2014-01-05
52,6,,Noah Turner,(414) 355-7007,WIK55123631,D,2029-10-03,false,true,2020-12-12
53,1,D01053,Kristen Watson,(615) 876-7207,TNT32163522,D,2027-03-21,false,true,2024-11-22
54,8,,Sarah Montoya,(314) 724-7209,MOT11349563,D,2029-08-24,false,true,2021-02-09
55,5,,Stephanie Baker,(630) 522-7364,ILK45560824,D,2027-12-21,true,true,2025-02-17
56,1,D01056,Lori Hutchinson,(630) 663-2513,ILM73598645,D,2027-02-06,true,true,2021-09-19
57,1,D01057,Christopher Hayes,(412) 938-7232,PAM43396086,A,2030-02-26,true,true,2012-09-11
58,1,D01058,Frances Blackwell,(616) 362-1612,MIM37147067,A,2027-07-03,true,true,2016-07-14
59,1,D01059,Jessica Walker,(614) 575-9124,OHD22550918,A,2028-11-01,true,true,2017-12-01
60,1,D01060,Kelly Mitchell,(502) 356-2669,KYF82789949,A,2027-02-24,false,true,2023-04-17
61,1,D01061,Kaylee Russell,(317) 269-1580,IND89173100,A,2030-01-05,false,true,2014-11-26
62,1,D01062,Michael Lang,(615) 826-7984,TNE90585061,A,2027-08-12,false,true,2014-08-16
63,1,D01063,Jacob Cervantes,(402) 220-4457,NET64312632,A,2030-09-10,false,true,2021-06-21
64,1,D01064,Roy Bishop,(414) 962-4498,WIK58011843,A,2027-01-06,true,true,2020-05-13
65,1,D01065,Bryan Turner,(314) 624-6429,MOL99718444,A,2030-07-12,true,true,2022-11-09
66,1,D01066,James Rodriguez,(630) 729-6222,ILF69249965,A,2026-10-11,true,true,2014-12-11
67,1,D01067,Nicholas Meyers,(651) 987-6595,MNN29194146,A,2026-12-09,false,true,2023-11-25
68,1,D01068,Theresa Arias,(317) 457-2516,INL77638927,A,2029-04-14,true,true,2018-07-26
69,1,D01069,Anthony Warren,(614) 326-8823,OHC29293218,A,2030-10-02,true,true,2021-12-09
70,1,D01070,Jim Zimmerman,(614) 351-5019,OHD27303559,A,2029-10-19,false,true,2015-03-17
71,1,D01071,Brian Crawford,(630) 286-9827,ILP84654570,A,2028-08-04,true,true,2018-11-19
72,1,D01072,James Norton,(317) 305-0844,INA59481121,A,2028-05-13,true,true,2024-11-10
73,5,,Lisa Sims,(630) 463-3904,ILF29844962,A,2027-02-20,false,true,2023-07-10
74,1,D01074,Natalie Delgado,(614) 703-8830,OHG11816123,A,2028-11-12,false,true,2012-05-18
75,1,D01075,Nathaniel Taylor,(317) 614-5986,INS77019084,A,2029-09-03,false,true,2020-04-12
76,6,,Adam Walker,(317) 540-9925,INF16694475,A,2027-02-01,false,true,2024-06-25
77,1,D01077,Kimberly Rivera,(614) 953-9893,OHK58874826,A,2027-02-05,false,true,2014-02-15
78,1,D01078,Gina Smith,(614) 227-0752,OHM41138537,A,2029-11-10,false,true,2021-03-19
79,1,D01079,Adam Allen,(317) 297-0893,INB55827988,A,2029-08-05,false,true,2022-11-09
80,1,D01080,Carlos Saunders,(317) 874-6392,IND57224939,A,2030-03-07,true,true,2018-06-12
81,1,D01081,Aaron Carlson,(614) 668-5265,OHB68841410,A,2027-04-06,true,true,2017-03-10
82,1,D01082,Shane Grant,(317) 870-2840,INP55157101,A,2028-08-23,false,true,2017-03-01
83,1,D01083,Patricia Jackson,(630) 730-9965,ILE95605022,A,2027-03-09,true,true,2017-02-27
84,1,D01084,Ralph Smith,(616) 734-4161,MIS54181193,A,2030-08-15,false,true,2012-04-20
85,1,D01085,Nathan Moore,(614) 441-5004,OHM96765134,A,2027-03-21,true,true,2018-10-11
86,1,D01086,Hailey Davis,(614) 321-0999,OHP23519855,A,2028-03-01,false,true,2022-07-18
87,1,D01087,Sarah Castaneda,(317) 761-3415,ING41753756,D,2028-03-18,true,true,2012-08-09
88,2,,Jack Gould,(502) 860-5805,KYM47511867,D,2028-11-22,true,true,2021-03-21
89,1,D01089,Cody Gonzalez,(630) 659-5893,ILW92063128,A,2030-01-22,true,true,2020-01-02
90,1,D01090,Shelly Howard,(630) 843-6532,ILH17990549,A,2029-01-05,false,true,2015-02-19
91,1,D01091,Heather Blanchard,(317) 536-8645,INH92519080,A,2029-12-26,false,true,2012-07-26
92,1,D01092,Steven Kelly,(614) 203-6253,OHS24585371,A,2027-03-02,false,true,2022-09-13
93,6,,Laura Rodriguez,(414) 849-1989,WIK98141572,D,2027-07-04,false,true,2012-06-26
94,3,,Brenda Greene,(402) 855-8372,NEF60604393,D,2027-04-14,false,true,2015-08-28
95,1,D01095,Danielle Thompson,(314) 566-3651,MOG53744824,A,2029-02-14,false,true,2012-04-17
96,4,,Heather Logan,(402) 363-6988,NEP43662025,A,2027-12-03,false,true,2012-10-08
97,7,,Mason Allison,(630) 311-9367,ILG64864236,D,2027-07-19,true,true,2025-05-26
98,1,D01098,Joseph Turner,(616) 344-7503,MIW22352447,A,2030-09-24,false,true,2012-09-21
99,3,,Martin King,(314) 956-3554,MOS65833118,A,2027-07-25,false,true,2024-01-05
100,5,,Connor Boyer,(630) 492-4218,ILT33171639,A,2027-06-03,false,true,2025-01-21
101,1,D01101,Anne Gaines,(630) 538-7507,ILW85194600,A,2030-06-11,true,true,2016-11-13
102,1,D01102,Anthony Coleman,(314) 253-5857,MOF66578981,A,2028-11-10,true,true,2019-07-11
103,1,D01103,Ellen Gutierrez,(614) 648-8899,OHL50227772,A,2029-12-19,false,true,2020-07-09
104,6,,Kevin Thomas,(616) 200-3134,MIM65000693,A,2027-05-01,false,true,2017-03-03
105,1,D01105,Jeremy Gonzalez,(402) 924-1698,NED82430274,A,2027-06-02,false,true,2017-08-22
106,1,D01106,Robert Perez,(630) 217-6730,ILT27977555,A,2026-10-04,false,true,2025-06-10
107,1,D01107,Nicholas Garcia,(314) 673-9089,MOB50927046,A,2028-04-24,true,true,2017-05-13
108,1,D01108,Emily Taylor,(402) 250-9295,NEN34894247,A,2027-05-16,false,true,2014-06-25
109,7,,Lori Harris,(402) 709-8441,NER10422788,A,2030-01-14,false,true,2025-03-27
110,1,D01110,Kathryn Smith,(614) 261-2086,OHA19614389,D,2030-12-28,false,true,2024-03-15
111,9,,Chloe Baker,(412) 451-4326,PAD85279520,D,2030-09-02,false,true,2020-07-04
112,1,D01112,Juan Moore,(614) 701-9449,OHC60758241,D,2027-07-01,false,true,2014-02-10
113,1,D01113,Alexander Ponce,(317) 408-7208,INE90044382,D,2029-07-25,false,true,2022-08-26
114,1,D01114,Crystal Mejia,(616) 252-0516,MIK19181553,D,2027-04-02,false,true,2019-10-25
115,1,D01115,Mary Ferguson,(630) 843-7813,ILG62575344,D,2029-01-28,true,true,2017-08-03
116,1,D01116,Donald Hancock,(314) 344-3646,MOA95606075,D,2029-06-23,true,true,2023-02-01
117,1,D01117,William Wood,(651) 359-1843,MNL96243256,D,2026-11-07,true,true,2021-03-04
118,1,D01118,Steven Lee,(615) 409-9306,TND71952697,D,2027-04-16,false,true,2015-03-06
119,6,,Michele Pitts,(414) 506-8206,WID23392968,D,2027-02-23,false,true,2019-04-10
120,1,D01120,George Howell,(614) 657-4211,OHG95348999,A,2030-10-19,true,true,2012-08-22
121,3,,Sarah Lawson,(314) 658-2892,MOH15271790,A,2029-01-12,false,true,2013-02-13
122,1,D01122,Dylan Wood,(651) 232-6248,MNP94885901,A,2028-11-17,true,true,2012-04-15
123,1,D01123,Wanda Leach,(317) 237-8346,INP50844672,A,2027-05-13,true,true,2024-05-02
124,1,D01124,Rebecca Powell,(317) 312-7309,INB73346743,A,2029-09-15,false,true,2017-04-16
125,1,D01125,Ruben Baker,(317) 250-2625,INM31110254,A,2030-05-06,false,true,2020-06-25
126,1,D01126,Lauren Floyd,(614) 637-2845,OHT57041865,D,2027-09-14,true,true,2025-11-10
127,1,D01127,Michelle Rodriguez,(614) 889-7824,OHR41768156,D,2028-01-01,false,true,2023-04-07
128,1,D01128,Michelle Hunter,(317) 684-0770,INB35944487,D,2028-12-21,false,true,2019-05-18
129,1,D01129,Anthony Pierce,(317) 338-3264,INP14473078,D,2026-11-27,false,true,2022-04-09
130,1,D01130,Jessica Clark,(402) 901-0659,NEG49828979,A,2027-11-04,false,true,2012-12-04
131,1,D01131,Shaun Jordan,(614) 791-9724,OHE49541910,A,2027-03-27,false,true,2022-08-03
132,1,D01132,Krista Middleton,(402) 475-8001,NEA57585731,A,2027-09-05,false,true,2025-04-04
133,1,D01133,Alan Cooper,(402) 569-0730,NEC12345022,A,2027-01-25,true,true,2013-06-11
134,1,D01134,William Jones,(402) 226-2477,NER55325973,A,2029-02-23,true,true,2022-08-22
135,1,D01135,Timothy Jensen,(402) 363-3230,NEK79072764,A,2029-12-20,false,true,2022-09-24
136,1,D01136,Michael Gonzalez,(402) 303-4296,NER28162895,A,2028-08-01,false,true,2019-12-21
137,1,D01137,John Morales,(412) 269-6940,PAR94524366,D,2027-12-01,true,true,2024-02-25
138,1,D01138,Jason Benton,(614) 465-0907,OHM79558667,D,2028-04-20,true,true,2013-06-08
139,1,D01139,Lee Mclean,(614) 926-8100,OHK82591158,D,2028-02-17,false,true,2022-11-26
140,1,D01140,Maria Klein,(616) 297-8659,MIF74957799,D,2027-03-04,true,true,2024-08-24
141,1,D01141,David Cross,(402) 918-2650,NEL20458270,D,2030-09-23,false,true,2018-09-26
142,4,,Brenda Campos,(402) 464-0506,NEN56605471,B,2029-06-01,true,true,2018-11-12
143,4,,Kathryn Hess,(414) 295-4165,WIM10714972,D,2028-01-19,true,true,2020-11-10
144,1,D01144,Monica Barrett,(614) 809-3119,OHE18945143,A,2027-03-22,false,true,2024-06-02
145,7,,Jason Stone,(402) 939-0294,NEL55551894,A,2027-03-10,true,true,2019-01-09
146,1,D01146,Christopher Larsen,(314) 928-5030,MOW89098405,A,2027-05-07,true,true,2022-03-25
147,1,D01147,Gilbert Watkins,(414) 642-1178,WID51838806,A,2029-02-03,true,true,2016-12-03
148,1,D01148,Crystal Rogers,(614) 337-9208,OHM88655717,A,2028-01-18,true,true,2024-09-05
149,1,D01149,Ricky Campbell,(414) 903-4870,WIH64792608,A,2028-04-18,false,true,2013-03-07
150,1,D01150,Eric Johnson,(614) 654-2001,OHK33391899,A,2030-09-17,true,true,2023-11-18
151,1,D01151,Courtney Christensen,(615) 482-5666,TNW35014800,D,2029-04-28,true,true,2025-05-10
152,1,D01152,Terry Walton,(414) 576-4157,WIA99491261,A,2028-03-14,true,true,2015-08-27
153,1,D01153,Kimberly Gregory,(615) 289-8102,TNC58997922,A,2026-11-07,false,true,2015-01-02
154,5,,Erica Smith,(630) 612-8515,ILW27153243,A,2027-06-18,true,true,2020-06-09
155,7,,Dawn Salas,(402) 347-9678,NEP20489164,A,2026-11-25,true,true,2014-06-08
156,1,D01156,Matthew Bennett,(412) 634-5340,PAR18216235,D,2029-07-09,true,true,2020-06-19
157,1,D01157,Susan Foster,(616) 305-0239,MIB11891706,D,2027-09-05,true,true,2014-05-26
158,1,D01158,Robert Lee,(616) 476-6913,MIA63616597,D,2030-05-23,false,true,2017-11-05
159,1,D01159,Austin Davis,(614) 218-5718,OHR66865818,D,2030-08-27,false,true,2018-08-19
160,1,D01160,Larry Diaz,(314) 382-3750,MOK63124989,D,2027-11-23,false,true,2016-06-28
161,1,D01161,Jacqueline Bass,(502) 426-6030,KYN50546870,A,2030-01-27,true,true,2025-09-14
162,1,D01162,Brittany Lin,(616) 424-3663,MIB62535791,A,2029-07-19,false,true,2017-11-07
163,1,D01163,Daniel Cox,(614) 233-2766,OHR59596022,A,2027-07-16,true,true,2015-02-17
164,1,D01164,Joseph Dunlap,(616) 289-7737,MIC57001033,A,2030-09-09,true,true,2014-08-06
165,1,D01165,Whitney Howard,(317) 869-7832,INN55156154,A,2028-07-04,true,true,2014-01-25
166,1,D01166,Melissa Gray,(630) 780-1371,ILA76856055,A,2027-03-25,false,true,2013-07-24
167,3,,Ashley Martinez,(314) 630-3158,MOT84160106,A,2028-01-18,true,true,2025-12-01
168,1,D01168,Joseph Curtis,(515) 871-5354,IAA69203797,A,2028-03-09,true,true,2018-01-21
169,1,D01169,Bobby Rivas,(317) 947-3066,IND87908838,A,2027-05-02,false,true,2020-05-01
170,1,D01170,Ashley Oneill,(616) 826-4658,MIB49240489,D,2027-05-19,false,true,2016-12-06
171,1,D01171,Jill Banks,(314) 987-4047,MOC20542230,A,2029-09-02,true,true,2025-08-09
172,1,D01172,Cynthia Martin,(630) 713-4900,ILK51663331,A,2029-10-05,true,true,2018-08-09
173,1,D01173,Noah Larsen,(615) 947-8156,TNW95811202,D,2030-07-16,true,true,2024-02-15
174,1,D01174,Michael Macias,(317) 893-8089,INC33976453,A,2029-04-10,true,true,2024-09-25
175,1,D01175,Kristy Chapman,(615) 460-1631,TNS87125384,A,2029-09-04,false,true,2018-09-26
176,1,D01176,Gabriella Clark,(317) 516-2191,INP78307445,A,2030-03-15,true,true,2016-07-18
177,1,D01177,Eric Marquez,(630) 698-6902,ILE17732996,A,2028-09-12,true,true,2018-08-25
178,1,D01178,Jessica Yang,(614) 228-4419,OHH67374307,A,2027-07-17,false,true,2013-10-01
179,1,D01179,Manuel Walker,(317) 255-8077,INT79585348,A,2030-05-25,false,true,2025-03-12
180,1,D01180,Adam Watson,(317) 517-6550,INW44117629,A,2028-02-28,true,true,2021-02-12
181,1,D01181,Ashley Smith,(317) 728-3289,INF25685230,A,2027-12-16,false,true,2021-09-22
182,1,D01182,Darren Martinez,(614) 795-4846,OHC70441581,A,2028-09-10,false,true,2023-08-22
183,5,,Jeremy Perez,(630) 829-1225,ILM83069162,A,2029-06-23,false,true,2025-10-01
184,1,D01184,David Rose,(412) 327-8337,PAK48273473,A,2027-09-02,true,true,2014-01-04
185,1,D01185,Robert Knight,(412) 321-0887,PAS50262194,A,2027-02-18,false,true,2016-10-06
186,1,D01186,Tyler Wiley,(616) 781-6147,MIN70768255,D,2028-08-19,true,true,2024-10-05
187,1,D01187,Julie Smith,(412) 515-1393,PAP62776996,A,2028-04-24,false,true,2023-01-16
188,1,D01188,Dorothy Turner,(314) 352-1897,MOR94844577,D,2029-01-04,true,true,2023-09-10
189,1,D01189,Michele Steele,(402) 685-6443,NEW94274958,D,2029-01-08,true,true,2021-01-06
190,1,D01190,Cassandra Turner,(615) 212-5013,TNF45518329,D,2030-09-07,false,true,2016-06-09
191,1,D01191,Michael Rivera,(515) 562-8004,IAW39747970,D,2030-08-09,false,true,2012-12-14
192,1,D01192,Susan Sanders,(314) 271-4606,MOS24315781,A,2030-09-17,false,true,2017-04-13
193,1,D01193,Collin Garcia,(614) 357-8541,OHD23091382,A,2030-03-23,true,true,2018-10-14
194,1,D01194,Bobby Gutierrez,(402) 985-7439,NEK93219663,A,2030-03-07,true,true,2019-11-15
195,1,D01195,Dana Luna,(402) 648-4141,NEF88953804,A,2030-06-20,true,true,2014-10-23
196,1,D01196,Sandra Daniels,(402) 769-5147,NEM30038055,A,2030-10-20,true,true,2012-09-28
197,1,D01197,Kelly Bass,(614) 488-4467,OHH62080346,D,2030-06-10,false,true,2019-02-15
198,1,D01198,Alan Ferguson,(317) 867-4134,INA97540597,D,2029-08-03,false,true,2019-12-09
199,1,D01199,Walter Mccarthy,(502) 611-7028,KYG29637248,D,2027-02-27,false,true,2019-05-15
200,1,D01200,Megan Thompson,(651) 441-7830,MNF56604959,D,2027-03-22,false,true,2016-02-27
201,1,D01201,Matthew Byrd,(615) 859-1868,TNE77298170,D,2028-10-03,false,true,2019-04-07
202,1,D01202,Alyssa Holland,(314) 207-3843,MOH71185121,D,2026-11-16,true,true,2014-01-17
203,6,,Emily Banks,(314) 298-4950,MOG96882682,D,2029-02-16,true,true,2020-05-27
204,1,D01204,Amanda Glass,(630) 847-7915,ILT94363223,D,2026-10-05,false,true,2025-08-26
205,1,D01205,Timothy Welch,(412) 976-2197,PAC60054414,A,2027-10-23,false,true,2015-11-23
206,1,D01206,Sue Chapman,(614) 708-7162,OHC83344775,A,2026-11-21,true,true,2024-02-05
207,1,D01207,David Daniel,(317) 296-1729,INM20613746,A,2027-01-03,true,true,2016-08-20
208,8,,Earl Diaz,(314) 607-0751,MOG49718197,A,2030-03-12,true,true,2023-11-04
209,1,D01209,Thomas Moore,(616) 278-3224,MIB92807748,A,2028-12-25,true,true,2021-06-22
210,1,D01210,Mark Torres,(615) 699-8849,TNW91487749,A,2027-06-26,false,true,2021-08-22
211,1,D01211,William Tate,(402) 637-3449,NEW50145310,A,2027-07-24,true,true,2020-07-16
212,1,D01212,Melissa Moore,(402) 564-5860,NEB11794851,A,2029-10-21,false,true,2021-01-26
213,1,D01213,Mary Spencer,(402) 470-0213,NET62985442,A,2030-08-18,false,true,2025-04-27
214,1,D01214,Jill Fry,(402) 225-6002,NEL61815243,A,2030-09-23,false,true,2019-07-02
215,1,D01215,Christopher Hudson,(402) 301-6752,NEW22422264,D,2027-11-25,true,true,2023-09-16
216,1,D01216,David Ray,(616) 302-2074,MIH54784015,A,2029-04-06,false,true,2023-05-14
217,1,D01217,Rebecca Long,(314) 532-3073,MOD20294636,A,2030-11-14,true,true,2013-09-14
218,5,,Erin Harper,(630) 928-3026,ILH10892547,A,2027-09-21,true,true,2016-05-14
219,1,D01219,Alexander Hogan,(630) 571-2324,ILE16634138,A,2028-11-07,true,true,2024-01-05
220,1,D01220,Jesse Zimmerman,(412) 889-3357,PAB58590979,A,2028-01-17,false,true,2022-11-15
221,1,D01221,Stephen Jones,(614) 637-7166,OHA49721120,A,2027-04-09,true,true,2024-04-03
222,2,,Scott Higgins,(616) 366-0509,MIB85604171,A,2027-07-13,true,true,2019-01-21
223,1,D01223,Krista Benitez,(414) 639-1361,WIA62529662,A,2027-05-13,true,true,2018-06-09
224,1,D01224,Jesse Schwartz,(614) 660-4636,OHP86367443,A,2026-10-03,true,true,2021-12-17
225,1,D01225,Lindsay Alexander,(630) 788-1643,ILE79787084,D,2026-10-02,true,true,2021-02-13
226,1,D01226,Allen Taylor,(615) 777-2414,TNA11965535,A,2027-01-04,true,true,2019-12-07
227,1,D01227,Susan Hensley,(317) 940-4963,INB48919676,A,2027-01-08,false,true,2013-06-16
228,1,D01228,Miranda Frazier,(317) 884-3549,INA17803087,A,2030-12-12,true,true,2021-12-05
229,1,D01229,Robert Frey,(317) 988-8552,INA11901568,A,2030-01-27,true,true,2022-10-19
230,1,D01230,Janice Ward,(317) 777-1115,INB38483489,A,2027-08-16,true,true,2019-09-22
231,1,D01231,Jared Walker,(614) 288-3096,OHT96592150,A,2029-05-13,true,true,2017-08-21
232,1,D01232,Brenda Lee,(630) 329-2395,ILN28212031,A,2029-09-20,true,true,2020-06-05
233,1,D01233,Tricia Dominguez,(630) 648-3280,ILA33407022,A,2030-07-09,true,true,2018-01-11
234,1,D01234,Julie Park,(317) 947-7986,INW21445553,B,2028-05-22,false,true,2020-08-24
235,1,D01235,Joshua Smith,(412) 820-3267,PAM53954224,A,2028-02-17,true,true,2019-07-12
236,1,D01236,Joseph Brooks,(614) 644-2619,OHW97440885,D,2030-01-16,false,true,2022-01-01
237,4,,Michael Hoover,(502) 252-5551,KYR47512966,D,2028-06-23,false,true,2015-04-23
238,1,D01238,Theresa Carney,(412) 490-2388,PAH92969097,A,2027-07-15,true,true,2017-04-04
239,4,,Marisa Salazar,(314) 718-5699,MOB15480268,A,2027-09-07,true,true,2014-02-23
240,1,D01240,Randall Bolton,(651) 251-0651,MNC84202599,D,2030-03-24,true,true,2014-08-08
241,1,D01241,Blake Martin,(502) 311-2706,KYW60928890,A,2028-04-25,false,true,2023-10-03
242,1,D01242,Lisa Morrow,(414) 200-0596,WIE49178311,D,2029-04-09,true,true,2018-09-19
243,1,D01243,Stacey Holder,(614) 480-4095,OHB81320702,D,2029-08-19,true,true,2013-06-22
244,2,,Chad Jones,(616) 594-6104,MIS71441823,A,2030-08-27,true,true,2018-12-20
245,1,D01245,Shane Brooks,(614) 918-7287,OHN23586704,D,2030-07-20,true,true,2023-10-11
246,1,D01246,Jason Gordon,(630) 635-9375,ILE69950675,D,2027-05-18,true,true,2018-12-15
247,1,D01247,Jonathan Phillips,(614) 887-2599,OHK77875266,A,2028-03-10,true,true,2019-05-11
248,1,D01248,Kelsey Clark,(630) 961-1798,ILT22025837,A,2028-04-16,false,true,2013-02-06
249,1,D01249,Vicki Austin,(614) 422-0355,OHL20809388,A,2027-04-24,true,true,2012-04-02
250,1,D01250,Sharon Thornton,(614) 696-3854,OHD44154829,A,2029-05-23,true,true,2025-08-24
251,2,,Susan Contreras,(317) 962-5595,INE98590670,A,2028-09-14,true,true,2015-06-08
252,1,D01252,Sandy Ellis,(317) 895-1904,INH95191441,A,2027-06-28,false,true,2025-05-01
253,1,D01253,Brenda Wallace,(317) 661-3474,INS85912792,A,2029-06-14,false,true,2017-04-28
254,1,D01254,Jamie Barnes,(630) 564-7576,ILF35170133,A,2029-08-16,false,true,2016-03-09
255,1,D01255,Adam Gonzalez,(630) 716-1949,ILL52565304,A,2028-04-03,false,true,2016-04-06
256,1,D01256,Daniel Harris,(630) 228-0461,ILA49078125,A,2028-02-27,false,true,2014-10-09
257,1,D01257,Kristen Wolf,(630) 221-0640,ILF29153966,A,2027-04-27,false,true,2023-05-11
258,1,D01258,Jerry Chavez,(616) 705-0573,MIS85023157,D,2028-06-27,true,true,2023-05-06
259,2,,William Garcia,(615) 358-5766,TNS75438578,D,2027-04-09,true,true,2012-09-10
260,1,D01260,Joshua Thompson,(651) 586-4084,MND75457879,D,2027-06-07,true,true,2015-05-02
261,1,D01261,Caitlyn Jensen,(630) 725-0974,ILH50247070,D,2027-03-25,true,true,2018-06-07
262,8,,Christopher Vasquez,(314) 493-7742,MOR63740241,A,2027-08-16,true,true,2017-12-16
263,1,D01263,Brian Wood,(314) 259-4312,MOW95367622,A,2029-11-04,true,true,2013-04-16
264,1,D01264,Benjamin White,(651) 950-2084,MNG75850803,D,2030-11-18,true,true,2016-07-19
265,1,D01265,Barbara Snyder,(651) 968-5135,MNM32273024,A,2028-02-15,false,true,2018-05-11
266,1,D01266,Joshua Lewis,(317) 316-5718,INR11768975,A,2029-10-19,false,true,2013-12-09
267,1,D01267,Daniel Morton,(651) 311-5091,MND97424756,A,2029-02-08,true,true,2018-07-15
268,1,D01268,Raymond Lee,(614) 714-9052,OHB19696677,A,2027-07-28,false,true,2014-01-22
269,1,D01269,Lisa Brown,(651) 253-9518,MNK77135248,A,2030-10-24,false,true,2021-08-09
270,1,D01270,Elizabeth Hammond,(651) 389-3592,MNS46770019,A,2028-04-21,true,true,2025-01-19
271,1,D01271,Brittany Kelly,(515) 303-9342,IAR47604860,D,2027-06-12,true,true,2015-04-19
272,1,D01272,Anita Whitaker,(651) 449-4353,MNS24214501,A,2027-09-09,true,true,2021-03-26
273,1,D01273,Anthony Carter,(651) 510-3402,MND88080022,A,2027-01-04,true,true,2017-02-11
274,1,D01274,Jaclyn Evans,(651) 872-1642,MNW84398393,A,2027-12-25,false,true,2025-01-26
275,3,,Karen Daniel,(651) 448-0967,MNN53016194,A,2027-12-13,false,true,2013-09-14
276,1,D01276,Vickie Leonard,(651) 797-9725,MNW35924795,A,2028-04-26,true,true,2016-02-13
277,1,D01277,David Robinson,(651) 576-2473,MNT87337936,A,2028-06-23,true,true,2012-02-08
278,1,D01278,Morgan Howard,(630) 876-7835,ILL41018957,A,2027-04-12,false,true,2015-05-28
279,1,D01279,Cassandra Peterson,(317) 831-1583,IND39557208,D,2027-09-02,true,true,2025-06-12
280,1,D01280,Christopher Collins,(630) 241-8397,ILN87328259,A,2027-08-02,true,true,2015-08-14
281,1,D01281,Justin Martinez,(615) 289-9590,TND76551070,A,2029-06-21,false,true,2016-01-11
282,1,D01282,Steven Rhodes,(317) 554-2309,INA38112151,D,2029-11-04,true,true,2012-09-23
283,1,D01283,Jennifer Rice,(630) 774-5197,ILN62840212,B,2027-01-27,false,true,2015-09-24
284,6,,Martin Petersen,(314) 201-7863,MOA73817493,D,2028-10-22,true,true,2013-07-15
285,1,D01285,Erica Berg,(614) 617-8584,OHD40035294,A,2027-03-26,false,true,2018-08-08
286,1,D01286,Michelle Mcmillan,(317) 258-2632,INE96448625,A,2030-11-20,false,true,2023-02-22
287,1,D01287,Jay Wyatt,(317) 218-6981,INS25798396,A,2028-05-02,false,true,2013-09-09
288,1,D01288,Charlene Brown,(317) 346-6689,INM45128407,A,2030-04-25,false,true,2014-06-18
289,1,D01289,Julie Kelley,(317) 919-7199,INE90686958,D,2029-05-26,true,true,2022-09-22
290,1,D01290,Kelly Johnson,(502) 937-4663,KYS92427289,A,2027-05-11,false,true,2018-05-27
291,1,D01291,Austin Suarez,(515) 745-0677,IAR38759190,A,2026-10-02,false,true,2018-11-14
292,1,D01292,Kathleen Ramos,(630) 509-4827,ILF35206821,A,2027-01-19,false,true,2023-09-04
293,1,D01293,Sarah Aguilar,(412) 681-8030,PAF19106772,A,2029-06-17,false,true,2019-06-10
294,1,D01294,John Green,(412) 287-0356,PAB63055233,A,2029-11-01,true,true,2024-07-05
295,1,D01295,Steven Parks,(614) 324-1676,OHW19791874,D,2030-12-06,true,true,2012-04-11
296,1,D01296,Todd Monroe,(412) 249-6615,PAT35140785,A,2029-01-18,false,true,2020-11-21
297,6,,Joe Jones,(502) 877-6645,KYH72669606,A,2029-08-03,true,true,2025-02-06
298,1,D01298,Robert Frank,(614) 665-7793,OHS81906917,D,2029-12-02,true,true,2025-04-15
299,1,D01299,Heather Chapman,(614) 876-9881,OHM21871108,D,2030-08-10,true,true,2024-02-06
300,1,D01300,Christopher Sandoval,(615) 798-1539,TNB85496329,D,2027-02-20,true,true,2021-06-08
301,1,D01301,Traci Wolf,(630) 797-6206,ILP40610290,A,2029-12-15,true,true,2023-05-16
302,1,D01302,Robert James,(614) 295-3798,OHK23806601,A,2027-05-27,true,true,2015-10-04
303,1,D01303,Kerri Adams,(412) 490-6371,PAP19076942,B,2029-09-01,true,true,2022-05-04
304,1,D01304,Whitney Hill,(614) 705-2932,OHP84089533,A,2027-05-19,false,true,2019-10-17
305,1,D01305,Cynthia Thomas,(630) 611-7744,ILA95276774,A,2028-09-18,true,true,2013-02-08
306,1,D01306,Joshua Brown,(630) 362-9468,ILT81846105,A,2028-03-20,true,true,2022-09-17
307,1,D01307,Audrey Weber,(630) 262-5361,ILF80328546,A,2028-04-09,false,true,2023-01-16
308,4,,April Poole,(502) 563-0415,KYL40698867,D,2028-03-11,true,true,2022-08-06
309,1,D01309,Tanya Chan,(317) 701-6095,INR66478208,A,2028-01-12,false,true,2020-11-13
310,1,D01310,Victoria Lopez,(614) 405-5623,OHC53209859,A,2030-10-11,false,true,2025-08-07
311,1,D01311,James Johnson,(317) 874-2277,INR23399040,A,2028-08-28,false,true,2017-10-19
312,1,D01312,Rick Butler,(630) 450-6116,ILH64248971,A,2026-11-27,false,true,2021-09-10
313,1,D01313,Tanya Richardson,(614) 209-8544,OHK74942242,D,2027-02-26,true,true,2023-03-10
314,1,D01314,David Rose,(314) 246-2222,MOM88202023,D,2027-09-27,false,true,2014-05-28
315,4,,Cody Arias,(402) 751-2520,NEG70576084,A,2030-02-27,false,true,2022-06-01
316,1,D01316,Jason Stewart,(402) 859-4908,NEF56488095,A,2027-08-26,false,true,2018-11-04
317,1,D01317,Heather Benjamin,(402) 736-0538,NEW19041846,A,2027-05-27,true,true,2021-02-18
318,1,D01318,Lindsey Davenport,(317) 475-7325,INC82940967,D,2027-08-06,true,true,2017-10-25
319,5,,Kathleen Black,(317) 977-7630,ING86684738,A,2030-02-22,true,true,2017-04-08
320,1,D01320,Christopher Dyer,(614) 803-1375,OHD73380069,A,2027-06-12,false,true,2015-11-26
321,1,D01321,Krista Wood,(515) 486-5795,IAK67155850,A,2027-07-06,true,true,2020-05-09
322,1,D01322,Kimberly Chan,(651) 483-7540,MNH73474881,D,2027-02-10,true,true,2022-12-12
323,1,D01323,Emily Alexander,(412) 861-4375,PAP28693002,A,2029-07-01,true,true,2012-02-20
324,1,D01324,Joseph Hinton,(616) 779-9073,MIK33691343,D,2030-05-10,true,true,2019-07-24
325,1,D01325,Robert Kim,(630) 388-5462,ILR10064644,D,2028-06-10,false,true,2023-08-08
326,1,D01326,Robert Wilcox,(614) 426-5206,OHG44746485,A,2028-03-08,true,true,2020-10-28
327,1,D01327,Jacob Smith,(317) 596-2786,INB56427316,A,2030-01-05,false,true,2017-08-16
328,1,D01328,Anna Moore,(317) 235-3987,INB33377367,A,2030-12-28,false,true,2017-05-24
329,1,D01329,Amy Blackwell,(630) 616-2731,ILD43785328,A,2030-07-18,false,true,2020-02-10
330,1,D01330,Kevin Friedman,(614) 520-3387,OHK10339919,A,2030-07-06,false,true,2021-01-04
331,1,D01331,Patrick Brown,(651) 775-3497,MNR53053670,D,2027-03-05,true,true,2023-06-20
332,1,D01332,Erin Cooper,(614) 765-7620,OHR24033311,A,2028-03-20,true,true,2023-01-12
333,1,D01333,Ashley Ward,(314) 544-5984,MOT70011282,A,2027-07-25,true,true,2013-08-10
334,1,D01334,Alex Hood,(615) 581-7950,TNR81909393,A,2028-02-14,false,true,2012-01-01
335,6,,Preston Krueger,(317) 463-9167,INM97305314,A,2028-03-17,true,true,2013-06-02
336,5,,Alexis Ramirez,(630) 337-5759,ILW66635535,A,2027-02-28,true,true,2014-04-23
337,1,D01337,Derek Kane,(630) 757-7261,ILC78258766,B,2027-10-01,true,true,2024-04-25
338,4,,Adam Roth,(414) 867-0943,WIG64525057,D,2026-11-22,true,true,2015-04-12
339,1,D01339,Jeremy Conner,(630) 209-3656,ILL70295548,A,2030-11-14,true,true,2020-05-02
340,1,D01340,Brittany Lawrence,(317) 622-7996,INA95391939,A,2027-10-01,true,true,2019-10-25
341,2,,Christopher Skinner,(317) 868-4613,INK41022980,A,2028-05-07,true,true,2015-05-08
342,1,D01342,Gina Velazquez,(614) 665-2871,OHB49781181,D,2027-11-23,true,true,2013-02-17
343,1,D01343,Michael Williams,(630) 953-5386,ILM55582792,A,2028-12-23,false,true,2025-01-01
344,1,D01344,Johnathan Perez,(630) 306-6570,ILL99809293,A,2029-08-12,true,true,2012-08-03
345,1,D01345,Ryan Hunt,(630) 746-2458,ILM35778734,A,2027-07-19,true,true,2014-11-01
346,2,,Anthony Stewart,(630) 407-0872,ILA56957915,A,2027-03-17,true,true,2012-10-15
347,7,,Jonathan Banks,(402) 797-7705,NEE86657596,A,2027-09-23,true,true,2020-09-10
348,1,D01348,Robin Jones,(402) 805-5604,NED79248047,A,2027-04-11,true,true,2023-10-02
349,9,,Kyle Green,(402) 589-3598,NEW12146448,A,2029-06-05,false,true,2013-02-07
350,2,,Brandon Smith,(402) 810-0095,NEE97431279,A,2030-04-19,true,true,2022-08-23
351,1,D01351,Justin Smith,(402) 924-0290,NEC54581290,A,2026-11-19,false,true,2017-10-12
352,1,D01352,Scott Hill,(412) 746-7520,PAP62277691,D,2027-05-11,true,true,2020-11-05
353,1,D01353,Erik Bell,(614) 414-1685,OHA24855072,A,2027-04-20,true,true,2020-06-16
354,1,D01354,Caroline Aguirre,(317) 986-5320,IND50840133,A,2027-07-21,false,true,2023-04-07
355,1,D01355,Sharon Dixon,(317) 650-2137,INC20688904,A,2028-08-23,true,true,2019-11-05
356,9,,Erik Kim,(630) 395-7570,ILG40650025,A,2027-06-25,false,true,2025-10-05
357,1,D01357,Colleen Mccarthy,(630) 219-4286,ILH75006406,A,2030-02-11,true,true,2012-11-20
358,1,D01358,Joseph Gilmore,(314) 359-1480,MOB27663507,D,2027-10-05,true,true,2022-05-04
359,1,D01359,Steven Mitchell,(615) 665-7944,TNG39420438,A,2030-03-01,true,true,2017-03-14
360,1,D01360,Mary Reed,(630) 958-2825,ILA46700049,D,2030-09-19,true,true,2013-04-05
361,1,D01361,Jay Woods,(402) 933-5972,NEE73609980,A,2028-03-27,true,true,2024-03-04
362,1,D01362,Thomas Anderson,(402) 561-8285,NET84488181,A,2027-07-16,true,true,2023-07-01
363,1,D01363,Michelle Owens,(402) 554-6131,NEC94700482,A,2028-09-26,true,true,2018-08-27
364,1,D01364,Shane Guzman,(402) 730-0831,NEL13452393,A,2027-09-24,true,true,2025-08-21
365,1,D01365,Robert Hill,(614) 335-6425,OHE71048884,A,2027-05-02,false,true,2012-05-20
366,1,D01366,Carrie Peterson,(614) 324-6731,OHK69657275,D,2027-04-03,true,true,2019-04-15
367,4,,Lynn Tanner,(502) 765-2259,KYS18729726,D,2027-03-03,true,true,2016-02-18
368,1,D01368,Thomas Watkins,(314) 798-3128,MON61291937,D,2030-11-03,true,true,2015-07-06
369,1,D01369,Robert Gonzalez,(614) 781-1747,OHT76860858,A,2027-08-21,false,true,2021-02-16
370,7,,Ronald Walker,(402) 783-8575,NEF94969409,A,2029-07-21,false,true,2017-04-25
371,1,D01371,Tonya Rodriguez,(630) 754-9093,ILR77191730,D,2027-09-22,true,true,2023-04-25
372,1,D01372,Justin Bates,(616) 203-0796,MIT90791591,D,2028-02-17,true,true,2024-11-24
373,1,D01373,Gregory Hicks,(314) 686-4267,MOS62412592,A,2029-10-09,true,true,2015-07-12
374,8,,Shannon Ellison,(314) 301-0613,MOM15429763,A,2028-07-26,true,true,2023-05-23
375,1,D01375,Megan Adams,(314) 825-5832,MOH67605744,A,2030-12-15,true,true,2012-06-24
376,1,D01376,Max Ballard,(317) 247-3914,ING18561605,A,2030-06-28,false,true,2013-03-07
377,1,D01377,Jessica Fuller,(402) 518-9370,NER14488166,B,2030-05-26,true,true,2016-01-04
378,1,D01378,Jessica Morris,(616) 321-8747,MIT70190157,A,2027-02-19,false,true,2022-10-14
379,1,D01379,Lawrence Nichols,(414) 850-9634,WIA38281548,A,2029-10-20,true,true,2023-02-11
380,1,D01380,Susan Bass,(616) 758-5940,MIG10724869,A,2028-11-15,true,true,2017-01-07
381,1,D01381,Lucas Williams,(615) 634-9118,TNM30744450,D,2027-06-15,true,true,2014-11-17
382,7,,Alisha Smith,(630) 655-6882,ILK17143691,A,2027-09-06,true,true,2017-05-22
383,1,D01383,Rose Nelson,(317) 408-6564,INS73796552,A,2027-05-06,false,true,2016-06-15
384,1,D01384,Toni Collins,(317) 559-1710,ING66855423,A,2026-11-08,false,true,2019-06-06
385,1,D01385,Joshua Walker,(502) 989-1128,KYH49390764,D,2027-07-25,false,true,2018-11-05
386,1,D01386,Richard Hall,(317) 445-7737,INH57788645,D,2027-03-26,false,false,2012-11-11
387,1,D01387,John Washington,(616) 573-7883,MIB65451496,D,2030-03-10,false,false,2022-06-14
388,1,D01388,Brandon Smith,(414) 286-2822,WIW31638407,D,2029-09-16,false,false,2014-10-16
389,1,D01389,Brandy Brown,(614) 356-5441,OHB31506868,B,2029-10-06,false,false,2023-07-13
390,1,D01390,John Leblanc,(630) 270-4060,ILB51684389,A,2030-10-07,false,false,2017-10-05
391,1,D01391,Carlos Vance,(614) 358-6997,OHF94089650,D,2030-02-12,false,false,2018-07-10
392,1,D01392,Katie Martin,(614) 296-8797,OHK23909081,B,2029-03-23,false,false,2023-02-21
393,1,D01393,James Beck,(412) 363-6001,PAR37448502,D,2028-10-25,false,false,2019-07-04
394,1,D01394,Thomas Riley,(614) 453-2540,OHT28532963,D,2028-04-09,false,false,2015-02-28
395,1,D01395,Kyle Moore,(616) 336-7506,MIN70613244,B,2029-03-22,false,false,2012-07-12
396,1,D01396,Evan Hicks,(630) 398-8653,ILS73377535,A,2027-08-21,true,false,2015-07-06
397,1,D01397,Jillian Davis,(402) 477-5897,NER34363476,D,2027-04-27,false,false,2022-03-15
398,1,D01398,James Baxter,(314) 563-9802,MOG82286317,A,2029-09-07,true,false,2012-05-02
399,1,D01399,James Estrada,(317) 827-3496,ING38979228,A,2027-01-14,false,false,2013-05-05
