rate_card_id,client_id,service_level,origin_zone,destination_zone,min_weight_kg,max_weight_kg,base_charge,per_kg_charge,fuel_surcharge_pct,valid_from,valid_to
1,,same_day,Z1,Z1,0.00,70.00,34.38,1.2893,16.25,2025-01-01,2025-12-31
2,,same_day,Z1,Z1,70.00,500.00,128.92,0.9168,16.25,2025-01-01,2025-12-31
3,,same_day,Z1,Z1,500.00,,343.80,0.5157,16.25,2025-01-01,2025-12-31
4,,express,Z1,Z1,0.00,70.00,20.63,0.7736,16.25,2025-01-01,2025-12-31
5,,express,Z1,Z1,70.00,500.00,77.36,0.5501,16.25,2025-01-01,2025-12-31
6,,express,Z1,Z1,500.00,,206.28,0.3094,16.25,2025-01-01,2025-12-31
7,,next_day,Z1,Z1,0.00,70.00,17.19,0.6446,16.25,2025-01-01,2025-12-31
8,,next_day,Z1,Z1,70.00,500.00,64.46,0.4584,16.25,2025-01-01,2025-12-31
9,,next_day,Z1,Z1,500.00,,171.90,0.2579,16.25,2025-01-01,2025-12-31
10,,standard,Z1,Z1,0.00,70.00,11.46,0.4297,16.25,2025-01-01,2025-12-31
11,,standard,Z1,Z1,70.00,500.00,42.98,0.3056,16.25,2025-01-01,2025-12-31
12,,standard,Z1,Z1,500.00,,114.60,0.1719,16.25,2025-01-01,2025-12-31
13,,economy,Z1,Z1,0.00,70.00,9.17,0.3438,16.25,2025-01-01,2025-12-31
14,,economy,Z1,Z1,70.00,500.00,34.38,0.2445,16.25,2025-01-01,2025-12-31
15,,economy,Z1,Z1,500.00,,91.68,0.1375,16.25,2025-01-01,2025-12-31
16,,freight,Z1,Z1,0.00,,176.68,0.1050,16.25,2025-01-01,2025-12-31
17,,express,Z1,Z2,0.00,70.00,27.44,1.0314,16.25,2025-01-01,2025-12-31
18,,express,Z1,Z2,70.00,500.00,102.88,0.7334,16.25,2025-01-01,2025-12-31
19,,express,Z1,Z2,500.00,,274.35,0.4126,16.25,2025-01-01,2025-12-31
20,,next_day,Z1,Z2,0.00,70.00,22.86,0.8595,16.25,2025-01-01,2025-12-31
21,,next_day,Z1,Z2,70.00,500.00,85.74,0.6112,16.25,2025-01-01,2025-12-31
22,,next_day,Z1,Z2,500.00,,228.63,0.3438,16.25,2025-01-01,2025-12-31
23,,standard,Z1,Z2,0.00,70.00,15.24,0.5730,16.25,2025-01-01,2025-12-31
24,,standard,Z1,Z2,70.00,500.00,57.16,0.4075,16.25,2025-01-01,2025-12-31
25,,standard,Z1,Z2,500.00,,152.42,0.2292,16.25,2025-01-01,2025-12-31
26,,economy,Z1,Z2,0.00,70.00,12.19,0.4584,16.25,2025-01-01,2025-12-31
27,,economy,Z1,Z2,70.00,500.00,45.73,0.3260,16.25,2025-01-01,2025-12-31
28,,economy,Z1,Z2,500.00,,121.93,0.1834,16.25,2025-01-01,2025-12-31
29,,freight,Z1,Z2,0.00,,257.85,0.1432,16.25,2025-01-01,2025-12-31
30,,express,Z1,Z3,0.00,70.00,27.44,1.0314,16.25,2025-01-01,2025-12-31
31,,express,Z1,Z3,70.00,500.00,102.88,0.7334,16.25,2025-01-01,2025-12-31
32,,express,Z1,Z3,500.00,,274.35,0.4126,16.25,2025-01-01,2025-12-31
33,,next_day,Z1,Z3,0.00,70.00,22.86,0.8595,16.25,2025-01-01,2025-12-31
34,,next_day,Z1,Z3,70.00,500.00,85.74,0.6112,16.25,2025-01-01,2025-12-31
35,,next_day,Z1,Z3,500.00,,228.63,0.3438,16.25,2025-01-01,2025-12-31
36,,standard,Z1,Z3,0.00,70.00,15.24,0.5730,16.25,2025-01-01,2025-12-31
37,,standard,Z1,Z3,70.00,500.00,57.16,0.4075,16.25,2025-01-01,2025-12-31
38,,standard,Z1,Z3,500.00,,152.42,0.2292,16.25,2025-01-01,2025-12-31
39,,economy,Z1,Z3,0.00,70.00,12.19,0.4584,16.25,2025-01-01,2025-12-31
40,,economy,Z1,Z3,70.00,500.00,45.73,0.3260,16.25,2025-01-01,2025-12-31
41,,economy,Z1,Z3,500.00,,121.93,0.1834,16.25,2025-01-01,2025-12-31
42,,freight,Z1,Z3,0.00,,257.85,0.1432,16.25,2025-01-01,2025-12-31
43,,express,Z1,Z4,0.00,70.00,27.44,1.0314,16.25,2025-01-01,2025-12-31
44,,express,Z1,Z4,70.00,500.00,102.88,0.7334,16.25,2025-01-01,2025-12-31
45,,express,Z1,Z4,500.00,,274.35,0.4126,16.25,2025-01-01,2025-12-31
46,,next_day,Z1,Z4,0.00,70.00,22.86,0.8595,16.25,2025-01-01,2025-12-31
47,,next_day,Z1,Z4,70.00,500.00,85.74,0.6112,16.25,2025-01-01,2025-12-31
48,,next_day,Z1,Z4,500.00,,228.63,0.3438,16.25,2025-01-01,2025-12-31
49,,standard,Z1,Z4,0.00,70.00,15.24,0.5730,16.25,2025-01-01,2025-12-31
50,,standard,Z1,Z4,70.00,500.00,57.16,0.4075,16.25,2025-01-01,2025-12-31
51,,standard,Z1,Z4,500.00,,152.42,0.2292,16.25,2025-01-01,2025-12-31
52,,economy,Z1,Z4,0.00,70.00,12.19,0.4584,16.25,2025-01-01,2025-12-31
53,,economy,Z1,Z4,70.00,500.00,45.73,0.3260,16.25,2025-01-01,2025-12-31
54,,economy,Z1,Z4,500.00,,121.93,0.1834,16.25,2025-01-01,2025-12-31
55,,freight,Z1,Z4,0.00,,257.85,0.1432,16.25,2025-01-01,2025-12-31
56,,express,Z1,Z5,0.00,70.00,34.24,1.2893,16.25,2025-01-01,2025-12-31
57,,express,Z1,Z5,70.00,500.00,128.41,0.9168,16.25,2025-01-01,2025-12-31
58,,express,Z1,Z5,500.00,,342.42,0.5157,16.25,2025-01-01,2025-12-31
59,,next_day,Z1,Z5,0.00,70.00,28.54,1.0744,16.25,2025-01-01,2025-12-31
60,,next_day,Z1,Z5,70.00,500.00,107.01,0.7640,16.25,2025-01-01,2025-12-31
61,,next_day,Z1,Z5,500.00,,285.35,0.4297,16.25,2025-01-01,2025-12-31
62,,standard,Z1,Z5,0.00,70.00,19.02,0.7162,16.25,2025-01-01,2025-12-31
63,,standard,Z1,Z5,70.00,500.00,71.34,0.5093,16.25,2025-01-01,2025-12-31
64,,standard,Z1,Z5,500.00,,190.24,0.2865,16.25,2025-01-01,2025-12-31
65,,economy,Z1,Z5,0.00,70.00,15.22,0.5730,16.25,2025-01-01,2025-12-31
66,,economy,Z1,Z5,70.00,500.00,57.07,0.4075,16.25,2025-01-01,2025-12-31
67,,economy,Z1,Z5,500.00,,152.19,0.2292,16.25,2025-01-01,2025-12-31
68,,freight,Z1,Z5,0.00,,339.02,0.1815,16.25,2025-01-01,2025-12-31
69,,express,Z2,Z1,0.00,70.00,27.44,1.0314,16.25,2025-01-01,2025-12-31
70,,express,Z2,Z1,70.00,500.00,102.88,0.7334,16.25,2025-01-01,2025-12-31
71,,express,Z2,Z1,500.00,,274.35,0.4126,16.25,2025-01-01,2025-12-31
72,,next_day,Z2,Z1,0.00,70.00,22.86,0.8595,16.25,2025-01-01,2025-12-31
73,,next_day,Z2,Z1,70.00,500.00,85.74,0.6112,16.25,2025-01-01,2025-12-31
74,,next_day,Z2,Z1,500.00,,228.63,0.3438,16.25,2025-01-01,2025-12-31
75,,standard,Z2,Z1,0.00,70.00,15.24,0.5730,16.25,2025-01-01,2025-12-31
76,,standard,Z2,Z1,70.00,500.00,57.16,0.4075,16.25,2025-01-01,2025-12-31
77,,standard,Z2,Z1,500.00,,152.42,0.2292,16.25,2025-01-01,2025-12-31
78,,economy,Z2,Z1,0.00,70.00,12.19,0.4584,16.25,2025-01-01,2025-12-31
79,,economy,Z2,Z1,70.00,500.00,45.73,0.3260,16.25,2025-01-01,2025-12-31
80,,economy,Z2,Z1,500.00,,121.93,0.1834,16.25,2025-01-01,2025-12-31
81,,freight,Z2,Z1,0.00,,257.85,0.1432,16.25,2025-01-01,2025-12-31
82,,same_day,Z2,Z2,0.00,70.00,34.38,1.2893,16.25,2025-01-01,2025-12-31
83,,same_day,Z2,Z2,70.00,500.00,128.92,0.9168,16.25,2025-01-01,2025-12-31
84,,same_day,Z2,Z2,500.00,,343.80,0.5157,16.25,2025-01-01,2025-12-31
85,,express,Z2,Z2,0.00,70.00,20.63,0.7736,16.25,2025-01-01,2025-12-31
86,,express,Z2,Z2,70.00,500.00,77.36,0.5501,16.25,2025-01-01,2025-12-31
87,,express,Z2,Z2,500.00,,206.28,0.3094,16.25,2025-01-01,2025-12-31
88,,next_day,Z2,Z2,0.00,70.00,17.19,0.6446,16.25,2025-01-01,2025-12-31
89,,next_day,Z2,Z2,70.00,500.00,64.46,0.4584,16.25,2025-01-01,2025-12-31
90,,next_day,Z2,Z2,500.00,,171.90,0.2579,16.25,2025-01-01,2025-12-31
91,,standard,Z2,Z2,0.00,70.00,11.46,0.4297,16.25,2025-01-01,2025-12-31
92,,standard,Z2,Z2,70.00,500.00,42.98,0.3056,16.25,2025-01-01,2025-12-31
93,,standard,Z2,Z2,500.00,,114.60,0.1719,16.25,2025-01-01,2025-12-31
94,,economy,Z2,Z2,0.00,70.00,9.17,0.3438,16.25,2025-01-01,2025-12-31
95,,economy,Z2,Z2,70.00,500.00,34.38,0.2445,16.25,2025-01-01,2025-12-31
96,,economy,Z2,Z2,500.00,,91.68,0.1375,16.25,2025-01-01,2025-12-31
97,,freight,Z2,Z2,0.00,,176.68,0.1050,16.25,2025-01-01,2025-12-31
98,,express,Z2,Z3,0.00,70.00,27.44,1.0314,16.25,2025-01-01,2025-12-31
99,,express,Z2,Z3,70.00,500.00,102.88,0.7334,16.25,2025-01-01,2025-12-31
100,,express,Z2,Z3,500.00,,274.35,0.4126,16.25,2025-01-01,2025-12-31
101,,next_day,Z2,Z3,0.00,70.00,22.86,0.8595,16.25,2025-01-01,2025-12-31
102,,next_day,Z2,Z3,70.00,500.00,85.74,0.6112,16.25,2025-01-01,2025-12-31
103,,next_day,Z2,Z3,500.00,,228.63,0.3438,16.25,2025-01-01,2025-12-31
104,,standard,Z2,Z3,0.00,70.00,15.24,0.5730,16.25,2025-01-01,2025-12-31
105,,standard,Z2,Z3,70.00,500.00,57.16,0.4075,16.25,2025-01-01,2025-12-31
106,,standard,Z2,Z3,500.00,,152.42,0.2292,16.25,2025-01-01,2025-12-31
107,,economy,Z2,Z3,0.00,70.00,12.19,0.4584,16.25,2025-01-01,2025-12-31
108,,economy,Z2,Z3,70.00,500.00,45.73,0.3260,16.25,2025-01-01,2025-12-31
109,,economy,Z2,Z3,500.00,,121.93,0.1834,16.25,2025-01-01,2025-12-31
110,,freight,Z2,Z3,0.00,,257.85,0.1432,16.25,2025-01-01,2025-12-31
111,,express,Z2,Z4,0.00,70.00,34.24,1.2893,16.25,2025-01-01,2025-12-31
112,,express,Z2,Z4,70.00,500.00,128.41,0.9168,16.25,2025-01-01,2025-12-31
113,,express,Z2,Z4,500.00,,342.42,0.5157,16.25,2025-01-01,2025-12-31
114,,next_day,Z2,Z4,0.00,70.00,28.54,1.0744,16.25,2025-01-01,2025-12-31
115,,next_day,Z2,Z4,70.00,500.00,107.01,0.7640,16.25,2025-01-01,2025-12-31
116,,next_day,Z2,Z4,500.00,,285.35,0.4297,16.25,2025-01-01,2025-12-31
117,,standard,Z2,Z4,0.00,70.00,19.02,0.7162,16.25,2025-01-01,2025-12-31
118,,standard,Z2,Z4,70.00,500.00,71.34,0.5093,16.25,2025-01-01,2025-12-31
119,,standard,Z2,Z4,500.00,,190.24,0.2865,16.25,2025-01-01,2025-12-31
120,,economy,Z2,Z4,0.00,70.00,15.22,0.5730,16.25,2025-01-01,2025-12-31
121,,economy,Z2,Z4,70.00,500.00,57.07,0.4075,16.25,2025-01-01,2025-12-31
122,,economy,Z2,Z4,500.00,,152.19,0.2292,16.25,2025-01-01,2025-12-31
123,,freight,Z2,Z4,0.00,,339.02,0.1815,16.25,2025-01-01,2025-12-31
124,,express,Z2,Z5,0.00,70.00,27.44,1.0314,16.25,2025-01-01,2025-12-31
125,,express,Z2,Z5,70.00,500.00,102.88,0.7334,16.25,2025-01-01,2025-12-31
126,,express,Z2,Z5,500.00,,274.35,0.4126,16.25,2025-01-01,2025-12-31
127,,next_day,Z2,Z5,0.00,70.00,22.86,0.8595,16.25,2025-01-01,2025-12-31
128,,next_day,Z2,Z5,70.00,500.00,85.74,0.6112,16.25,2025-01-01,2025-12-31
129,,next_day,Z2,Z5,500.00,,228.63,0.3438,16.25,2025-01-01,2025-12-31
130,,standard,Z2,Z5,0.00,70.00,15.24,0.5730,16.25,2025-01-01,2025-12-31
131,,standard,Z2,Z5,70.00,500.00,57.16,0.4075,16.25,2025-01-01,2025-12-31
132,,standard,Z2,Z5,500.00,,152.42,0.2292,16.25,2025-01-01,2025-12-31
133,,economy,Z2,Z5,0.00,70.00,12.19,0.4584,16.25,2025-01-01,2025-12-31
134,,economy,Z2,Z5,70.00,500.00,45.73,0.3260,16.25,2025-01-01,2025-12-31
135,,economy,Z2,Z5,500.00,,121.93,0.1834,16.25,2025-01-01,2025-12-31
136,,freight,Z2,Z5,0.00,,257.85,0.1432,16.25,2025-01-01,2025-12-31
137,,express,Z3,Z1,0.00,70.00,27.44,1.0314,16.25,2025-01-01,2025-12-31
138,,express,Z3,Z1,70.00,500.00,102.88,0.7334,16.25,2025-01-01,2025-12-31
139,,express,Z3,Z1,500.00,,274.35,0.4126,16.25,2025-01-01,2025-12-31
140,,next_day,Z3,Z1,0.00,70.00,22.86,0.8595,16.25,2025-01-01,2025-12-31
141,,next_day,Z3,Z1,70.00,500.00,85.74,0.6112,16.25,2025-01-01,2025-12-31
142,,next_day,Z3,Z1,500.00,,228.63,0.3438,16.25,2025-01-01,2025-12-31
143,,standard,Z3,Z1,0.00,70.00,15.24,0.5730,16.25,2025-01-01,2025-12-31
144,,standard,Z3,Z1,70.00,500.00,57.16,0.4075,16.25,2025-01-01,2025-12-31
145,,standard,Z3,Z1,500.00,,152.42,0.2292,16.25,2025-01-01,2025-12-31
146,,economy,Z3,Z1,0.00,70.00,12.19,0.4584,16.25,2025-01-01,2025-12-31
147,,economy,Z3,Z1,70.00,500.00,45.73,0.3260,16.25,2025-01-01,2025-12-31
148,,economy,Z3,Z1,500.00,,121.93,0.1834,16.25,2025-01-01,2025-12-31
149,,freight,Z3,Z1,0.00,,257.85,0.1432,16.25,2025-01-01,2025-12-31
150,,express,Z3,Z2,0.00,70.00,27.44,1.0314,16.25,2025-01-01,2025-12-31
151,,express,Z3,Z2,70.00,500.00,102.88,0.7334,16.25,2025-01-01,2025-12-31
152,,express,Z3,Z2,500.00,,274.35,0.4126,16.25,2025-01-01,2025-12-31
153,,next_day,Z3,Z2,0.00,70.00,22.86,0.8595,16.25,2025-01-01,2025-12-31
154,,next_day,Z3,Z2,70.00,500.00,85.74,0.6112,16.25,2025-01-01,2025-12-31
155,,next_day,Z3,Z2,500.00,,228.63,0.3438,16.25,2025-01-01,2025-12-31
156,,standard,Z3,Z2,0.00,70.00,15.24,0.5730,16.25,2025-01-01,2025-12-31
157,,standard,Z3,Z2,70.00,500.00,57.16,0.4075,16.25,2025-01-01,2025-12-31
158,,standard,Z3,Z2,500.00,,152.42,0.2292,16.25,2025-01-01,2025-12-31
159,,economy,Z3,Z2,0.00,70.00,12.19,0.4584,16.25,2025-01-01,2025-12-31
160,,economy,Z3,Z2,70.00,500.00,45.73,0.3260,16.25,2025-01-01,2025-12-31
161,,economy,Z3,Z2,500.00,,121.93,0.1834,16.25,2025-01-01,2025-12-31
162,,freight,Z3,Z2,0.00,,257.85,0.1432,16.25,2025-01-01,2025-12-31
163,,same_day,Z3,Z3,0.00,70.00,34.38,1.2893,16.25,2025-01-01,2025-12-31
164,,same_day,Z3,Z3,70.00,500.00,128.92,0.9168,16.25,2025-01-01,2025-12-31
165,,same_day,Z3,Z3,500.00,,343.80,0.5157,16.25,2025-01-01,2025-12-31
166,,express,Z3,Z3,0.00,70.00,20.63,0.7736,16.25,2025-01-01,2025-12-31
167,,express,Z3,Z3,70.00,500.00,77.36,0.5501,16.25,2025-01-01,2025-12-31
168,,express,Z3,Z3,500.00,,206.28,0.3094,16.25,2025-01-01,2025-12-31
169,,next_day,Z3,Z3,0.00,70.00,17.19,0.6446,16.25,2025-01-01,2025-12-31
170,,next_day,Z3,Z3,70.00,500.00,64.46,0.4584,16.25,2025-01-01,2025-12-31
171,,next_day,Z3,Z3,500.00,,171.90,0.2579,16.25,2025-01-01,2025-12-31
172,,standard,Z3,Z3,0.00,70.00,11.46,0.4297,16.25,2025-01-01,2025-12-31
173,,standard,Z3,Z3,70.00,500.00,42.98,0.3056,16.25,2025-01-01,2025-12-31
174,,standard,Z3,Z3,500.00,,114.60,0.1719,16.25,2025-01-01,2025-12-31
175,,economy,Z3,Z3,0.00,70.00,9.17,0.3438,16.25,2025-01-01,2025-12-31
176,,economy,Z3,Z3,70.00,500.00,34.38,0.2445,16.25,2025-01-01,2025-12-31
177,,economy,Z3,Z3,500.00,,91.68,0.1375,16.25,2025-01-01,2025-12-31
178,,freight,Z3,Z3,0.00,,176.68,0.1050,16.25,2025-01-01,2025-12-31
179,,express,Z3,Z4,0.00,70.00,34.24,1.2893,16.25,2025-01-01,2025-12-31
180,,express,Z3,Z4,70.00,500.00,128.41,0.9168,16.25,2025-01-01,2025-12-31
181,,express,Z3,Z4,500.00,,342.42,0.5157,16.25,2025-01-01,2025-12-31
182,,next_day,Z3,Z4,0.00,70.00,28.54,1.0744,16.25,2025-01-01,2025-12-31
183,,next_day,Z3,Z4,70.00,500.00,107.01,0.7640,16.25,2025-01-01,2025-12-31
184,,next_day,Z3,Z4,500.00,,285.35,0.4297,16.25,2025-01-01,2025-12-31
185,,standard,Z3,Z4,0.00,70.00,19.02,0.7162,16.25,2025-01-01,2025-12-31
186,,standard,Z3,Z4,70.00,500.00,71.34,0.5093,16.25,2025-01-01,2025-12-31
187,,standard,Z3,Z4,500.00,,190.24,0.2865,16.25,2025-01-01,2025-12-31
188,,economy,Z3,Z4,0.00,70.00,15.22,0.5730,16.25,2025-01-01,2025-12-31
189,,economy,Z3,Z4,70.00,500.00,57.07,0.4075,16.25,2025-01-01,2025-12-31
190,,economy,Z3,Z4,500.00,,152.19,0.2292,16.25,2025-01-01,2025-12-31
191,,freight,Z3,Z4,0.00,,339.02,0.1815,16.25,2025-01-01,2025-12-31
192,,express,Z3,Z5,0.00,70.00,34.24,1.2893,16.25,2025-01-01,2025-12-31
193,,express,Z3,Z5,70.00,500.00,128.41,0.9168,16.25,2025-01-01,2025-12-31
194,,express,Z3,Z5,500.00,,342.42,0.5157,16.25,2025-01-01,2025-12-31
195,,next_day,Z3,Z5,0.00,70.00,28.54,1.0744,16.25,2025-01-01,2025-12-31
196,,next_day,Z3,Z5,70.00,500.00,107.01,0.7640,16.25,2025-01-01,2025-12-31
197,,next_day,Z3,Z5,500.00,,285.35,0.4297,16.25,2025-01-01,2025-12-31
198,,standard,Z3,Z5,0.00,70.00,19.02,0.7162,16.25,2025-01-01,2025-12-31
199,,standard,Z3,Z5,70.00,500.00,71.34,0.5093,16.25,2025-01-01,2025-12-31
200,,standard,Z3,Z5,500.00,,190.24,0.2865,16.25,2025-01-01,2025-12-31
201,,economy,Z3,Z5,0.00,70.00,15.22,0.5730,16.25,2025-01-01,2025-12-31
202,,economy,Z3,Z5,70.00,500.00,57.07,0.4075,16.25,2025-01-01,2025-12-31
203,,economy,Z3,Z5,500.00,,152.19,0.2292,16.25,2025-01-01,2025-12-31
204,,freight,Z3,Z5,0.00,,339.02,0.1815,16.25,2025-01-01,2025-12-31
205,,express,Z4,Z1,0.00,70.00,27.44,1.0314,16.25,2025-01-01,2025-12-31
206,,express,Z4,Z1,70.00,500.00,102.88,0.7334,16.25,2025-01-01,2025-12-31
207,,express,Z4,Z1,500.00,,274.35,0.4126,16.25,2025-01-01,2025-12-31
208,,next_day,Z4,Z1,0.00,70.00,22.86,0.8595,16.25,2025-01-01,2025-12-31
209,,next_day,Z4,Z1,70.00,500.00,85.74,0.6112,16.25,2025-01-01,2025-12-31
210,,next_day,Z4,Z1,500.00,,228.63,0.3438,16.25,2025-01-01,2025-12-31
211,,standard,Z4,Z1,0.00,70.00,15.24,0.5730,16.25,2025-01-01,2025-12-31
212,,standard,Z4,Z1,70.00,500.00,57.16,0.4075,16.25,2025-01-01,2025-12-31
213,,standard,Z4,Z1,500.00,,152.42,0.2292,16.25,2025-01-01,2025-12-31
214,,economy,Z4,Z1,0.00,70.00,12.19,0.4584,16.25,2025-01-01,2025-12-31
215,,economy,Z4,Z1,70.00,500.00,45.73,0.3260,16.25,2025-01-01,2025-12-31
216,,economy,Z4,Z1,500.00,,121.93,0.1834,16.25,2025-01-01,2025-12-31
217,,freight,Z4,Z1,0.00,,257.85,0.1432,16.25,2025-01-01,2025-12-31
218,,express,Z4,Z2,0.00,70.00,34.24,1.2893,16.25,2025-01-01,2025-12-31
219,,express,Z4,Z2,70.00,500.00,128.41,0.9168,16.25,2025-01-01,2025-12-31
220,,express,Z4,Z2,500.00,,342.42,0.5157,16.25,2025-01-01,2025-12-31
221,,next_day,Z4,Z2,0.00,70.00,28.54,1.0744,16.25,2025-01-01,2025-12-31
222,,next_day,Z4,Z2,70.00,500.00,107.01,0.7640,16.25,2025-01-01,2025-12-31
223,,next_day,Z4,Z2,500.00,,285.35,0.4297,16.25,2025-01-01,2025-12-31
224,,standard,Z4,Z2,0.00,70.00,19.02,0.7162,16.25,2025-01-01,2025-12-31
225,,standard,Z4,Z2,70.00,500.00,71.34,0.5093,16.25,2025-01-01,2025-12-31
226,,standard,Z4,Z2,500.00,,190.24,0.2865,16.25,2025-01-01,2025-12-31
227,,economy,Z4,Z2,0.00,70.00,15.22,0.5730,16.25,2025-01-01,2025-12-31
228,,economy,Z4,Z2,70.00,500.00,57.07,0.4075,16.25,2025-01-01,2025-12-31
229,,economy,Z4,Z2,500.00,,152.19,0.2292,16.25,2025-01-01,2025-12-31
230,,freight,Z4,Z2,0.00,,339.02,0.1815,16.25,2025-01-01,2025-12-31
231,,express,Z4,Z3,0.00,70.00,34.24,1.2893,16.25,2025-01-01,2025-12-31
232,,express,Z4,Z3,70.00,500.00,128.41,0.9168,16.25,2025-01-01,2025-12-31
233,,express,Z4,Z3,500.00,,342.42,0.5157,16.25,2025-01-01,2025-12-31
234,,next_day,Z4,Z3,0.00,70.00,28.54,1.0744,16.25,2025-01-01,2025-12-31
235,,next_day,Z4,Z3,70.00,500.00,107.01,0.7640,16.25,2025-01-01,2025-12-31
236,,next_day,Z4,Z3,500.00,,285.35,0.4297,16.25,2025-01-01,2025-12-31
237,,standard,Z4,Z3,0.00,70.00,19.02,0.7162,16.25,2025-01-01,2025-12-31
238,,standard,Z4,Z3,70.00,500.00,71.34,0.5093,16.25,2025-01-01,2025-12-31
239,,standard,Z4,Z3,500.00,,190.24,0.2865,16.25,2025-01-01,2025-12-31
240,,economy,Z4,Z3,0.00,70.00,15.22,0.5730,16.25,2025-01-01,2025-12-31
241,,economy,Z4,Z3,70.00,500.00,57.07,0.4075,16.25,2025-01-01,2025-12-31
242,,economy,Z4,Z3,500.00,,152.19,0.2292,16.25,2025-01-01,2025-12-31
243,,freight,Z4,Z3,0.00,,339.02,0.1815,16.25,2025-01-01,2025-12-31
244,,same_day,Z4,Z4,0.00,70.00,34.38,1.2893,16.25,2025-01-01,2025-12-31
245,,same_day,Z4,Z4,70.00,500.00,128.92,0.9168,16.25,2025-01-01,2025-12-31
246,,same_day,Z4,Z4,500.00,,343.80,0.5157,16.25,2025-01-01,2025-12-31
247,,express,Z4,Z4,0.00,70.00,20.63,0.7736,16.25,2025-01-01,2025-12-31
248,,express,Z4,Z4,70.00,500.00,77.36,0.5501,16.25,2025-01-01,2025-12-31
249,,express,Z4,Z4,500.00,,206.28,0.3094,16.25,2025-01-01,2025-12-31
250,,next_day,Z4,Z4,0.00,70.00,17.19,0.6446,16.25,2025-01-01,2025-12-31
251,,next_day,Z4,Z4,70.00,500.00,64.46,0.4584,16.25,2025-01-01,2025-12-31
252,,next_day,Z4,Z4,500.00,,171.90,0.2579,16.25,2025-01-01,2025-12-31
253,,standard,Z4,Z4,0.00,70.00,11.46,0.4297,16.25,2025-01-01,2025-12-31
254,,standard,Z4,Z4,70.00,500.00,42.98,0.3056,16.25,2025-01-01,2025-12-31
255,,standard,Z4,Z4,500.00,,114.60,0.1719,16.25,2025-01-01,2025-12-31
256,,economy,Z4,Z4,0.00,70.00,9.17,0.3438,16.25,2025-01-01,2025-12-31
257,,economy,Z4,Z4,70.00,500.00,34.38,0.2445,16.25,2025-01-01,2025-12-31
258,,economy,Z4,Z4,500.00,,91.68,0.1375,16.25,2025-01-01,2025-12-31
259,,freight,Z4,Z4,0.00,,176.68,0.1050,16.25,2025-01-01,2025-12-31
260,,express,Z4,Z5,0.00,70.00,27.44,1.0314,16.25,2025-01-01,2025-12-31
261,,express,Z4,Z5,70.00,500.00,102.88,0.7334,16.25,2025-01-01,2025-12-31
262,,express,Z4,Z5,500.00,,274.35,0.4126,16.25,2025-01-01,2025-12-31
263,,next_day,Z4,Z5,0.00,70.00,22.86,0.8595,16.25,2025-01-01,2025-12-31
264,,next_day,Z4,Z5,70.00,500.00,85.74,0.6112,16.25,2025-01-01,2025-12-31
265,,next_day,Z4,Z5,500.00,,228.63,0.3438,16.25,2025-01-01,2025-12-31
266,,standard,Z4,Z5,0.00,70.00,15.24,0.5730,16.25,2025-01-01,2025-12-31
267,,standard,Z4,Z5,70.00,500.00,57.16,0.4075,16.25,2025-01-01,2025-12-31
268,,standard,Z4,Z5,500.00,,152.42,0.2292,16.25,2025-01-01,2025-12-31
269,,economy,Z4,Z5,0.00,70.00,12.19,0.4584,16.25,2025-01-01,2025-12-31
270,,economy,Z4,Z5,70.00,500.00,45.73,0.3260,16.25,2025-01-01,2025-12-31
271,,economy,Z4,Z5,500.00,,121.93,0.1834,16.25,2025-01-01,2025-12-31
272,,freight,Z4,Z5,0.00,,257.85,0.1432,16.25,2025-01-01,2025-12-31
273,,express,Z5,Z1,0.00,70.00,34.24,1.2893,16.25,2025-01-01,2025-12-31
274,,express,Z5,Z1,70.00,500.00,128.41,0.9168,16.25,2025-01-01,2025-12-31
275,,express,Z5,Z1,500.00,,342.42,0.5157,16.25,2025-01-01,2025-12-31
276,,next_day,Z5,Z1,0.00,70.00,28.54,1.0744,16.25,2025-01-01,2025-12-31
277,,next_day,Z5,Z1,70.00,500.00,107.01,0.7640,16.25,2025-01-01,2025-12-31
278,,next_day,Z5,Z1,500.00,,285.35,0.4297,16.25,2025-01-01,2025-12-31
279,,standard,Z5,Z1,0.00,70.00,19.02,0.7162,16.25,2025-01-01,2025-12-31
280,,standard,Z5,Z1,70.00,500.00,71.34,0.5093,16.25,2025-01-01,2025-12-31
281,,standard,Z5,Z1,500.00,,190.24,0.2865,16.25,2025-01-01,2025-12-31
282,,economy,Z5,Z1,0.00,70.00,15.22,0.5730,16.25,2025-01-01,2025-12-31
283,,economy,Z5,Z1,70.00,500.00,57.07,0.4075,16.25,2025-01-01,2025-12-31
284,,economy,Z5,Z1,500.00,,152.19,0.2292,16.25,2025-01-01,2025-12-31
285,,freight,Z5,Z1,0.00,,339.02,0.1815,16.25,2025-01-01,2025-12-31
286,,express,Z5,Z2,0.00,70.00,27.44,1.0314,16.25,2025-01-01,2025-12-31
287,,express,Z5,Z2,70.00,500.00,102.88,0.7334,16.25,2025-01-01,2025-12-31
288,,express,Z5,Z2,500.00,,274.35,0.4126,16.25,2025-01-01,2025-12-31
289,,next_day,Z5,Z2,0.00,70.00,22.86,0.8595,16.25,2025-01-01,2025-12-31
290,,next_day,Z5,Z2,70.00,500.00,85.74,0.6112,16.25,2025-01-01,2025-12-31
291,,next_day,Z5,Z2,500.00,,228.63,0.3438,16.25,2025-01-01,2025-12-31
292,,standard,Z5,Z2,0.00,70.00,15.24,0.5730,16.25,2025-01-01,2025-12-31
293,,standard,Z5,Z2,70.00,500.00,57.16,0.4075,16.25,2025-01-01,2025-12-31
294,,standard,Z5,Z2,500.00,,152.42,0.2292,16.25,2025-01-01,2025-12-31
295,,economy,Z5,Z2,0.00,70.00,12.19,0.4584,16.25,2025-01-01,2025-12-31
296,,economy,Z5,Z2,70.00,500.00,45.73,0.3260,16.25,2025-01-01,2025-12-31
297,,economy,Z5,Z2,500.00,,121.93,0.1834,16.25,2025-01-01,2025-12-31
298,,freight,Z5,Z2,0.00,,257.85,0.1432,16.25,2025-01-01,2025-12-31
299,,express,Z5,Z3,0.00,70.00,34.24,1.2893,16.25,2025-01-01,2025-12-31
300,,express,Z5,Z3,70.00,500.00,128.41,0.9168,16.25,2025-01-01,2025-12-31
301,,express,Z5,Z3,500.00,,342.42,0.5157,16.25,2025-01-01,2025-12-31
302,,next_day,Z5,Z3,0.00,70.00,28.54,1.0744,16.25,2025-01-01,2025-12-31
303,,next_day,Z5,Z3,70.00,500.00,107.01,0.7640,16.25,2025-01-01,2025-12-31
304,,next_day,Z5,Z3,500.00,,285.35,0.4297,16.25,2025-01-01,2025-12-31
305,,standard,Z5,Z3,0.00,70.00,19.02,0.7162,16.25,2025-01-01,2025-12-31
306,,standard,Z5,Z3,70.00,500.00,71.34,0.5093,16.25,2025-01-01,2025-12-31
307,,standard,Z5,Z3,500.00,,190.24,0.2865,16.25,2025-01-01,2025-12-31
308,,economy,Z5,Z3,0.00,70.00,15.22,0.5730,16.25,2025-01-01,2025-12-31
309,,economy,Z5,Z3,70.00,500.00,57.07,0.4075,16.25,2025-01-01,2025-12-31
310,,economy,Z5,Z3,500.00,,152.19,0.2292,16.25,2025-01-01,2025-12-31
311,,freight,Z5,Z3,0.00,,339.02,0.1815,16.25,2025-01-01,2025-12-31
312,,express,Z5,Z4,0.00,70.00,27.44,1.0314,16.25,2025-01-01,2025-12-31
313,,express,Z5,Z4,70.00,500.00,102.88,0.7334,16.25,2025-01-01,2025-12-31
314,,express,Z5,Z4,500.00,,274.35,0.4126,16.25,2025-01-01,2025-12-31
315,,next_day,Z5,Z4,0.00,70.00,22.86,0.8595,16.25,2025-01-01,2025-12-31
316,,next_day,Z5,Z4,70.00,500.00,85.74,0.6112,16.25,2025-01-01,2025-12-31
317,,next_day,Z5,Z4,500.00,,228.63,0.3438,16.25,2025-01-01,2025-12-31
318,,standard,Z5,Z4,0.00,70.00,15.24,0.5730,16.25,2025-01-01,2025-12-31
319,,standard,Z5,Z4,70.00,500.00,57.16,0.4075,16.25,2025-01-01,2025-12-31
320,,standard,Z5,Z4,500.00,,152.42,0.2292,16.25,2025-01-01,2025-12-31
321,,economy,Z5,Z4,0.00,70.00,12.19,0.4584,16.25,2025-01-01,2025-12-31
322,,economy,Z5,Z4,70.00,500.00,45.73,0.3260,16.25,2025-01-01,2025-12-31
323,,economy,Z5,Z4,500.00,,121.93,0.1834,16.25,2025-01-01,2025-12-31
324,,freight,Z5,Z4,0.00,,257.85,0.1432,16.25,2025-01-01,2025-12-31
325,,same_day,Z5,Z5,0.00,70.00,34.38,1.2893,16.25,2025-01-01,2025-12-31
326,,same_day,Z5,Z5,70.00,500.00,128.92,0.9168,16.25,2025-01-01,2025-12-31
327,,same_day,Z5,Z5,500.00,,343.80,0.5157,16.25,2025-01-01,2025-12-31
328,,express,Z5,Z5,0.00,70.00,20.63,0.7736,16.25,2025-01-01,2025-12-31
329,,express,Z5,Z5,70.00,500.00,77.36,0.5501,16.25,2025-01-01,2025-12-31
330,,express,Z5,Z5,500.00,,206.28,0.3094,16.25,2025-01-01,2025-12-31
331,,next_day,Z5,Z5,0.00,70.00,17.19,0.6446,16.25,2025-01-01,2025-12-31
332,,next_day,Z5,Z5,70.00,500.00,64.46,0.4584,16.25,2025-01-01,2025-12-31
333,,next_day,Z5,Z5,500.00,,171.90,0.2579,16.25,2025-01-01,2025-12-31
334,,standard,Z5,Z5,0.00,70.00,11.46,0.4297,16.25,2025-01-01,2025-12-31
335,,standard,Z5,Z5,70.00,500.00,42.98,0.3056,16.25,2025-01-01,2025-12-31
336,,standard,Z5,Z5,500.00,,114.60,0.1719,16.25,2025-01-01,2025-12-31
337,,economy,Z5,Z5,0.00,70.00,9.17,0.3438,16.25,2025-01-01,2025-12-31
338,,economy,Z5,Z5,70.00,500.00,34.38,0.2445,16.25,2025-01-01,2025-12-31
339,,economy,Z5,Z5,500.00,,91.68,0.1375,16.25,2025-01-01,2025-12-31
340,,freight,Z5,Z5,0.00,,176.68,0.1050,16.25,2025-01-01,2025-12-31
341,,same_day,Z1,Z1,0.00,70.00,36.00,1.3500,14.50,2026-01-01,
342,,same_day,Z1,Z1,70.00,500.00,135.00,0.9600,14.50,2026-01-01,
343,,same_day,Z1,Z1,500.00,,360.00,0.5400,14.50,2026-01-01,
344,,express,Z1,Z1,0.00,70.00,21.60,0.8100,14.50,2026-01-01,
345,,express,Z1,Z1,70.00,500.00,81.00,0.5760,14.50,2026-01-01,
346,,express,Z1,Z1,500.00,,216.00,0.3240,14.50,2026-01-01,
347,,next_day,Z1,Z1,0.00,70.00,18.00,0.6750,14.50,2026-01-01,
348,,next_day,Z1,Z1,70.00,500.00,67.50,0.4800,14.50,2026-01-01,
349,,next_day,Z1,Z1,500.00,,180.00,0.2700,14.50,2026-01-01,
350,,standard,Z1,Z1,0.00,70.00,12.00,0.4500,14.50,2026-01-01,
351,,standard,Z1,Z1,70.00,500.00,45.00,0.3200,14.50,2026-01-01,
352,,standard,Z1,Z1,500.00,,120.00,0.1800,14.50,2026-01-01,
353,,economy,Z1,Z1,0.00,70.00,9.60,0.3600,14.50,2026-01-01,
354,,economy,Z1,Z1,70.00,500.00,36.00,0.2560,14.50,2026-01-01,
355,,economy,Z1,Z1,500.00,,96.00,0.1440,14.50,2026-01-01,
356,,freight,Z1,Z1,0.00,,185.00,0.1100,14.50,2026-01-01,
357,,express,Z1,Z2,0.00,70.00,28.73,1.0800,14.50,2026-01-01,
358,,express,Z1,Z2,70.00,500.00,107.73,0.7680,14.50,2026-01-01,
359,,express,Z1,Z2,500.00,,287.28,0.4320,14.50,2026-01-01,
360,,next_day,Z1,Z2,0.00,70.00,23.94,0.9000,14.50,2026-01-01,
361,,next_day,Z1,Z2,70.00,500.00,89.78,0.6400,14.50,2026-01-01,
362,,next_day,Z1,Z2,500.00,,239.40,0.3600,14.50,2026-01-01,
363,,standard,Z1,Z2,0.00,70.00,15.96,0.6000,14.50,2026-01-01,
364,,standard,Z1,Z2,70.00,500.00,59.85,0.4267,14.50,2026-01-01,
365,,standard,Z1,Z2,500.00,,159.60,0.2400,14.50,2026-01-01,
366,,economy,Z1,Z2,0.00,70.00,12.77,0.4800,14.50,2026-01-01,
367,,economy,Z1,Z2,70.00,500.00,47.88,0.3413,14.50,2026-01-01,
368,,economy,Z1,Z2,500.00,,127.68,0.1920,14.50,2026-01-01,
369,,freight,Z1,Z2,0.00,,270.00,0.1500,14.50,2026-01-01,
370,,express,Z1,Z3,0.00,70.00,28.73,1.0800,14.50,2026-01-01,
371,,express,Z1,Z3,70.00,500.00,107.73,0.7680,14.50,2026-01-01,
372,,express,Z1,Z3,500.00,,287.28,0.4320,14.50,2026-01-01,
373,,next_day,Z1,Z3,0.00,70.00,23.94,0.9000,14.50,2026-01-01,
374,,next_day,Z1,Z3,70.00,500.00,89.78,0.6400,14.50,2026-01-01,
375,,next_day,Z1,Z3,500.00,,239.40,0.3600,14.50,2026-01-01,
376,,standard,Z1,Z3,0.00,70.00,15.96,0.6000,14.50,2026-01-01,
377,,standard,Z1,Z3,70.00,500.00,59.85,0.4267,14.50,2026-01-01,
378,,standard,Z1,Z3,500.00,,159.60,0.2400,14.50,2026-01-01,
379,,economy,Z1,Z3,0.00,70.00,12.77,0.4800,14.50,2026-01-01,
380,,economy,Z1,Z3,70.00,500.00,47.88,0.3413,14.50,2026-01-01,
381,,economy,Z1,Z3,500.00,,127.68,0.1920,14.50,2026-01-01,
382,,freight,Z1,Z3,0.00,,270.00,0.1500,14.50,2026-01-01,
383,,express,Z1,Z4,0.00,70.00,28.73,1.0800,14.50,2026-01-01,
384,,express,Z1,Z4,70.00,500.00,107.73,0.7680,14.50,2026-01-01,
385,,express,Z1,Z4,500.00,,287.28,0.4320,14.50,2026-01-01,
386,,next_day,Z1,Z4,0.00,70.00,23.94,0.9000,14.50,2026-01-01,
387,,next_day,Z1,Z4,70.00,500.00,89.78,0.6400,14.50,2026-01-01,
388,,next_day,Z1,Z4,500.00,,239.40,0.3600,14.50,2026-01-01,
389,,standard,Z1,Z4,0.00,70.00,15.96,0.6000,14.50,2026-01-01,
390,,standard,Z1,Z4,70.00,500.00,59.85,0.4267,14.50,2026-01-01,
391,,standard,Z1,Z4,500.00,,159.60,0.2400,14.50,2026-01-01,
392,,economy,Z1,Z4,0.00,70.00,12.77,0.4800,14.50,2026-01-01,
393,,economy,Z1,Z4,70.00,500.00,47.88,0.3413,14.50,2026-01-01,
394,,economy,Z1,Z4,500.00,,127.68,0.1920,14.50,2026-01-01,
395,,freight,Z1,Z4,0.00,,270.00,0.1500,14.50,2026-01-01,
396,,express,Z1,Z5,0.00,70.00,35.86,1.3500,14.50,2026-01-01,
397,,express,Z1,Z5,70.00,500.00,134.46,0.9600,14.50,2026-01-01,
398,,express,Z1,Z5,500.00,,358.56,0.5400,14.50,2026-01-01,
399,,next_day,Z1,Z5,0.00,70.00,29.88,1.1250,14.50,2026-01-01,
400,,next_day,Z1,Z5,70.00,500.00,112.05,0.8000,14.50,2026-01-01,
401,,next_day,Z1,Z5,500.00,,298.80,0.4500,14.50,2026-01-01,
402,,standard,Z1,Z5,0.00,70.00,19.92,0.7500,14.50,2026-01-01,
403,,standard,Z1,Z5,70.00,500.00,74.70,0.5333,14.50,2026-01-01,
404,,standard,Z1,Z5,500.00,,199.20,0.3000,14.50,2026-01-01,
405,,economy,Z1,Z5,0.00,70.00,15.94,0.6000,14.50,2026-01-01,
406,,economy,Z1,Z5,70.00,500.00,59.76,0.4267,14.50,2026-01-01,
407,,economy,Z1,Z5,500.00,,159.36,0.2400,14.50,2026-01-01,
408,,freight,Z1,Z5,0.00,,355.00,0.1900,14.50,2026-01-01,
409,,express,Z2,Z1,0.00,70.00,28.73,1.0800,14.50,2026-01-01,
410,,express,Z2,Z1,70.00,500.00,107.73,0.7680,14.50,2026-01-01,
411,,express,Z2,Z1,500.00,,287.28,0.4320,14.50,2026-01-01,
412,,next_day,Z2,Z1,0.00,70.00,23.94,0.9000,14.50,2026-01-01,
413,,next_day,Z2,Z1,70.00,500.00,89.78,0.6400,14.50,2026-01-01,
414,,next_day,Z2,Z1,500.00,,239.40,0.3600,14.50,2026-01-01,
415,,standard,Z2,Z1,0.00,70.00,15.96,0.6000,14.50,2026-01-01,
416,,standard,Z2,Z1,70.00,500.00,59.85,0.4267,14.50,2026-01-01,
417,,standard,Z2,Z1,500.00,,159.60,0.2400,14.50,2026-01-01,
418,,economy,Z2,Z1,0.00,70.00,12.77,0.4800,14.50,2026-01-01,
419,,economy,Z2,Z1,70.00,500.00,47.88,0.3413,14.50,2026-01-01,
420,,economy,Z2,Z1,500.00,,127.68,0.1920,14.50,2026-01-01,
421,,freight,Z2,Z1,0.00,,270.00,0.1500,14.50,2026-01-01,
422,,same_day,Z2,Z2,0.00,70.00,36.00,1.3500,14.50,2026-01-01,
423,,same_day,Z2,Z2,70.00,500.00,135.00,0.9600,14.50,2026-01-01,
424,,same_day,Z2,Z2,500.00,,360.00,0.5400,14.50,2026-01-01,
425,,express,Z2,Z2,0.00,70.00,21.60,0.8100,14.50,2026-01-01,
426,,express,Z2,Z2,70.00,500.00,81.00,0.5760,14.50,2026-01-01,
427,,express,Z2,Z2,500.00,,216.00,0.3240,14.50,2026-01-01,
428,,next_day,Z2,Z2,0.00,70.00,18.00,0.6750,14.50,2026-01-01,
429,,next_day,Z2,Z2,70.00,500.00,67.50,0.4800,14.50,2026-01-01,
430,,next_day,Z2,Z2,500.00,,180.00,0.2700,14.50,2026-01-01,
431,,standard,Z2,Z2,0.00,70.00,12.00,0.4500,14.50,2026-01-01,
432,,standard,Z2,Z2,70.00,500.00,45.00,0.3200,14.50,2026-01-01,
433,,standard,Z2,Z2,500.00,,120.00,0.1800,14.50,2026-01-01,
434,,economy,Z2,Z2,0.00,70.00,9.60,0.3600,14.50,2026-01-01,
435,,economy,Z2,Z2,70.00,500.00,36.00,0.2560,14.50,2026-01-01,
436,,economy,Z2,Z2,500.00,,96.00,0.1440,14.50,2026-01-01,
437,,freight,Z2,Z2,0.00,,185.00,0.1100,14.50,2026-01-01,
438,,express,Z2,Z3,0.00,70.00,28.73,1.0800,14.50,2026-01-01,
439,,express,Z2,Z3,70.00,500.00,107.73,0.7680,14.50,2026-01-01,
440,,express,Z2,Z3,500.00,,287.28,0.4320,14.50,2026-01-01,
441,,next_day,Z2,Z3,0.00,70.00,23.94,0.9000,14.50,2026-01-01,
442,,next_day,Z2,Z3,70.00,500.00,89.78,0.6400,14.50,2026-01-01,
443,,next_day,Z2,Z3,500.00,,239.40,0.3600,14.50,2026-01-01,
444,,standard,Z2,Z3,0.00,70.00,15.96,0.6000,14.50,2026-01-01,
445,,standard,Z2,Z3,70.00,500.00,59.85,0.4267,14.50,2026-01-01,
446,,standard,Z2,Z3,500.00,,159.60,0.2400,14.50,2026-01-01,
447,,economy,Z2,Z3,0.00,70.00,12.77,0.4800,14.50,2026-01-01,
448,,economy,Z2,Z3,70.00,500.00,47.88,0.3413,14.50,2026-01-01,
449,,economy,Z2,Z3,500.00,,127.68,0.1920,14.50,2026-01-01,
450,,freight,Z2,Z3,0.00,,270.00,0.1500,14.50,2026-01-01,
451,,express,Z2,Z4,0.00,70.00,35.86,1.3500,14.50,2026-01-01,
452,,express,Z2,Z4,70.00,500.00,134.46,0.9600,14.50,2026-01-01,
453,,express,Z2,Z4,500.00,,358.56,0.5400,14.50,2026-01-01,
454,,next_day,Z2,Z4,0.00,70.00,29.88,1.1250,14.50,2026-01-01,
455,,next_day,Z2,Z4,70.00,500.00,112.05,0.8000,14.50,2026-01-01,
456,,next_day,Z2,Z4,500.00,,298.80,0.4500,14.50,2026-01-01,
457,,standard,Z2,Z4,0.00,70.00,19.92,0.7500,14.50,2026-01-01,
458,,standard,Z2,Z4,70.00,500.00,74.70,0.5333,14.50,2026-01-01,
459,,standard,Z2,Z4,500.00,,199.20,0.3000,14.50,2026-01-01,
460,,economy,Z2,Z4,0.00,70.00,15.94,0.6000,14.50,2026-01-01,
461,,economy,Z2,Z4,70.00,500.00,59.76,0.4267,14.50,2026-01-01,
462,,economy,Z2,Z4,500.00,,159.36,0.2400,14.50,2026-01-01,
463,,freight,Z2,Z4,0.00,,355.00,0.1900,14.50,2026-01-01,
464,,express,Z2,Z5,0.00,70.00,28.73,1.0800,14.50,2026-01-01,
465,,express,Z2,Z5,70.00,500.00,107.73,0.7680,14.50,2026-01-01,
466,,express,Z2,Z5,500.00,,287.28,0.4320,14.50,2026-01-01,
467,,next_day,Z2,Z5,0.00,70.00,23.94,0.9000,14.50,2026-01-01,
468,,next_day,Z2,Z5,70.00,500.00,89.78,0.6400,14.50,2026-01-01,
469,,next_day,Z2,Z5,500.00,,239.40,0.3600,14.50,2026-01-01,
470,,standard,Z2,Z5,0.00,70.00,15.96,0.6000,14.50,2026-01-01,
471,,standard,Z2,Z5,70.00,500.00,59.85,0.4267,14.50,2026-01-01,
472,,standard,Z2,Z5,500.00,,159.60,0.2400,14.50,2026-01-01,
473,,economy,Z2,Z5,0.00,70.00,12.77,0.4800,14.50,2026-01-01,
474,,economy,Z2,Z5,70.00,500.00,47.88,0.3413,14.50,2026-01-01,
475,,economy,Z2,Z5,500.00,,127.68,0.1920,14.50,2026-01-01,
476,,freight,Z2,Z5,0.00,,270.00,0.1500,14.50,2026-01-01,
477,,express,Z3,Z1,0.00,70.00,28.73,1.0800,14.50,2026-01-01,
478,,express,Z3,Z1,70.00,500.00,107.73,0.7680,14.50,2026-01-01,
479,,express,Z3,Z1,500.00,,287.28,0.4320,14.50,2026-01-01,
480,,next_day,Z3,Z1,0.00,70.00,23.94,0.9000,14.50,2026-01-01,
481,,next_day,Z3,Z1,70.00,500.00,89.78,0.6400,14.50,2026-01-01,
482,,next_day,Z3,Z1,500.00,,239.40,0.3600,14.50,2026-01-01,
483,,standard,Z3,Z1,0.00,70.00,15.96,0.6000,14.50,2026-01-01,
484,,standard,Z3,Z1,70.00,500.00,59.85,0.4267,14.50,2026-01-01,
485,,standard,Z3,Z1,500.00,,159.60,0.2400,14.50,2026-01-01,
486,,economy,Z3,Z1,0.00,70.00,12.77,0.4800,14.50,2026-01-01,
487,,economy,Z3,Z1,70.00,500.00,47.88,0.3413,14.50,2026-01-01,
488,,economy,Z3,Z1,500.00,,127.68,0.1920,14.50,2026-01-01,
489,,freight,Z3,Z1,0.00,,270.00,0.1500,14.50,2026-01-01,
490,,express,Z3,Z2,0.00,70.00,28.73,1.0800,14.50,2026-01-01,
491,,express,Z3,Z2,70.00,500.00,107.73,0.7680,14.50,2026-01-01,
492,,express,Z3,Z2,500.00,,287.28,0.4320,14.50,2026-01-01,
493,,next_day,Z3,Z2,0.00,70.00,23.94,0.9000,14.50,2026-01-01,
494,,next_day,Z3,Z2,70.00,500.00,89.78,0.6400,14.50,2026-01-01,
495,,next_day,Z3,Z2,500.00,,239.40,0.3600,14.50,2026-01-01,
496,,standard,Z3,Z2,0.00,70.00,15.96,0.6000,14.50,2026-01-01,
497,,standard,Z3,Z2,70.00,500.00,59.85,0.4267,14.50,2026-01-01,
498,,standard,Z3,Z2,500.00,,159.60,0.2400,14.50,2026-01-01,
499,,economy,Z3,Z2,0.00,70.00,12.77,0.4800,14.50,2026-01-01,
500,,economy,Z3,Z2,70.00,500.00,47.88,0.3413,14.50,2026-01-01,
501,,economy,Z3,Z2,500.00,,127.68,0.1920,14.50,2026-01-01,
502,,freight,Z3,Z2,0.00,,270.00,0.1500,14.50,2026-01-01,
503,,same_day,Z3,Z3,0.00,70.00,36.00,1.3500,14.50,2026-01-01,
504,,same_day,Z3,Z3,70.00,500.00,135.00,0.9600,14.50,2026-01-01,
505,,same_day,Z3,Z3,500.00,,360.00,0.5400,14.50,2026-01-01,
506,,express,Z3,Z3,0.00,70.00,21.60,0.8100,14.50,2026-01-01,
507,,express,Z3,Z3,70.00,500.00,81.00,0.5760,14.50,2026-01-01,
508,,express,Z3,Z3,500.00,,216.00,0.3240,14.50,2026-01-01,
509,,next_day,Z3,Z3,0.00,70.00,18.00,0.6750,14.50,2026-01-01,
510,,next_day,Z3,Z3,70.00,500.00,67.50,0.4800,14.50,2026-01-01,
511,,next_day,Z3,Z3,500.00,,180.00,0.2700,14.50,2026-01-01,
512,,standard,Z3,Z3,0.00,70.00,12.00,0.4500,14.50,2026-01-01,
513,,standard,Z3,Z3,70.00,500.00,45.00,0.3200,14.50,2026-01-01,
514,,standard,Z3,Z3,500.00,,120.00,0.1800,14.50,2026-01-01,
515,,economy,Z3,Z3,0.00,70.00,9.60,0.3600,14.50,2026-01-01,
516,,economy,Z3,Z3,70.00,500.00,36.00,0.2560,14.50,2026-01-01,
517,,economy,Z3,Z3,500.00,,96.00,0.1440,14.50,2026-01-01,
518,,freight,Z3,Z3,0.00,,185.00,0.1100,14.50,2026-01-01,
519,,express,Z3,Z4,0.00,70.00,35.86,1.3500,14.50,2026-01-01,
520,,express,Z3,Z4,70.00,500.00,134.46,0.9600,14.50,2026-01-01,
521,,express,Z3,Z4,500.00,,358.56,0.5400,14.50,2026-01-01,
522,,next_day,Z3,Z4,0.00,70.00,29.88,1.1250,14.50,2026-01-01,
523,,next_day,Z3,Z4,70.00,500.00,112.05,0.8000,14.50,2026-01-01,
524,,next_day,Z3,Z4,500.00,,298.80,0.4500,14.50,2026-01-01,
525,,standard,Z3,Z4,0.00,70.00,19.92,0.7500,14.50,2026-01-01,
526,,standard,Z3,Z4,70.00,500.00,74.70,0.5333,14.50,2026-01-01,
527,,standard,Z3,Z4,500.00,,199.20,0.3000,14.50,2026-01-01,
528,,economy,Z3,Z4,0.00,70.00,15.94,0.6000,14.50,2026-01-01,
529,,economy,Z3,Z4,70.00,500.00,59.76,0.4267,14.50,2026-01-01,
530,,economy,Z3,Z4,500.00,,159.36,0.2400,14.50,2026-01-01,
531,,freight,Z3,Z4,0.00,,355.00,0.1900,14.50,2026-01-01,
532,,express,Z3,Z5,0.00,70.00,35.86,1.3500,14.50,2026-01-01,
533,,express,Z3,Z5,70.00,500.00,134.46,0.9600,14.50,2026-01-01,
534,,express,Z3,Z5,500.00,,358.56,0.5400,14.50,2026-01-01,
535,,next_day,Z3,Z5,0.00,70.00,29.88,1.1250,14.50,2026-01-01,
536,,next_day,Z3,Z5,70.00,500.00,112.05,0.8000,14.50,2026-01-01,
537,,next_day,Z3,Z5,500.00,,298.80,0.4500,14.50,2026-01-01,
538,,standard,Z3,Z5,0.00,70.00,19.92,0.7500,14.50,2026-01-01,
539,,standard,Z3,Z5,70.00,500.00,74.70,0.5333,14.50,2026-01-01,
540,,standard,Z3,Z5,500.00,,199.20,0.3000,14.50,2026-01-01,
541,,economy,Z3,Z5,0.00,70.00,15.94,0.6000,14.50,2026-01-01,
542,,economy,Z3,Z5,70.00,500.00,59.76,0.4267,14.50,2026-01-01,
543,,economy,Z3,Z5,500.00,,159.36,0.2400,14.50,2026-01-01,
544,,freight,Z3,Z5,0.00,,355.00,0.1900,14.50,2026-01-01,
545,,express,Z4,Z1,0.00,70.00,28.73,1.0800,14.50,2026-01-01,
546,,express,Z4,Z1,70.00,500.00,107.73,0.7680,14.50,2026-01-01,
547,,express,Z4,Z1,500.00,,287.28,0.4320,14.50,2026-01-01,
548,,next_day,Z4,Z1,0.00,70.00,23.94,0.9000,14.50,2026-01-01,
549,,next_day,Z4,Z1,70.00,500.00,89.78,0.6400,14.50,2026-01-01,
550,,next_day,Z4,Z1,500.00,,239.40,0.3600,14.50,2026-01-01,
551,,standard,Z4,Z1,0.00,70.00,15.96,0.6000,14.50,2026-01-01,
552,,standard,Z4,Z1,70.00,500.00,59.85,0.4267,14.50,2026-01-01,
553,,standard,Z4,Z1,500.00,,159.60,0.2400,14.50,2026-01-01,
554,,economy,Z4,Z1,0.00,70.00,12.77,0.4800,14.50,2026-01-01,
555,,economy,Z4,Z1,70.00,500.00,47.88,0.3413,14.50,2026-01-01,
556,,economy,Z4,Z1,500.00,,127.68,0.1920,14.50,2026-01-01,
557,,freight,Z4,Z1,0.00,,270.00,0.1500,14.50,2026-01-01,
558,,express,Z4,Z2,0.00,70.00,35.86,1.3500,14.50,2026-01-01,
559,,express,Z4,Z2,70.00,500.00,134.46,0.9600,14.50,2026-01-01,
560,,express,Z4,Z2,500.00,,358.56,0.5400,14.50,2026-01-01,
561,,next_day,Z4,Z2,0.00,70.00,29.88,1.1250,14.50,2026-01-01,
562,,next_day,Z4,Z2,70.00,500.00,112.05,0.8000,14.50,2026-01-01,
563,,next_day,Z4,Z2,500.00,,298.80,0.4500,14.50,2026-01-01,
564,,standard,Z4,Z2,0.00,70.00,19.92,0.7500,14.50,2026-01-01,
565,,standard,Z4,Z2,70.00,500.00,74.70,0.5333,14.50,2026-01-01,
566,,standard,Z4,Z2,500.00,,199.20,0.3000,14.50,2026-01-01,
567,,economy,Z4,Z2,0.00,70.00,15.94,0.6000,14.50,2026-01-01,
568,,economy,Z4,Z2,70.00,500.00,59.76,0.4267,14.50,2026-01-01,
569,,economy,Z4,Z2,500.00,,159.36,0.2400,14.50,2026-01-01,
570,,freight,Z4,Z2,0.00,,355.00,0.1900,14.50,2026-01-01,
571,,express,Z4,Z3,0.00,70.00,35.86,1.3500,14.50,2026-01-01,
572,,express,Z4,Z3,70.00,500.00,134.46,0.9600,14.50,2026-01-01,
573,,express,Z4,Z3,500.00,,358.56,0.5400,14.50,2026-01-01,
574,,next_day,Z4,Z3,0.00,70.00,29.88,1.1250,14.50,2026-01-01,
575,,next_day,Z4,Z3,70.00,500.00,112.05,0.8000,14.50,2026-01-01,
576,,next_day,Z4,Z3,500.00,,298.80,0.4500,14.50,2026-01-01,
577,,standard,Z4,Z3,0.00,70.00,19.92,0.7500,14.50,2026-01-01,
578,,standard,Z4,Z3,70.00,500.00,74.70,0.5333,14.50,2026-01-01,
579,,standard,Z4,Z3,500.00,,199.20,0.3000,14.50,2026-01-01,
580,,economy,Z4,Z3,0.00,70.00,15.94,0.6000,14.50,2026-01-01,
581,,economy,Z4,Z3,70.00,500.00,59.76,0.4267,14.50,2026-01-01,
582,,economy,Z4,Z3,500.00,,159.36,0.2400,14.50,2026-01-01,
583,,freight,Z4,Z3,0.00,,355.00,0.1900,14.50,2026-01-01,
584,,same_day,Z4,Z4,0.00,70.00,36.00,1.3500,14.50,2026-01-01,
585,,same_day,Z4,Z4,70.00,500.00,135.00,0.9600,14.50,2026-01-01,
586,,same_day,Z4,Z4,500.00,,360.00,0.5400,14.50,2026-01-01,
587,,express,Z4,Z4,0.00,70.00,21.60,0.8100,14.50,2026-01-01,
588,,express,Z4,Z4,70.00,500.00,81.00,0.5760,14.50,2026-01-01,
589,,express,Z4,Z4,500.00,,216.00,0.3240,14.50,2026-01-01,
590,,next_day,Z4,Z4,0.00,70.00,18.00,0.6750,14.50,2026-01-01,
591,,next_day,Z4,Z4,70.00,500.00,67.50,0.4800,14.50,2026-01-01,
592,,next_day,Z4,Z4,500.00,,180.00,0.2700,14.50,2026-01-01,
593,,standard,Z4,Z4,0.00,70.00,12.00,0.4500,14.50,2026-01-01,
594,,standard,Z4,Z4,70.00,500.00,45.00,0.3200,14.50,2026-01-01,
595,,standard,Z4,Z4,500.00,,120.00,0.1800,14.50,2026-01-01,
596,,economy,Z4,Z4,0.00,70.00,9.60,0.3600,14.50,2026-01-01,
597,,economy,Z4,Z4,70.00,500.00,36.00,0.2560,14.50,2026-01-01,
598,,economy,Z4,Z4,500.00,,96.00,0.1440,14.50,2026-01-01,
599,,freight,Z4,Z4,0.00,,185.00,0.1100,14.50,2026-01-01,
600,,express,Z4,Z5,0.00,70.00,28.73,1.0800,14.50,2026-01-01,
601,,express,Z4,Z5,70.00,500.00,107.73,0.7680,14.50,2026-01-01,
602,,express,Z4,Z5,500.00,,287.28,0.4320,14.50,2026-01-01,
603,,next_day,Z4,Z5,0.00,70.00,23.94,0.9000,14.50,2026-01-01,
604,,next_day,Z4,Z5,70.00,500.00,89.78,0.6400,14.50,2026-01-01,
605,,next_day,Z4,Z5,500.00,,239.40,0.3600,14.50,2026-01-01,
606,,standard,Z4,Z5,0.00,70.00,15.96,0.6000,14.50,2026-01-01,
607,,standard,Z4,Z5,70.00,500.00,59.85,0.4267,14.50,2026-01-01,
608,,standard,Z4,Z5,500.00,,159.60,0.2400,14.50,2026-01-01,
609,,economy,Z4,Z5,0.00,70.00,12.77,0.4800,14.50,2026-01-01,
610,,economy,Z4,Z5,70.00,500.00,47.88,0.3413,14.50,2026-01-01,
611,,economy,Z4,Z5,500.00,,127.68,0.1920,14.50,2026-01-01,
612,,freight,Z4,Z5,0.00,,270.00,0.1500,14.50,2026-01-01,
613,,express,Z5,Z1,0.00,70.00,35.86,1.3500,14.50,2026-01-01,
614,,express,Z5,Z1,70.00,500.00,134.46,0.9600,14.50,2026-01-01,
615,,express,Z5,Z1,500.00,,358.56,0.5400,14.50,2026-01-01,
616,,next_day,Z5,Z1,0.00,70.00,29.88,1.1250,14.50,2026-01-01,
617,,next_day,Z5,Z1,70.00,500.00,112.05,0.8000,14.50,2026-01-01,
618,,next_day,Z5,Z1,500.00,,298.80,0.4500,14.50,2026-01-01,
619,,standard,Z5,Z1,0.00,70.00,19.92,0.7500,14.50,2026-01-01,
620,,standard,Z5,Z1,70.00,500.00,74.70,0.5333,14.50,2026-01-01,
621,,standard,Z5,Z1,500.00,,199.20,0.3000,14.50,2026-01-01,
622,,economy,Z5,Z1,0.00,70.00,15.94,0.6000,14.50,2026-01-01,
623,,economy,Z5,Z1,70.00,500.00,59.76,0.4267,14.50,2026-01-01,
624,,economy,Z5,Z1,500.00,,159.36,0.2400,14.50,2026-01-01,
625,,freight,Z5,Z1,0.00,,355.00,0.1900,14.50,2026-01-01,
626,,express,Z5,Z2,0.00,70.00,28.73,1.0800,14.50,2026-01-01,
627,,express,Z5,Z2,70.00,500.00,107.73,0.7680,14.50,2026-01-01,
628,,express,Z5,Z2,500.00,,287.28,0.4320,14.50,2026-01-01,
629,,next_day,Z5,Z2,0.00,70.00,23.94,0.9000,14.50,2026-01-01,
630,,next_day,Z5,Z2,70.00,500.00,89.78,0.6400,14.50,2026-01-01,
631,,next_day,Z5,Z2,500.00,,239.40,0.3600,14.50,2026-01-01,
632,,standard,Z5,Z2,0.00,70.00,15.96,0.6000,14.50,2026-01-01,
633,,standard,Z5,Z2,70.00,500.00,59.85,0.4267,14.50,2026-01-01,
634,,standard,Z5,Z2,500.00,,159.60,0.2400,14.50,2026-01-01,
635,,economy,Z5,Z2,0.00,70.00,12.77,0.4800,14.50,2026-01-01,
636,,economy,Z5,Z2,70.00,500.00,47.88,0.3413,14.50,2026-01-01,
637,,economy,Z5,Z2,500.00,,127.68,0.1920,14.50,2026-01-01,
638,,freight,Z5,Z2,0.00,,270.00,0.1500,14.50,2026-01-01,
639,,express,Z5,Z3,0.00,70.00,35.86,1.3500,14.50,2026-01-01,
640,,express,Z5,Z3,70.00,500.00,134.46,0.9600,14.50,2026-01-01,
641,,express,Z5,Z3,500.00,,358.56,0.5400,14.50,2026-01-01,
642,,next_day,Z5,Z3,0.00,70.00,29.88,1.1250,14.50,2026-01-01,
643,,next_day,Z5,Z3,70.00,500.00,112.05,0.8000,14.50,2026-01-01,
644,,next_day,Z5,Z3,500.00,,298.80,0.4500,14.50,2026-01-01,
645,,standard,Z5,Z3,0.00,70.00,19.92,0.7500,14.50,2026-01-01,
646,,standard,Z5,Z3,70.00,500.00,74.70,0.5333,14.50,2026-01-01,
647,,standard,Z5,Z3,500.00,,199.20,0.3000,14.50,2026-01-01,
648,,economy,Z5,Z3,0.00,70.00,15.94,0.6000,14.50,2026-01-01,
649,,economy,Z5,Z3,70.00,500.00,59.76,0.4267,14.50,2026-01-01,
650,,economy,Z5,Z3,500.00,,159.36,0.2400,14.50,2026-01-01,
651,,freight,Z5,Z3,0.00,,355.00,0.1900,14.50,2026-01-01,
652,,express,Z5,Z4,0.00,70.00,28.73,1.0800,14.50,2026-01-01,
653,,express,Z5,Z4,70.00,500.00,107.73,0.7680,14.50,2026-01-01,
654,,express,Z5,Z4,500.00,,287.28,0.4320,14.50,2026-01-01,
655,,next_day,Z5,Z4,0.00,70.00,23.94,0.9000,14.50,2026-01-01,
656,,next_day,Z5,Z4,70.00,500.00,89.78,0.6400,14.50,2026-01-01,
657,,next_day,Z5,Z4,500.00,,239.40,0.3600,14.50,2026-01-01,
658,,standard,Z5,Z4,0.00,70.00,15.96,0.6000,14.50,2026-01-01,
659,,standard,Z5,Z4,70.00,500.00,59.85,0.4267,14.50,2026-01-01,
660,,standard,Z5,Z4,500.00,,159.60,0.2400,14.50,2026-01-01,
661,,economy,Z5,Z4,0.00,70.00,12.77,0.4800,14.50,2026-01-01,
662,,economy,Z5,Z4,70.00,500.00,47.88,0.3413,14.50,2026-01-01,
663,,economy,Z5,Z4,500.00,,127.68,0.1920,14.50,2026-01-01,
664,,freight,Z5,Z4,0.00,,270.00,0.1500,14.50,2026-01-01,
665,,same_day,Z5,Z5,0.00,70.00,36.00,1.3500,14.50,2026-01-01,
666,,same_day,Z5,Z5,70.00,500.00,135.00,0.9600,14.50,2026-01-01,
667,,same_day,Z5,Z5,500.00,,360.00,0.5400,14.50,2026-01-01,
668,,express,Z5,Z5,0.00,70.00,21.60,0.8100,14.50,2026-01-01,
669,,express,Z5,Z5,70.00,500.00,81.00,0.5760,14.50,2026-01-01,
670,,express,Z5,Z5,500.00,,216.00,0.3240,14.50,2026-01-01,
671,,next_day,Z5,Z5,0.00,70.00,18.00,0.6750,14.50,2026-01-01,
672,,next_day,Z5,Z5,70.00,500.00,67.50,0.4800,14.50,2026-01-01,
673,,next_day,Z5,Z5,500.00,,180.00,0.2700,14.50,2026-01-01,
674,,standard,Z5,Z5,0.00,70.00,12.00,0.4500,14.50,2026-01-01,
675,,standard,Z5,Z5,70.00,500.00,45.00,0.3200,14.50,2026-01-01,
676,,standard,Z5,Z5,500.00,,120.00,0.1800,14.50,2026-01-01,
677,,economy,Z5,Z5,0.00,70.00,9.60,0.3600,14.50,2026-01-01,
678,,economy,Z5,Z5,70.00,500.00,36.00,0.2560,14.50,2026-01-01,
679,,economy,Z5,Z5,500.00,,96.00,0.1440,14.50,2026-01-01,
680,,freight,Z5,Z5,0.00,,185.00,0.1100,14.50,2026-01-01,
681,36,standard,Z4,Z1,0.00,70.00,12.75,0.4794,14.50,2026-01-17,
682,36,standard,Z4,Z1,70.00,500.00,47.82,0.3409,14.50,2026-01-17,
683,36,standard,Z4,Z2,0.00,70.00,15.92,0.5992,14.50,2026-01-17,
684,36,standard,Z4,Z2,70.00,500.00,59.68,0.4261,14.50,2026-01-17,
685,36,standard,Z4,Z3,0.00,70.00,15.92,0.5992,14.50,2026-01-17,
686,36,standard,Z4,Z3,70.00,500.00,59.68,0.4261,14.50,2026-01-17,
687,36,standard,Z4,Z4,0.00,70.00,9.59,0.3595,14.50,2026-01-17,
688,36,standard,Z4,Z4,70.00,500.00,35.95,0.2557,14.50,2026-01-17,
689,36,standard,Z4,Z5,0.00,70.00,12.75,0.4794,14.50,2026-01-17,
690,36,standard,Z4,Z5,70.00,500.00,47.82,0.3409,14.50,2026-01-17,
691,36,next_day,Z4,Z1,0.00,70.00,19.13,0.7191,14.50,2026-01-17,
692,36,next_day,Z4,Z1,70.00,500.00,71.73,0.5113,14.50,2026-01-17,
693,36,next_day,Z4,Z2,0.00,70.00,23.87,0.8989,14.50,2026-01-17,
694,36,next_day,Z4,Z2,70.00,500.00,89.53,0.6392,14.50,2026-01-17,
695,36,next_day,Z4,Z3,0.00,70.00,23.87,0.8989,14.50,2026-01-17,
696,36,next_day,Z4,Z3,70.00,500.00,89.53,0.6392,14.50,2026-01-17,
697,36,next_day,Z4,Z4,0.00,70.00,14.38,0.5393,14.50,2026-01-17,
698,36,next_day,Z4,Z4,70.00,500.00,53.93,0.3835,14.50,2026-01-17,
699,36,next_day,Z4,Z5,0.00,70.00,19.13,0.7191,14.50,2026-01-17,
700,36,next_day,Z4,Z5,70.00,500.00,71.73,0.5113,14.50,2026-01-17,
701,36,express,Z4,Z1,0.00,70.00,22.95,0.8629,14.50,2026-01-17,
702,36,express,Z4,Z1,70.00,500.00,86.07,0.6136,14.50,2026-01-17,
703,36,express,Z4,Z2,0.00,70.00,28.65,1.0786,14.50,2026-01-17,
704,36,express,Z4,Z2,70.00,500.00,107.43,0.7670,14.50,2026-01-17,
705,36,express,Z4,Z3,0.00,70.00,28.65,1.0786,14.50,2026-01-17,
706,36,express,Z4,Z3,70.00,500.00,107.43,0.7670,14.50,2026-01-17,
707,36,express,Z4,Z4,0.00,70.00,17.26,0.6472,14.50,2026-01-17,
708,36,express,Z4,Z4,70.00,500.00,64.72,0.4602,14.50,2026-01-17,
709,36,express,Z4,Z5,0.00,70.00,22.95,0.8629,14.50,2026-01-17,
710,36,express,Z4,Z5,70.00,500.00,86.07,0.6136,14.50,2026-01-17,
711,36,freight,Z4,Z1,0.00,,215.73,0.1198,14.50,2026-01-17,
712,36,freight,Z4,Z2,0.00,,283.64,0.1518,14.50,2026-01-17,
713,36,freight,Z4,Z3,0.00,,283.64,0.1518,14.50,2026-01-17,
714,36,freight,Z4,Z4,0.00,,147.81,0.0879,14.50,2026-01-17,
715,36,freight,Z4,Z5,0.00,,215.73,0.1198,14.50,2026-01-17,
716,57,standard,Z3,Z1,0.00,70.00,12.05,0.4531,14.50,2026-01-25,
717,57,standard,Z3,Z1,70.00,500.00,45.20,0.3222,14.50,2026-01-25,
718,57,standard,Z3,Z2,0.00,70.00,12.05,0.4531,14.50,2026-01-25,
719,57,standard,Z3,Z2,70.00,500.00,45.20,0.3222,14.50,2026-01-25,
720,57,standard,Z3,Z3,0.00,70.00,9.06,0.3398,14.50,2026-01-25,
721,57,standard,Z3,Z3,70.00,500.00,33.98,0.2417,14.50,2026-01-25,
722,57,standard,Z3,Z4,0.00,70.00,15.04,0.5664,14.50,2026-01-25,
723,57,standard,Z3,Z4,70.00,500.00,56.41,0.4027,14.50,2026-01-25,
724,57,standard,Z3,Z5,0.00,70.00,15.04,0.5664,14.50,2026-01-25,
725,57,standard,Z3,Z5,70.00,500.00,56.41,0.4027,14.50,2026-01-25,
726,57,next_day,Z3,Z1,0.00,70.00,18.08,0.6797,14.50,2026-01-25,
727,57,next_day,Z3,Z1,70.00,500.00,67.80,0.4833,14.50,2026-01-25,
728,57,next_day,Z3,Z2,0.00,70.00,18.08,0.6797,14.50,2026-01-25,
729,57,next_day,Z3,Z2,70.00,500.00,67.80,0.4833,14.50,2026-01-25,
730,57,next_day,Z3,Z3,0.00,70.00,13.59,0.5097,14.50,2026-01-25,
731,57,next_day,Z3,Z3,70.00,500.00,50.97,0.3625,14.50,2026-01-25,
732,57,next_day,Z3,Z4,0.00,70.00,22.56,0.8496,14.50,2026-01-25,
733,57,next_day,Z3,Z4,70.00,500.00,84.62,0.6041,14.50,2026-01-25,
734,57,next_day,Z3,Z5,0.00,70.00,22.56,0.8496,14.50,2026-01-25,
735,57,next_day,Z3,Z5,70.00,500.00,84.62,0.6041,14.50,2026-01-25,
736,57,express,Z3,Z1,0.00,70.00,21.70,0.8156,14.50,2026-01-25,
737,57,express,Z3,Z1,70.00,500.00,81.36,0.5800,14.50,2026-01-25,
738,57,express,Z3,Z2,0.00,70.00,21.70,0.8156,14.50,2026-01-25,
739,57,express,Z3,Z2,70.00,500.00,81.36,0.5800,14.50,2026-01-25,
740,57,express,Z3,Z3,0.00,70.00,16.31,0.6117,14.50,2026-01-25,
741,57,express,Z3,Z3,70.00,500.00,61.17,0.4350,14.50,2026-01-25,
742,57,express,Z3,Z4,0.00,70.00,27.08,1.0195,14.50,2026-01-25,
743,57,express,Z3,Z4,70.00,500.00,101.54,0.7250,14.50,2026-01-25,
744,57,express,Z3,Z5,0.00,70.00,27.08,1.0195,14.50,2026-01-25,
745,57,express,Z3,Z5,70.00,500.00,101.54,0.7250,14.50,2026-01-25,
746,57,freight,Z3,Z1,0.00,,203.90,0.1133,14.50,2026-01-25,
747,57,freight,Z3,Z2,0.00,,203.90,0.1133,14.50,2026-01-25,
748,57,freight,Z3,Z3,0.00,,139.71,0.0831,14.50,2026-01-25,
749,57,freight,Z3,Z4,0.00,,268.09,0.1435,14.50,2026-01-25,
750,57,freight,Z3,Z5,0.00,,268.09,0.1435,14.50,2026-01-25,
751,71,standard,Z2,Z1,0.00,70.00,13.05,0.4907,14.50,2026-01-20,
752,71,standard,Z2,Z1,70.00,500.00,48.94,0.3489,14.50,2026-01-20,
753,71,standard,Z2,Z2,0.00,70.00,9.81,0.3680,14.50,2026-01-20,
754,71,standard,Z2,Z2,70.00,500.00,36.80,0.2617,14.50,2026-01-20,
755,71,standard,Z2,Z3,0.00,70.00,13.05,0.4907,14.50,2026-01-20,
756,71,standard,Z2,Z3,70.00,500.00,48.94,0.3489,14.50,2026-01-20,
757,71,standard,Z2,Z4,0.00,70.00,16.29,0.6133,14.50,2026-01-20,
758,71,standard,Z2,Z4,70.00,500.00,61.09,0.4361,14.50,2026-01-20,
759,71,standard,Z2,Z5,0.00,70.00,13.05,0.4907,14.50,2026-01-20,
760,71,standard,Z2,Z5,70.00,500.00,48.94,0.3489,14.50,2026-01-20,
761,71,next_day,Z2,Z1,0.00,70.00,19.58,0.7360,14.50,2026-01-20,
762,71,next_day,Z2,Z1,70.00,500.00,73.42,0.5234,14.50,2026-01-20,
763,71,next_day,Z2,Z2,0.00,70.00,14.72,0.5520,14.50,2026-01-20,
764,71,next_day,Z2,Z2,70.00,500.00,55.20,0.3925,14.50,2026-01-20,
765,71,next_day,Z2,Z3,0.00,70.00,19.58,0.7360,14.50,2026-01-20,
766,71,next_day,Z2,Z3,70.00,500.00,73.42,0.5234,14.50,2026-01-20,
767,71,next_day,Z2,Z4,0.00,70.00,24.44,0.9200,14.50,2026-01-20,
768,71,next_day,Z2,Z4,70.00,500.00,91.63,0.6542,14.50,2026-01-20,
769,71,next_day,Z2,Z5,0.00,70.00,19.58,0.7360,14.50,2026-01-20,
770,71,next_day,Z2,Z5,70.00,500.00,73.42,0.5234,14.50,2026-01-20,
771,71,express,Z2,Z1,0.00,70.00,23.49,0.8832,14.50,2026-01-20,
772,71,express,Z2,Z1,70.00,500.00,88.10,0.6281,14.50,2026-01-20,
773,71,express,Z2,Z2,0.00,70.00,17.66,0.6624,14.50,2026-01-20,
774,71,express,Z2,Z2,70.00,500.00,66.24,0.4710,14.50,2026-01-20,
775,71,express,Z2,Z3,0.00,70.00,23.49,0.8832,14.50,2026-01-20,
776,71,express,Z2,Z3,70.00,500.00,88.10,0.6281,14.50,2026-01-20,
777,71,express,Z2,Z4,0.00,70.00,29.33,1.1040,14.50,2026-01-20,
778,71,express,Z2,Z4,70.00,500.00,109.96,0.7851,14.50,2026-01-20,
779,71,express,Z2,Z5,0.00,70.00,23.49,0.8832,14.50,2026-01-20,
780,71,express,Z2,Z5,70.00,500.00,88.10,0.6281,14.50,2026-01-20,
781,80,next_day,Z3,Z1,0.00,70.00,19.69,0.7402,14.50,2026-03-18,
782,80,next_day,Z3,Z1,70.00,500.00,73.84,0.5264,14.50,2026-03-18,
783,80,next_day,Z3,Z2,0.00,70.00,19.69,0.7402,14.50,2026-03-18,
784,80,next_day,Z3,Z2,70.00,500.00,73.84,0.5264,14.50,2026-03-18,
785,80,next_day,Z3,Z3,0.00,70.00,14.80,0.5552,14.50,2026-03-18,
786,80,next_day,Z3,Z3,70.00,500.00,55.52,0.3948,14.50,2026-03-18,
787,80,next_day,Z3,Z4,0.00,70.00,24.58,0.9253,14.50,2026-03-18,
788,80,next_day,Z3,Z4,70.00,500.00,92.16,0.6580,14.50,2026-03-18,
789,80,next_day,Z3,Z5,0.00,70.00,24.58,0.9253,14.50,2026-03-18,
790,80,next_day,Z3,Z5,70.00,500.00,92.16,0.6580,14.50,2026-03-18,
791,80,standard,Z3,Z1,0.00,70.00,13.13,0.4935,14.50,2026-03-18,
792,80,standard,Z3,Z1,70.00,500.00,49.23,0.3510,14.50,2026-03-18,
793,80,standard,Z3,Z2,0.00,70.00,13.13,0.4935,14.50,2026-03-18,
794,80,standard,Z3,Z2,70.00,500.00,49.23,0.3510,14.50,2026-03-18,
795,80,standard,Z3,Z3,0.00,70.00,9.87,0.3701,14.50,2026-03-18,
796,80,standard,Z3,Z3,70.00,500.00,37.01,0.2632,14.50,2026-03-18,
797,80,standard,Z3,Z4,0.00,70.00,16.38,0.6169,14.50,2026-03-18,
798,80,standard,Z3,Z4,70.00,500.00,61.44,0.4386,14.50,2026-03-18,
799,80,standard,Z3,Z5,0.00,70.00,16.38,0.6169,14.50,2026-03-18,
800,80,standard,Z3,Z5,70.00,500.00,61.44,0.4386,14.50,2026-03-18,
801,80,express,Z3,Z1,0.00,70.00,23.63,0.8883,14.50,2026-03-18,
802,80,express,Z3,Z1,70.00,500.00,88.61,0.6317,14.50,2026-03-18,
803,80,express,Z3,Z2,0.00,70.00,23.63,0.8883,14.50,2026-03-18,
804,80,express,Z3,Z2,70.00,500.00,88.61,0.6317,14.50,2026-03-18,
805,80,express,Z3,Z3,0.00,70.00,17.77,0.6662,14.50,2026-03-18,
806,80,express,Z3,Z3,70.00,500.00,66.62,0.4737,14.50,2026-03-18,
807,80,express,Z3,Z4,0.00,70.00,29.49,1.1103,14.50,2026-03-18,
808,80,express,Z3,Z4,70.00,500.00,110.59,0.7896,14.50,2026-03-18,
809,80,express,Z3,Z5,0.00,70.00,29.49,1.1103,14.50,2026-03-18,
810,80,express,Z3,Z5,70.00,500.00,110.59,0.7896,14.50,2026-03-18,
811,80,freight,Z3,Z1,0.00,,222.07,0.1234,14.50,2026-03-18,
812,80,freight,Z3,Z2,0.00,,222.07,0.1234,14.50,2026-03-18,
813,80,freight,Z3,Z3,0.00,,152.16,0.0905,14.50,2026-03-18,
814,80,freight,Z3,Z4,0.00,,291.98,0.1563,14.50,2026-03-18,
815,80,freight,Z3,Z5,0.00,,291.98,0.1563,14.50,2026-03-18,
816,76,standard,Z2,Z1,0.00,70.00,14.06,0.5287,14.50,2026-01-22,
817,76,standard,Z2,Z1,70.00,500.00,52.74,0.3760,14.50,2026-01-22,
818,76,standard,Z2,Z2,0.00,70.00,10.57,0.3965,14.50,2026-01-22,
819,76,standard,Z2,Z2,70.00,500.00,39.65,0.2820,14.50,2026-01-22,
820,76,standard,Z2,Z3,0.00,70.00,14.06,0.5287,14.50,2026-01-22,
821,76,standard,Z2,Z3,70.00,500.00,52.74,0.3760,14.50,2026-01-22,
822,76,standard,Z2,Z4,0.00,70.00,17.55,0.6609,14.50,2026-01-22,
823,76,standard,Z2,Z4,70.00,500.00,65.83,0.4700,14.50,2026-01-22,
824,76,standard,Z2,Z5,0.00,70.00,14.06,0.5287,14.50,2026-01-22,
825,76,standard,Z2,Z5,70.00,500.00,52.74,0.3760,14.50,2026-01-22,
826,76,next_day,Z2,Z1,0.00,70.00,21.10,0.7931,14.50,2026-01-22,
827,76,next_day,Z2,Z1,70.00,500.00,79.12,0.5640,14.50,2026-01-22,
828,76,next_day,Z2,Z2,0.00,70.00,15.86,0.5948,14.50,2026-01-22,
829,76,next_day,Z2,Z2,70.00,500.00,59.48,0.4230,14.50,2026-01-22,
830,76,next_day,Z2,Z3,0.00,70.00,21.10,0.7931,14.50,2026-01-22,
831,76,next_day,Z2,Z3,70.00,500.00,79.12,0.5640,14.50,2026-01-22,
832,76,next_day,Z2,Z4,0.00,70.00,26.33,0.9914,14.50,2026-01-22,
833,76,next_day,Z2,Z4,70.00,500.00,98.74,0.7050,14.50,2026-01-22,
834,76,next_day,Z2,Z5,0.00,70.00,21.10,0.7931,14.50,2026-01-22,
835,76,next_day,Z2,Z5,70.00,500.00,79.12,0.5640,14.50,2026-01-22,
836,76,express,Z2,Z1,0.00,70.00,25.32,0.9517,14.50,2026-01-22,
837,76,express,Z2,Z1,70.00,500.00,94.93,0.6768,14.50,2026-01-22,
838,76,express,Z2,Z2,0.00,70.00,19.03,0.7138,14.50,2026-01-22,
839,76,express,Z2,Z2,70.00,500.00,71.38,0.5076,14.50,2026-01-22,
840,76,express,Z2,Z3,0.00,70.00,25.32,0.9517,14.50,2026-01-22,
841,76,express,Z2,Z3,70.00,500.00,94.93,0.6768,14.50,2026-01-22,
842,76,express,Z2,Z4,0.00,70.00,31.60,1.1896,14.50,2026-01-22,
843,76,express,Z2,Z4,70.00,500.00,118.49,0.8460,14.50,2026-01-22,
844,76,express,Z2,Z5,0.00,70.00,25.32,0.9517,14.50,2026-01-22,
845,76,express,Z2,Z5,70.00,500.00,94.93,0.6768,14.50,2026-01-22,
846,76,freight,Z2,Z1,0.00,,237.93,0.1322,14.50,2026-01-22,
847,76,freight,Z2,Z2,0.00,,163.02,0.0969,14.50,2026-01-22,
848,76,freight,Z2,Z3,0.00,,237.93,0.1322,14.50,2026-01-22,
849,76,freight,Z2,Z4,0.00,,312.83,0.1674,14.50,2026-01-22,
850,76,freight,Z2,Z5,0.00,,237.93,0.1322,14.50,2026-01-22,
851,148,standard,Z2,Z1,0.00,70.00,14.08,0.5292,14.50,2026-01-11,
852,148,standard,Z2,Z1,70.00,500.00,52.79,0.3764,14.50,2026-01-11,
853,148,standard,Z2,Z2,0.00,70.00,10.58,0.3969,14.50,2026-01-11,
854,148,standard,Z2,Z2,70.00,500.00,39.69,0.2823,14.50,2026-01-11,
855,148,standard,Z2,Z3,0.00,70.00,14.08,0.5292,14.50,2026-01-11,
856,148,standard,Z2,Z3,70.00,500.00,52.79,0.3764,14.50,2026-01-11,
857,148,standard,Z2,Z4,0.00,70.00,17.57,0.6615,14.50,2026-01-11,
858,148,standard,Z2,Z4,70.00,500.00,65.89,0.4704,14.50,2026-01-11,
859,148,standard,Z2,Z5,0.00,70.00,14.08,0.5292,14.50,2026-01-11,
860,148,standard,Z2,Z5,70.00,500.00,52.79,0.3764,14.50,2026-01-11,
861,148,next_day,Z2,Z1,0.00,70.00,21.12,0.7938,14.50,2026-01-11,
862,148,next_day,Z2,Z1,70.00,500.00,79.19,0.5645,14.50,2026-01-11,
863,148,next_day,Z2,Z2,0.00,70.00,15.88,0.5954,14.50,2026-01-11,
864,148,next_day,Z2,Z2,70.00,500.00,59.54,0.4234,14.50,2026-01-11,
865,148,next_day,Z2,Z3,0.00,70.00,21.12,0.7938,14.50,2026-01-11,
866,148,next_day,Z2,Z3,70.00,500.00,79.19,0.5645,14.50,2026-01-11,
867,148,next_day,Z2,Z4,0.00,70.00,26.36,0.9923,14.50,2026-01-11,
868,148,next_day,Z2,Z4,70.00,500.00,98.83,0.7056,14.50,2026-01-11,
869,148,next_day,Z2,Z5,0.00,70.00,21.12,0.7938,14.50,2026-01-11,
870,148,next_day,Z2,Z5,70.00,500.00,79.19,0.5645,14.50,2026-01-11,
871,148,express,Z2,Z1,0.00,70.00,25.34,0.9526,14.50,2026-01-11,
872,148,express,Z2,Z1,70.00,500.00,95.02,0.6774,14.50,2026-01-11,
873,148,express,Z2,Z2,0.00,70.00,19.05,0.7145,14.50,2026-01-11,
874,148,express,Z2,Z2,70.00,500.00,71.45,0.5081,14.50,2026-01-11,
875,148,express,Z2,Z3,0.00,70.00,25.34,0.9526,14.50,2026-01-11,
876,148,express,Z2,Z3,70.00,500.00,95.02,0.6774,14.50,2026-01-11,
877,148,express,Z2,Z4,0.00,70.00,31.63,1.1908,14.50,2026-01-11,
878,148,express,Z2,Z4,70.00,500.00,118.60,0.8468,14.50,2026-01-11,
879,148,express,Z2,Z5,0.00,70.00,25.34,0.9526,14.50,2026-01-11,
880,148,express,Z2,Z5,70.00,500.00,95.02,0.6774,14.50,2026-01-11,
881,12,standard,Z4,Z1,0.00,70.00,13.13,0.4936,14.50,2026-01-25,
882,12,standard,Z4,Z1,70.00,500.00,49.24,0.3511,14.50,2026-01-25,
883,12,standard,Z4,Z2,0.00,70.00,16.39,0.6170,14.50,2026-01-25,
884,12,standard,Z4,Z2,70.00,500.00,61.46,0.4388,14.50,2026-01-25,
885,12,standard,Z4,Z3,0.00,70.00,16.39,0.6170,14.50,2026-01-25,
886,12,standard,Z4,Z3,70.00,500.00,61.46,0.4388,14.50,2026-01-25,
887,12,standard,Z4,Z4,0.00,70.00,9.87,0.3702,14.50,2026-01-25,
888,12,standard,Z4,Z4,70.00,500.00,37.02,0.2633,14.50,2026-01-25,
889,12,standard,Z4,Z5,0.00,70.00,13.13,0.4936,14.50,2026-01-25,
890,12,standard,Z4,Z5,70.00,500.00,49.24,0.3511,14.50,2026-01-25,
891,12,next_day,Z4,Z1,0.00,70.00,19.70,0.7405,14.50,2026-01-25,
892,12,next_day,Z4,Z1,70.00,500.00,73.86,0.5265,14.50,2026-01-25,
893,12,next_day,Z4,Z2,0.00,70.00,24.58,0.9256,14.50,2026-01-25,
894,12,next_day,Z4,Z2,70.00,500.00,92.19,0.6582,14.50,2026-01-25,
895,12,next_day,Z4,Z3,0.00,70.00,24.58,0.9256,14.50,2026-01-25,
896,12,next_day,Z4,Z3,70.00,500.00,92.19,0.6582,14.50,2026-01-25,
897,12,next_day,Z4,Z4,0.00,70.00,14.81,0.5553,14.50,2026-01-25,
898,12,next_day,Z4,Z4,70.00,500.00,55.53,0.3949,14.50,2026-01-25,
899,12,next_day,Z4,Z5,0.00,70.00,19.70,0.7405,14.50,2026-01-25,
900,12,next_day,Z4,Z5,70.00,500.00,73.86,0.5265,14.50,2026-01-25,
901,12,express,Z4,Z1,0.00,70.00,23.64,0.8885,14.50,2026-01-25,
902,12,express,Z4,Z1,70.00,500.00,88.63,0.6319,14.50,2026-01-25,
903,12,express,Z4,Z2,0.00,70.00,29.50,1.1107,14.50,2026-01-25,
904,12,express,Z4,Z2,70.00,500.00,110.62,0.7898,14.50,2026-01-25,
905,12,express,Z4,Z3,0.00,70.00,29.50,1.1107,14.50,2026-01-25,
906,12,express,Z4,Z3,70.00,500.00,110.62,0.7898,14.50,2026-01-25,
907,12,express,Z4,Z4,0.00,70.00,17.77,0.6664,14.50,2026-01-25,
908,12,express,Z4,Z4,70.00,500.00,66.64,0.4739,14.50,2026-01-25,
909,12,express,Z4,Z5,0.00,70.00,23.64,0.8885,14.50,2026-01-25,
910,12,express,Z4,Z5,70.00,500.00,88.63,0.6319,14.50,2026-01-25,
911,12,freight,Z4,Z1,0.00,,222.14,0.1234,14.50,2026-01-25,
912,12,freight,Z4,Z2,0.00,,292.07,0.1563,14.50,2026-01-25,
913,12,freight,Z4,Z3,0.00,,292.07,0.1563,14.50,2026-01-25,
914,12,freight,Z4,Z4,0.00,,152.21,0.0905,14.50,2026-01-25,
915,12,freight,Z4,Z5,0.00,,222.14,0.1234,14.50,2026-01-25,
916,34,standard,Z2,Z1,0.00,70.00,13.46,0.5059,14.50,2026-01-10,
917,34,standard,Z2,Z1,70.00,500.00,50.47,0.3598,14.50,2026-01-10,
918,34,standard,Z2,Z2,0.00,70.00,10.12,0.3794,14.50,2026-01-10,
919,34,standard,Z2,Z2,70.00,500.00,37.94,0.2698,14.50,2026-01-10,
920,34,standard,Z2,Z3,0.00,70.00,13.46,0.5059,14.50,2026-01-10,
921,34,standard,Z2,Z3,70.00,500.00,50.47,0.3598,14.50,2026-01-10,
922,34,standard,Z2,Z4,0.00,70.00,16.80,0.6324,14.50,2026-01-10,
923,34,standard,Z2,Z4,70.00,500.00,62.99,0.4497,14.50,2026-01-10,
924,34,standard,Z2,Z5,0.00,70.00,13.46,0.5059,14.50,2026-01-10,
925,34,standard,Z2,Z5,70.00,500.00,50.47,0.3598,14.50,2026-01-10,
926,34,next_day,Z2,Z1,0.00,70.00,20.19,0.7589,14.50,2026-01-10,
927,34,next_day,Z2,Z1,70.00,500.00,75.70,0.5396,14.50,2026-01-10,
928,34,next_day,Z2,Z2,0.00,70.00,15.18,0.5692,14.50,2026-01-10,
929,34,next_day,Z2,Z2,70.00,500.00,56.92,0.4047,14.50,2026-01-10,
930,34,next_day,Z2,Z3,0.00,70.00,20.19,0.7589,14.50,2026-01-10,
931,34,next_day,Z2,Z3,70.00,500.00,75.70,0.5396,14.50,2026-01-10,
932,34,next_day,Z2,Z4,0.00,70.00,25.19,0.9486,14.50,2026-01-10,
933,34,next_day,Z2,Z4,70.00,500.00,94.48,0.6746,14.50,2026-01-10,
934,34,next_day,Z2,Z5,0.00,70.00,20.19,0.7589,14.50,2026-01-10,
935,34,next_day,Z2,Z5,70.00,500.00,75.70,0.5396,14.50,2026-01-10,
936,34,express,Z2,Z1,0.00,70.00,24.23,0.9107,14.50,2026-01-10,
937,34,express,Z2,Z1,70.00,500.00,90.84,0.6476,14.50,2026-01-10,
938,34,express,Z2,Z2,0.00,70.00,18.21,0.6830,14.50,2026-01-10,
939,34,express,Z2,Z2,70.00,500.00,68.30,0.4857,14.50,2026-01-10,
940,34,express,Z2,Z3,0.00,70.00,24.23,0.9107,14.50,2026-01-10,
941,34,express,Z2,Z3,70.00,500.00,90.84,0.6476,14.50,2026-01-10,
942,34,express,Z2,Z4,0.00,70.00,30.24,1.1383,14.50,2026-01-10,
943,34,express,Z2,Z4,70.00,500.00,113.38,0.8095,14.50,2026-01-10,
944,34,express,Z2,Z5,0.00,70.00,24.23,0.9107,14.50,2026-01-10,
945,34,express,Z2,Z5,70.00,500.00,90.84,0.6476,14.50,2026-01-10,
946,34,freight,Z2,Z1,0.00,,227.66,0.1265,14.50,2026-01-10,
947,34,freight,Z2,Z2,0.00,,155.99,0.0928,14.50,2026-01-10,
948,34,freight,Z2,Z3,0.00,,227.66,0.1265,14.50,2026-01-10,
949,34,freight,Z2,Z4,0.00,,299.34,0.1602,14.50,2026-01-10,
950,34,freight,Z2,Z5,0.00,,227.66,0.1265,14.50,2026-01-10,
951,121,standard,Z1,Z1,0.00,70.00,9.04,0.3388,14.50,2026-01-04,
952,121,standard,Z1,Z1,70.00,500.00,33.88,0.2409,14.50,2026-01-04,
953,121,standard,Z1,Z2,0.00,70.00,12.02,0.4518,14.50,2026-01-04,
954,121,standard,Z1,Z2,70.00,500.00,45.06,0.3213,14.50,2026-01-04,
955,121,standard,Z1,Z3,0.00,70.00,12.02,0.4518,14.50,2026-01-04,
956,121,standard,Z1,Z3,70.00,500.00,45.06,0.3213,14.50,2026-01-04,
957,121,standard,Z1,Z4,0.00,70.00,12.02,0.4518,14.50,2026-01-04,
958,121,standard,Z1,Z4,70.00,500.00,45.06,0.3213,14.50,2026-01-04,
959,121,standard,Z1,Z5,0.00,70.00,15.00,0.5647,14.50,2026-01-04,
960,121,standard,Z1,Z5,70.00,500.00,56.24,0.4015,14.50,2026-01-04,
961,121,next_day,Z1,Z1,0.00,70.00,13.55,0.5082,14.50,2026-01-04,
962,121,next_day,Z1,Z1,70.00,500.00,50.82,0.3614,14.50,2026-01-04,
963,121,next_day,Z1,Z2,0.00,70.00,18.03,0.6776,14.50,2026-01-04,
964,121,next_day,Z1,Z2,70.00,500.00,67.60,0.4819,14.50,2026-01-04,
965,121,next_day,Z1,Z3,0.00,70.00,18.03,0.6776,14.50,2026-01-04,
966,121,next_day,Z1,Z3,70.00,500.00,67.60,0.4819,14.50,2026-01-04,
967,121,next_day,Z1,Z4,0.00,70.00,18.03,0.6776,14.50,2026-01-04,
968,121,next_day,Z1,Z4,70.00,500.00,67.60,0.4819,14.50,2026-01-04,
969,121,next_day,Z1,Z5,0.00,70.00,22.50,0.8471,14.50,2026-01-04,
970,121,next_day,Z1,Z5,70.00,500.00,84.37,0.6023,14.50,2026-01-04,
971,121,express,Z1,Z1,0.00,70.00,16.26,0.6099,14.50,2026-01-04,
972,121,express,Z1,Z1,70.00,500.00,60.99,0.4337,14.50,2026-01-04,
973,121,express,Z1,Z2,0.00,70.00,21.63,0.8132,14.50,2026-01-04,
974,121,express,Z1,Z2,70.00,500.00,81.11,0.5783,14.50,2026-01-04,
975,121,express,Z1,Z3,0.00,70.00,21.63,0.8132,14.50,2026-01-04,
976,121,express,Z1,Z3,70.00,500.00,81.11,0.5783,14.50,2026-01-04,
977,121,express,Z1,Z4,0.00,70.00,21.63,0.8132,14.50,2026-01-04,
978,121,express,Z1,Z4,70.00,500.00,81.11,0.5783,14.50,2026-01-04,
979,121,express,Z1,Z5,0.00,70.00,27.00,1.0165,14.50,2026-01-04,
980,121,express,Z1,Z5,70.00,500.00,101.24,0.7228,14.50,2026-01-04,
981,121,freight,Z1,Z1,0.00,,139.29,0.0828,14.50,2026-01-04,
982,121,freight,Z1,Z2,0.00,,203.29,0.1129,14.50,2026-01-04,
983,121,freight,Z1,Z3,0.00,,203.29,0.1129,14.50,2026-01-04,
984,121,freight,Z1,Z4,0.00,,203.29,0.1129,14.50,2026-01-04,
985,121,freight,Z1,Z5,0.00,,267.29,0.1431,14.50,2026-01-04,
986,147,next_day,Z5,Z1,0.00,70.00,24.44,0.9202,14.50,2026-02-24,
987,147,next_day,Z5,Z1,70.00,500.00,91.65,0.6543,14.50,2026-02-24,
988,147,next_day,Z5,Z2,0.00,70.00,19.58,0.7361,14.50,2026-02-24,
989,147,next_day,Z5,Z2,70.00,500.00,73.43,0.5235,14.50,2026-02-24,
990,147,next_day,Z5,Z3,0.00,70.00,24.44,0.9202,14.50,2026-02-24,
991,147,next_day,Z5,Z3,70.00,500.00,91.65,0.6543,14.50,2026-02-24,
992,147,next_day,Z5,Z4,0.00,70.00,19.58,0.7361,14.50,2026-02-24,
993,147,next_day,Z5,Z4,70.00,500.00,73.43,0.5235,14.50,2026-02-24,
994,147,next_day,Z5,Z5,0.00,70.00,14.72,0.5521,14.50,2026-02-24,
995,147,next_day,Z5,Z5,70.00,500.00,55.21,0.3926,14.50,2026-02-24,
996,147,express,Z5,Z1,0.00,70.00,29.33,1.1042,14.50,2026-02-24,
997,147,express,Z5,Z1,70.00,500.00,109.98,0.7852,14.50,2026-02-24,
998,147,express,Z5,Z2,0.00,70.00,23.50,0.8834,14.50,2026-02-24,
999,147,express,Z5,Z2,70.00,500.00,88.12,0.6282,14.50,2026-02-24,
1000,147,express,Z5,Z3,0.00,70.00,29.33,1.1042,14.50,2026-02-24,
1001,147,express,Z5,Z3,70.00,500.00,109.98,0.7852,14.50,2026-02-24,
1002,147,express,Z5,Z4,0.00,70.00,23.50,0.8834,14.50,2026-02-24,
1003,147,express,Z5,Z4,70.00,500.00,88.12,0.6282,14.50,2026-02-24,
1004,147,express,Z5,Z5,0.00,70.00,17.67,0.6625,14.50,2026-02-24,
1005,147,express,Z5,Z5,70.00,500.00,66.25,0.4711,14.50,2026-02-24,
1006,147,standard,Z5,Z1,0.00,70.00,16.29,0.6135,14.50,2026-02-24,
1007,147,standard,Z5,Z1,70.00,500.00,61.10,0.4362,14.50,2026-02-24,
1008,147,standard,Z5,Z2,0.00,70.00,13.05,0.4908,14.50,2026-02-24,
1009,147,standard,Z5,Z2,70.00,500.00,48.95,0.3490,14.50,2026-02-24,
1010,147,standard,Z5,Z3,0.00,70.00,16.29,0.6135,14.50,2026-02-24,
1011,147,standard,Z5,Z3,70.00,500.00,61.10,0.4362,14.50,2026-02-24,
1012,147,standard,Z5,Z4,0.00,70.00,13.05,0.4908,14.50,2026-02-24,
1013,147,standard,Z5,Z4,70.00,500.00,48.95,0.3490,14.50,2026-02-24,
1014,147,standard,Z5,Z5,0.00,70.00,9.82,0.3681,14.50,2026-02-24,
1015,147,standard,Z5,Z5,70.00,500.00,36.81,0.2617,14.50,2026-02-24,
1016,2,next_day,Z3,Z1,0.00,70.00,18.60,0.6994,14.50,2026-03-28,
1017,2,next_day,Z3,Z1,70.00,500.00,69.77,0.4974,14.50,2026-03-28,
1018,2,next_day,Z3,Z2,0.00,70.00,18.60,0.6994,14.50,2026-03-28,
1019,2,next_day,Z3,Z2,70.00,500.00,69.77,0.4974,14.50,2026-03-28,
1020,2,next_day,Z3,Z3,0.00,70.00,13.99,0.5246,14.50,2026-03-28,
1021,2,next_day,Z3,Z3,70.00,500.00,52.46,0.3730,14.50,2026-03-28,
1022,2,next_day,Z3,Z4,0.00,70.00,23.22,0.8743,14.50,2026-03-28,
1023,2,next_day,Z3,Z4,70.00,500.00,87.08,0.6217,14.50,2026-03-28,
1024,2,next_day,Z3,Z5,0.00,70.00,23.22,0.8743,14.50,2026-03-28,
1025,2,next_day,Z3,Z5,70.00,500.00,87.08,0.6217,14.50,2026-03-28,
1026,2,standard,Z3,Z1,0.00,70.00,12.40,0.4663,14.50,2026-03-28,
1027,2,standard,Z3,Z1,70.00,500.00,46.51,0.3316,14.50,2026-03-28,
1028,2,standard,Z3,Z2,0.00,70.00,12.40,0.4663,14.50,2026-03-28,
1029,2,standard,Z3,Z2,70.00,500.00,46.51,0.3316,14.50,2026-03-28,
1030,2,standard,Z3,Z3,0.00,70.00,9.33,0.3497,14.50,2026-03-28,
1031,2,standard,Z3,Z3,70.00,500.00,34.97,0.2487,14.50,2026-03-28,
1032,2,standard,Z3,Z4,0.00,70.00,15.48,0.5829,14.50,2026-03-28,
1033,2,standard,Z3,Z4,70.00,500.00,58.05,0.4144,14.50,2026-03-28,
1034,2,standard,Z3,Z5,0.00,70.00,15.48,0.5829,14.50,2026-03-28,
1035,2,standard,Z3,Z5,70.00,500.00,58.05,0.4144,14.50,2026-03-28,
1036,2,express,Z3,Z1,0.00,70.00,22.33,0.8393,14.50,2026-03-28,
1037,2,express,Z3,Z1,70.00,500.00,83.72,0.5968,14.50,2026-03-28,
1038,2,express,Z3,Z2,0.00,70.00,22.33,0.8393,14.50,2026-03-28,
1039,2,express,Z3,Z2,70.00,500.00,83.72,0.5968,14.50,2026-03-28,
1040,2,express,Z3,Z3,0.00,70.00,16.79,0.6295,14.50,2026-03-28,
1041,2,express,Z3,Z3,70.00,500.00,62.95,0.4476,14.50,2026-03-28,
1042,2,express,Z3,Z4,0.00,70.00,27.87,1.0491,14.50,2026-03-28,
1043,2,express,Z3,Z4,70.00,500.00,104.49,0.7460,14.50,2026-03-28,
1044,2,express,Z3,Z5,0.00,70.00,27.87,1.0491,14.50,2026-03-28,
1045,2,express,Z3,Z5,70.00,500.00,104.49,0.7460,14.50,2026-03-28,
1046,2,freight,Z3,Z1,0.00,,209.83,0.1166,14.50,2026-03-28,
1047,2,freight,Z3,Z2,0.00,,209.83,0.1166,14.50,2026-03-28,
1048,2,freight,Z3,Z3,0.00,,143.77,0.0855,14.50,2026-03-28,
1049,2,freight,Z3,Z4,0.00,,275.88,0.1477,14.50,2026-03-28,
1050,2,freight,Z3,Z5,0.00,,275.88,0.1477,14.50,2026-03-28,
1051,125,standard,Z5,Z1,0.00,70.00,16.82,0.6333,14.50,2026-02-22,
1052,125,standard,Z5,Z1,70.00,500.00,63.08,0.4503,14.50,2026-02-22,
1053,125,standard,Z5,Z2,0.00,70.00,13.48,0.5067,14.50,2026-02-22,
1054,125,standard,Z5,Z2,70.00,500.00,50.54,0.3603,14.50,2026-02-22,
1055,125,standard,Z5,Z3,0.00,70.00,16.82,0.6333,14.50,2026-02-22,
1056,125,standard,Z5,Z3,70.00,500.00,63.08,0.4503,14.50,2026-02-22,
1057,125,standard,Z5,Z4,0.00,70.00,13.48,0.5067,14.50,2026-02-22,
1058,125,standard,Z5,Z4,70.00,500.00,50.54,0.3603,14.50,2026-02-22,
1059,125,standard,Z5,Z5,0.00,70.00,10.13,0.3800,14.50,2026-02-22,
1060,125,standard,Z5,Z5,70.00,500.00,38.00,0.2702,14.50,2026-02-22,
1061,125,next_day,Z5,Z1,0.00,70.00,25.23,0.9500,14.50,2026-02-22,
1062,125,next_day,Z5,Z1,70.00,500.00,94.62,0.6756,14.50,2026-02-22,
1063,125,next_day,Z5,Z2,0.00,70.00,20.22,0.7600,14.50,2026-02-22,
1064,125,next_day,Z5,Z2,70.00,500.00,75.81,0.5404,14.50,2026-02-22,
1065,125,next_day,Z5,Z3,0.00,70.00,25.23,0.9500,14.50,2026-02-22,
1066,125,next_day,Z5,Z3,70.00,500.00,94.62,0.6756,14.50,2026-02-22,
1067,125,next_day,Z5,Z4,0.00,70.00,20.22,0.7600,14.50,2026-02-22,
1068,125,next_day,Z5,Z4,70.00,500.00,75.81,0.5404,14.50,2026-02-22,
1069,125,next_day,Z5,Z5,0.00,70.00,15.20,0.5700,14.50,2026-02-22,
1070,125,next_day,Z5,Z5,70.00,500.00,57.00,0.4053,14.50,2026-02-22,
1071,125,express,Z5,Z1,0.00,70.00,30.28,1.1400,14.50,2026-02-22,
1072,125,express,Z5,Z1,70.00,500.00,113.54,0.8107,14.50,2026-02-22,
1073,125,express,Z5,Z2,0.00,70.00,24.26,0.9120,14.50,2026-02-22,
1074,125,express,Z5,Z2,70.00,500.00,90.97,0.6485,14.50,2026-02-22,
1075,125,express,Z5,Z3,0.00,70.00,30.28,1.1400,14.50,2026-02-22,
1076,125,express,Z5,Z3,70.00,500.00,113.54,0.8107,14.50,2026-02-22,
1077,125,express,Z5,Z4,0.00,70.00,24.26,0.9120,14.50,2026-02-22,
1078,125,express,Z5,Z4,70.00,500.00,90.97,0.6485,14.50,2026-02-22,
1079,125,express,Z5,Z5,0.00,70.00,18.24,0.6840,14.50,2026-02-22,
1080,125,express,Z5,Z5,70.00,500.00,68.40,0.4864,14.50,2026-02-22,
1081,125,freight,Z5,Z1,0.00,,299.78,0.1604,14.50,2026-02-22,
1082,125,freight,Z5,Z2,0.00,,228.00,0.1267,14.50,2026-02-22,
1083,125,freight,Z5,Z3,0.00,,299.78,0.1604,14.50,2026-02-22,
1084,125,freight,Z5,Z4,0.00,,228.00,0.1267,14.50,2026-02-22,
1085,125,freight,Z5,Z5,0.00,,156.22,0.0929,14.50,2026-02-22,
1086,146,standard,Z2,Z1,0.00,70.00,11.87,0.4463,14.50,2026-01-03,
1087,146,standard,Z2,Z1,70.00,500.00,44.51,0.3174,14.50,2026-01-03,
1088,146,standard,Z2,Z2,0.00,70.00,8.93,0.3347,14.50,2026-01-03,
1089,146,standard,Z2,Z2,70.00,500.00,33.47,0.2380,14.50,2026-01-03,
1090,146,standard,Z2,Z3,0.00,70.00,11.87,0.4463,14.50,2026-01-03,
1091,146,standard,Z2,Z3,70.00,500.00,44.51,0.3174,14.50,2026-01-03,
1092,146,standard,Z2,Z4,0.00,70.00,14.82,0.5578,14.50,2026-01-03,
1093,146,standard,Z2,Z4,70.00,500.00,55.56,0.3966,14.50,2026-01-03,
1094,146,standard,Z2,Z5,0.00,70.00,11.87,0.4463,14.50,2026-01-03,
1095,146,standard,Z2,Z5,70.00,500.00,44.51,0.3174,14.50,2026-01-03,
1096,146,next_day,Z2,Z1,0.00,70.00,17.81,0.6694,14.50,2026-01-03,
1097,146,next_day,Z2,Z1,70.00,500.00,66.77,0.4760,14.50,2026-01-03,
1098,146,next_day,Z2,Z2,0.00,70.00,13.39,0.5020,14.50,2026-01-03,
1099,146,next_day,Z2,Z2,70.00,500.00,50.20,0.3570,14.50,2026-01-03,
1100,146,next_day,Z2,Z3,0.00,70.00,17.81,0.6694,14.50,2026-01-03,
1101,146,next_day,Z2,Z3,70.00,500.00,66.77,0.4760,14.50,2026-01-03,
1102,146,next_day,Z2,Z4,0.00,70.00,22.22,0.8367,14.50,2026-01-03,
1103,146,next_day,Z2,Z4,70.00,500.00,83.34,0.5950,14.50,2026-01-03,
1104,146,next_day,Z2,Z5,0.00,70.00,17.81,0.6694,14.50,2026-01-03,
1105,146,next_day,Z2,Z5,70.00,500.00,66.77,0.4760,14.50,2026-01-03,
1106,146,express,Z2,Z1,0.00,70.00,21.37,0.8033,14.50,2026-01-03,
1107,146,express,Z2,Z1,70.00,500.00,80.12,0.5712,14.50,2026-01-03,
1108,146,express,Z2,Z2,0.00,70.00,16.07,0.6024,14.50,2026-01-03,
1109,146,express,Z2,Z2,70.00,500.00,60.24,0.4284,14.50,2026-01-03,
1110,146,express,Z2,Z3,0.00,70.00,21.37,0.8033,14.50,2026-01-03,
1111,146,express,Z2,Z3,70.00,500.00,80.12,0.5712,14.50,2026-01-03,
1112,146,express,Z2,Z4,0.00,70.00,26.67,1.0041,14.50,2026-01-03,
1113,146,express,Z2,Z4,70.00,500.00,100.01,0.7140,14.50,2026-01-03,
1114,146,express,Z2,Z5,0.00,70.00,21.37,0.8033,14.50,2026-01-03,
1115,146,express,Z2,Z5,70.00,500.00,80.12,0.5712,14.50,2026-01-03,
1116,40,next_day,Z3,Z1,0.00,70.00,20.77,0.7807,14.50,2026-03-09,
1117,40,next_day,Z3,Z1,70.00,500.00,77.87,0.5551,14.50,2026-03-09,
1118,40,next_day,Z3,Z2,0.00,70.00,20.77,0.7807,14.50,2026-03-09,
1119,40,next_day,Z3,Z2,70.00,500.00,77.87,0.5551,14.50,2026-03-09,
1120,40,next_day,Z3,Z3,0.00,70.00,15.61,0.5855,14.50,2026-03-09,
1121,40,next_day,Z3,Z3,70.00,500.00,58.55,0.4164,14.50,2026-03-09,
1122,40,next_day,Z3,Z4,0.00,70.00,25.92,0.9758,14.50,2026-03-09,
1123,40,next_day,Z3,Z4,70.00,500.00,97.19,0.6939,14.50,2026-03-09,
1124,40,next_day,Z3,Z5,0.00,70.00,25.92,0.9758,14.50,2026-03-09,
1125,40,next_day,Z3,Z5,70.00,500.00,97.19,0.6939,14.50,2026-03-09,
1126,40,standard,Z3,Z1,0.00,70.00,13.84,0.5204,14.50,2026-03-09,
1127,40,standard,Z3,Z1,70.00,500.00,51.91,0.3701,14.50,2026-03-09,
1128,40,standard,Z3,Z2,0.00,70.00,13.84,0.5204,14.50,2026-03-09,
1129,40,standard,Z3,Z2,70.00,500.00,51.91,0.3701,14.50,2026-03-09,
1130,40,standard,Z3,Z3,0.00,70.00,10.41,0.3903,14.50,2026-03-09,
1131,40,standard,Z3,Z3,70.00,500.00,39.03,0.2776,14.50,2026-03-09,
1132,40,standard,Z3,Z4,0.00,70.00,17.28,0.6505,14.50,2026-03-09,
1133,40,standard,Z3,Z4,70.00,500.00,64.79,0.4626,14.50,2026-03-09,
1134,40,standard,Z3,Z5,0.00,70.00,17.28,0.6505,14.50,2026-03-09,
1135,40,standard,Z3,Z5,70.00,500.00,64.79,0.4626,14.50,2026-03-09,
1136,40,express,Z3,Z1,0.00,70.00,24.92,0.9368,14.50,2026-03-09,
1137,40,express,Z3,Z1,70.00,500.00,93.44,0.6662,14.50,2026-03-09,
1138,40,express,Z3,Z2,0.00,70.00,24.92,0.9368,14.50,2026-03-09,
1139,40,express,Z3,Z2,70.00,500.00,93.44,0.6662,14.50,2026-03-09,
1140,40,express,Z3,Z3,0.00,70.00,18.74,0.7026,14.50,2026-03-09,
1141,40,express,Z3,Z3,70.00,500.00,70.26,0.4996,14.50,2026-03-09,
1142,40,express,Z3,Z4,0.00,70.00,31.10,1.1710,14.50,2026-03-09,
1143,40,express,Z3,Z4,70.00,500.00,116.63,0.8327,14.50,2026-03-09,
1144,40,express,Z3,Z5,0.00,70.00,31.10,1.1710,14.50,2026-03-09,
1145,40,express,Z3,Z5,70.00,500.00,116.63,0.8327,14.50,2026-03-09,
1146,40,freight,Z3,Z1,0.00,,234.20,0.1301,14.50,2026-03-09,
1147,40,freight,Z3,Z2,0.00,,234.20,0.1301,14.50,2026-03-09,
1148,40,freight,Z3,Z3,0.00,,160.47,0.0954,14.50,2026-03-09,
1149,40,freight,Z3,Z4,0.00,,307.93,0.1648,14.50,2026-03-09,
1150,40,freight,Z3,Z5,0.00,,307.93,0.1648,14.50,2026-03-09,
1151,7,standard,Z4,Z1,0.00,70.00,12.53,0.4712,14.50,2026-01-25,
1152,7,standard,Z4,Z1,70.00,500.00,47.00,0.3351,14.50,2026-01-25,
1153,7,standard,Z4,Z2,0.00,70.00,15.64,0.5890,14.50,2026-01-25,
1154,7,standard,Z4,Z2,70.00,500.00,58.66,0.4188,14.50,2026-01-25,
1155,7,standard,Z4,Z3,0.00,70.00,15.64,0.5890,14.50,2026-01-25,
1156,7,standard,Z4,Z3,70.00,500.00,58.66,0.4188,14.50,2026-01-25,
1157,7,standard,Z4,Z4,0.00,70.00,9.42,0.3534,14.50,2026-01-25,
1158,7,standard,Z4,Z4,70.00,500.00,35.34,0.2513,14.50,2026-01-25,
1159,7,standard,Z4,Z5,0.00,70.00,12.53,0.4712,14.50,2026-01-25,
1160,7,standard,Z4,Z5,70.00,500.00,47.00,0.3351,14.50,2026-01-25,
1161,7,next_day,Z4,Z1,0.00,70.00,18.80,0.7068,14.50,2026-01-25,
1162,7,next_day,Z4,Z1,70.00,500.00,70.50,0.5026,14.50,2026-01-25,
1163,7,next_day,Z4,Z2,0.00,70.00,23.46,0.8835,14.50,2026-01-25,
1164,7,next_day,Z4,Z2,70.00,500.00,87.99,0.6282,14.50,2026-01-25,
1165,7,next_day,Z4,Z3,0.00,70.00,23.46,0.8835,14.50,2026-01-25,
1166,7,next_day,Z4,Z3,70.00,500.00,87.99,0.6282,14.50,2026-01-25,
1167,7,next_day,Z4,Z4,0.00,70.00,14.14,0.5301,14.50,2026-01-25,
1168,7,next_day,Z4,Z4,70.00,500.00,53.01,0.3769,14.50,2026-01-25,
1169,7,next_day,Z4,Z5,0.00,70.00,18.80,0.7068,14.50,2026-01-25,
1170,7,next_day,Z4,Z5,70.00,500.00,70.50,0.5026,14.50,2026-01-25,
1171,7,express,Z4,Z1,0.00,70.00,22.56,0.8481,14.50,2026-01-25,
1172,7,express,Z4,Z1,70.00,500.00,84.60,0.6031,14.50,2026-01-25,
1173,7,express,Z4,Z2,0.00,70.00,28.16,1.0602,14.50,2026-01-25,
1174,7,express,Z4,Z2,70.00,500.00,105.59,0.7539,14.50,2026-01-25,
1175,7,express,Z4,Z3,0.00,70.00,28.16,1.0602,14.50,2026-01-25,
1176,7,express,Z4,Z3,70.00,500.00,105.59,0.7539,14.50,2026-01-25,
1177,7,express,Z4,Z4,0.00,70.00,16.96,0.6361,14.50,2026-01-25,
1178,7,express,Z4,Z4,70.00,500.00,63.61,0.4523,14.50,2026-01-25,
1179,7,express,Z4,Z5,0.00,70.00,22.56,0.8481,14.50,2026-01-25,
1180,7,express,Z4,Z5,70.00,500.00,84.60,0.6031,14.50,2026-01-25,
1181,7,freight,Z4,Z1,0.00,,212.03,0.1178,14.50,2026-01-25,
1182,7,freight,Z4,Z2,0.00,,278.78,0.1492,14.50,2026-01-25,
1183,7,freight,Z4,Z3,0.00,,278.78,0.1492,14.50,2026-01-25,
1184,7,freight,Z4,Z4,0.00,,145.28,0.0864,14.50,2026-01-25,
1185,7,freight,Z4,Z5,0.00,,212.03,0.1178,14.50,2026-01-25,
1186,13,next_day,Z5,Z1,0.00,70.00,26.37,0.9927,14.50,2026-01-27,
1187,13,next_day,Z5,Z1,70.00,500.00,98.88,0.7059,14.50,2026-01-27,
1188,13,next_day,Z5,Z2,0.00,70.00,21.13,0.7942,14.50,2026-01-27,
1189,13,next_day,Z5,Z2,70.00,500.00,79.22,0.5648,14.50,2026-01-27,
1190,13,next_day,Z5,Z3,0.00,70.00,26.37,0.9927,14.50,2026-01-27,
1191,13,next_day,Z5,Z3,70.00,500.00,98.88,0.7059,14.50,2026-01-27,
1192,13,next_day,Z5,Z4,0.00,70.00,21.13,0.7942,14.50,2026-01-27,
1193,13,next_day,Z5,Z4,70.00,500.00,79.22,0.5648,14.50,2026-01-27,
1194,13,next_day,Z5,Z5,0.00,70.00,15.88,0.5956,14.50,2026-01-27,
1195,13,next_day,Z5,Z5,70.00,500.00,59.56,0.4236,14.50,2026-01-27,
1196,13,standard,Z5,Z1,0.00,70.00,17.58,0.6618,14.50,2026-01-27,
1197,13,standard,Z5,Z1,70.00,500.00,65.92,0.4706,14.50,2026-01-27,
1198,13,standard,Z5,Z2,0.00,70.00,14.08,0.5295,14.50,2026-01-27,
1199,13,standard,Z5,Z2,70.00,500.00,52.81,0.3765,14.50,2026-01-27,
1200,13,standard,Z5,Z3,0.00,70.00,17.58,0.6618,14.50,2026-01-27,
1201,13,standard,Z5,Z3,70.00,500.00,65.92,0.4706,14.50,2026-01-27,
1202,13,standard,Z5,Z4,0.00,70.00,14.08,0.5295,14.50,2026-01-27,
1203,13,standard,Z5,Z4,70.00,500.00,52.81,0.3765,14.50,2026-01-27,
1204,13,standard,Z5,Z5,0.00,70.00,10.59,0.3971,14.50,2026-01-27,
1205,13,standard,Z5,Z5,70.00,500.00,39.71,0.2824,14.50,2026-01-27,
1206,13,express,Z5,Z1,0.00,70.00,31.64,1.1913,14.50,2026-01-27,
1207,13,express,Z5,Z1,70.00,500.00,118.65,0.8471,14.50,2026-01-27,
1208,13,express,Z5,Z2,0.00,70.00,25.35,0.9530,14.50,2026-01-27,
1209,13,express,Z5,Z2,70.00,500.00,95.06,0.6777,14.50,2026-01-27,
1210,13,express,Z5,Z3,0.00,70.00,31.64,1.1913,14.50,2026-01-27,
1211,13,express,Z5,Z3,70.00,500.00,118.65,0.8471,14.50,2026-01-27,
1212,13,express,Z5,Z4,0.00,70.00,25.35,0.9530,14.50,2026-01-27,
1213,13,express,Z5,Z4,70.00,500.00,95.06,0.6777,14.50,2026-01-27,
1214,13,express,Z5,Z5,0.00,70.00,19.06,0.7148,14.50,2026-01-27,
1215,13,express,Z5,Z5,70.00,500.00,71.48,0.5083,14.50,2026-01-27,
1216,13,freight,Z5,Z1,0.00,,313.26,0.1677,14.50,2026-01-27,
1217,13,freight,Z5,Z2,0.00,,238.26,0.1324,14.50,2026-01-27,
1218,13,freight,Z5,Z3,0.00,,313.26,0.1677,14.50,2026-01-27,
1219,13,freight,Z5,Z4,0.00,,238.26,0.1324,14.50,2026-01-27,
1220,13,freight,Z5,Z5,0.00,,163.25,0.0971,14.50,2026-01-27,
1221,24,next_day,Z4,Z1,0.00,70.00,19.36,0.7280,14.50,2026-03-17,
1222,24,next_day,Z4,Z1,70.00,500.00,72.62,0.5177,14.50,2026-03-17,
1223,24,next_day,Z4,Z2,0.00,70.00,24.17,0.9100,14.50,2026-03-17,
1224,24,next_day,Z4,Z2,70.00,500.00,90.64,0.6471,14.50,2026-03-17,
1225,24,next_day,Z4,Z3,0.00,70.00,24.17,0.9100,14.50,2026-03-17,
1226,24,next_day,Z4,Z3,70.00,500.00,90.64,0.6471,14.50,2026-03-17,
1227,24,next_day,Z4,Z4,0.00,70.00,14.56,0.5460,14.50,2026-03-17,
1228,24,next_day,Z4,Z4,70.00,500.00,54.60,0.3883,14.50,2026-03-17,
1229,24,next_day,Z4,Z5,0.00,70.00,19.36,0.7280,14.50,2026-03-17,
1230,24,next_day,Z4,Z5,70.00,500.00,72.62,0.5177,14.50,2026-03-17,
1231,24,standard,Z4,Z1,0.00,70.00,12.91,0.4853,14.50,2026-03-17,
1232,24,standard,Z4,Z1,70.00,500.00,48.41,0.3452,14.50,2026-03-17,
1233,24,standard,Z4,Z2,0.00,70.00,16.11,0.6067,14.50,2026-03-17,
1234,24,standard,Z4,Z2,70.00,500.00,60.42,0.4314,14.50,2026-03-17,
1235,24,standard,Z4,Z3,0.00,70.00,16.11,0.6067,14.50,2026-03-17,
1236,24,standard,Z4,Z3,70.00,500.00,60.42,0.4314,14.50,2026-03-17,
1237,24,standard,Z4,Z4,0.00,70.00,9.71,0.3640,14.50,2026-03-17,
1238,24,standard,Z4,Z4,70.00,500.00,36.40,0.2588,14.50,2026-03-17,
1239,24,standard,Z4,Z5,0.00,70.00,12.91,0.4853,14.50,2026-03-17,
1240,24,standard,Z4,Z5,70.00,500.00,48.41,0.3452,14.50,2026-03-17,
1241,24,express,Z4,Z1,0.00,70.00,23.24,0.8736,14.50,2026-03-17,
1242,24,express,Z4,Z1,70.00,500.00,87.14,0.6212,14.50,2026-03-17,
1243,24,express,Z4,Z2,0.00,70.00,29.01,1.0920,14.50,2026-03-17,
1244,24,express,Z4,Z2,70.00,500.00,108.76,0.7765,14.50,2026-03-17,
1245,24,express,Z4,Z3,0.00,70.00,29.01,1.0920,14.50,2026-03-17,
1246,24,express,Z4,Z3,70.00,500.00,108.76,0.7765,14.50,2026-03-17,
1247,24,express,Z4,Z4,0.00,70.00,17.47,0.6552,14.50,2026-03-17,
1248,24,express,Z4,Z4,70.00,500.00,65.52,0.4659,14.50,2026-03-17,
1249,24,express,Z4,Z5,0.00,70.00,23.24,0.8736,14.50,2026-03-17,
1250,24,express,Z4,Z5,70.00,500.00,87.14,0.6212,14.50,2026-03-17,
1251,24,freight,Z4,Z1,0.00,,218.40,0.1213,14.50,2026-03-17,
1252,24,freight,Z4,Z2,0.00,,287.16,0.1537,14.50,2026-03-17,
1253,24,freight,Z4,Z3,0.00,,287.16,0.1537,14.50,2026-03-17,
1254,24,freight,Z4,Z4,0.00,,149.64,0.0890,14.50,2026-03-17,
1255,24,freight,Z4,Z5,0.00,,218.40,0.1213,14.50,2026-03-17,
1256,58,next_day,Z1,Z1,0.00,70.00,14.32,0.5369,14.50,2026-01-05,
1257,58,next_day,Z1,Z1,70.00,500.00,53.69,0.3818,14.50,2026-01-05,
1258,58,next_day,Z1,Z2,0.00,70.00,19.04,0.7158,14.50,2026-01-05,
1259,58,next_day,Z1,Z2,70.00,500.00,71.41,0.5090,14.50,2026-01-05,
1260,58,next_day,Z1,Z3,0.00,70.00,19.04,0.7158,14.50,2026-01-05,
1261,58,next_day,Z1,Z3,70.00,500.00,71.41,0.5090,14.50,2026-01-05,
1262,58,next_day,Z1,Z4,0.00,70.00,19.04,0.7158,14.50,2026-01-05,
1263,58,next_day,Z1,Z4,70.00,500.00,71.41,0.5090,14.50,2026-01-05,
1264,58,next_day,Z1,Z5,0.00,70.00,23.76,0.8948,14.50,2026-01-05,
1265,58,next_day,Z1,Z5,70.00,500.00,89.12,0.6363,14.50,2026-01-05,
1266,58,standard,Z1,Z1,0.00,70.00,9.54,0.3579,14.50,2026-01-05,
1267,58,standard,Z1,Z1,70.00,500.00,35.79,0.2545,14.50,2026-01-05,
1268,58,standard,Z1,Z2,0.00,70.00,12.69,0.4772,14.50,2026-01-05,
1269,58,standard,Z1,Z2,70.00,500.00,47.60,0.3394,14.50,2026-01-05,
1270,58,standard,Z1,Z3,0.00,70.00,12.69,0.4772,14.50,2026-01-05,
1271,58,standard,Z1,Z3,70.00,500.00,47.60,0.3394,14.50,2026-01-05,
1272,58,standard,Z1,Z4,0.00,70.00,12.69,0.4772,14.50,2026-01-05,
1273,58,standard,Z1,Z4,70.00,500.00,47.60,0.3394,14.50,2026-01-05,
1274,58,standard,Z1,Z5,0.00,70.00,15.84,0.5965,14.50,2026-01-05,
1275,58,standard,Z1,Z5,70.00,500.00,59.41,0.4242,14.50,2026-01-05,
1276,58,express,Z1,Z1,0.00,70.00,17.18,0.6442,14.50,2026-01-05,
1277,58,express,Z1,Z1,70.00,500.00,64.42,0.4581,14.50,2026-01-05,
1278,58,express,Z1,Z2,0.00,70.00,22.85,0.8590,14.50,2026-01-05,
1279,58,express,Z1,Z2,70.00,500.00,85.68,0.6108,14.50,2026-01-05,
1280,58,express,Z1,Z3,0.00,70.00,22.85,0.8590,14.50,2026-01-05,
1281,58,express,Z1,Z3,70.00,500.00,85.68,0.6108,14.50,2026-01-05,
1282,58,express,Z1,Z4,0.00,70.00,22.85,0.8590,14.50,2026-01-05,
1283,58,express,Z1,Z4,70.00,500.00,85.68,0.6108,14.50,2026-01-05,
1284,58,express,Z1,Z5,0.00,70.00,28.52,1.0737,14.50,2026-01-05,
1285,58,express,Z1,Z5,70.00,500.00,106.94,0.7635,14.50,2026-01-05,
1286,58,freight,Z1,Z1,0.00,,147.14,0.0875,14.50,2026-01-05,
1287,58,freight,Z1,Z2,0.00,,214.74,0.1193,14.50,2026-01-05,
1288,58,freight,Z1,Z3,0.00,,214.74,0.1193,14.50,2026-01-05,
1289,58,freight,Z1,Z4,0.00,,214.74,0.1193,14.50,2026-01-05,
1290,58,freight,Z1,Z5,0.00,,282.35,0.1511,14.50,2026-01-05,
1291,17,next_day,Z4,Z1,0.00,70.00,20.73,0.7792,14.50,2026-03-22,
1292,17,next_day,Z4,Z1,70.00,500.00,77.73,0.5541,14.50,2026-03-22,
1293,17,next_day,Z4,Z2,0.00,70.00,25.87,0.9740,14.50,2026-03-22,
1294,17,next_day,Z4,Z2,70.00,500.00,97.01,0.6926,14.50,2026-03-22,
1295,17,next_day,Z4,Z3,0.00,70.00,25.87,0.9740,14.50,2026-03-22,
1296,17,next_day,Z4,Z3,70.00,500.00,97.01,0.6926,14.50,2026-03-22,
1297,17,next_day,Z4,Z4,0.00,70.00,15.58,0.5844,14.50,2026-03-22,
1298,17,next_day,Z4,Z4,70.00,500.00,58.44,0.4156,14.50,2026-03-22,
1299,17,next_day,Z4,Z5,0.00,70.00,20.73,0.7792,14.50,2026-03-22,
1300,17,next_day,Z4,Z5,70.00,500.00,77.73,0.5541,14.50,2026-03-22,
1301,17,standard,Z4,Z1,0.00,70.00,13.82,0.5195,14.50,2026-03-22,
1302,17,standard,Z4,Z1,70.00,500.00,51.82,0.3694,14.50,2026-03-22,
1303,17,standard,Z4,Z2,0.00,70.00,17.25,0.6493,14.50,2026-03-22,
1304,17,standard,Z4,Z2,70.00,500.00,64.67,0.4617,14.50,2026-03-22,
1305,17,standard,Z4,Z3,0.00,70.00,17.25,0.6493,14.50,2026-03-22,
1306,17,standard,Z4,Z3,70.00,500.00,64.67,0.4617,14.50,2026-03-22,
1307,17,standard,Z4,Z4,0.00,70.00,10.39,0.3896,14.50,2026-03-22,
1308,17,standard,Z4,Z4,70.00,500.00,38.96,0.2770,14.50,2026-03-22,
1309,17,standard,Z4,Z5,0.00,70.00,13.82,0.5195,14.50,2026-03-22,
1310,17,standard,Z4,Z5,70.00,500.00,51.82,0.3694,14.50,2026-03-22,
1311,17,express,Z4,Z1,0.00,70.00,24.87,0.9350,14.50,2026-03-22,
1312,17,express,Z4,Z1,70.00,500.00,93.27,0.6649,14.50,2026-03-22,
1313,17,express,Z4,Z2,0.00,70.00,31.05,1.1688,14.50,2026-03-22,
1314,17,express,Z4,Z2,70.00,500.00,116.41,0.8311,14.50,2026-03-22,
1315,17,express,Z4,Z3,0.00,70.00,31.05,1.1688,14.50,2026-03-22,
1316,17,express,Z4,Z3,70.00,500.00,116.41,0.8311,14.50,2026-03-22,
1317,17,express,Z4,Z4,0.00,70.00,18.70,0.7013,14.50,2026-03-22,
1318,17,express,Z4,Z4,70.00,500.00,70.13,0.4987,14.50,2026-03-22,
1319,17,express,Z4,Z5,0.00,70.00,24.87,0.9350,14.50,2026-03-22,
1320,17,express,Z4,Z5,70.00,500.00,93.27,0.6649,14.50,2026-03-22,
1321,17,freight,Z4,Z1,0.00,,233.76,0.1299,14.50,2026-03-22,
1322,17,freight,Z4,Z2,0.00,,307.34,0.1645,14.50,2026-03-22,
1323,17,freight,Z4,Z3,0.00,,307.34,0.1645,14.50,2026-03-22,
1324,17,freight,Z4,Z4,0.00,,160.17,0.0952,14.50,2026-03-22,
1325,17,freight,Z4,Z5,0.00,,233.76,0.1299,14.50,2026-03-22,
1326,142,standard,Z4,Z1,0.00,70.00,13.85,0.5205,14.50,2026-03-13,
1327,142,standard,Z4,Z1,70.00,500.00,51.92,0.3702,14.50,2026-03-13,
1328,142,standard,Z4,Z2,0.00,70.00,17.28,0.6507,14.50,2026-03-13,
1329,142,standard,Z4,Z2,70.00,500.00,64.81,0.4627,14.50,2026-03-13,
1330,142,standard,Z4,Z3,0.00,70.00,17.28,0.6507,14.50,2026-03-13,
1331,142,standard,Z4,Z3,70.00,500.00,64.81,0.4627,14.50,2026-03-13,
1332,142,standard,Z4,Z4,0.00,70.00,10.41,0.3904,14.50,2026-03-13,
1333,142,standard,Z4,Z4,70.00,500.00,39.04,0.2776,14.50,2026-03-13,
1334,142,standard,Z4,Z5,0.00,70.00,13.85,0.5205,14.50,2026-03-13,
1335,142,standard,Z4,Z5,70.00,500.00,51.92,0.3702,14.50,2026-03-13,
1336,142,next_day,Z4,Z1,0.00,70.00,20.77,0.7808,14.50,2026-03-13,
1337,142,next_day,Z4,Z1,70.00,500.00,77.89,0.5552,14.50,2026-03-13,
1338,142,next_day,Z4,Z2,0.00,70.00,25.92,0.9760,14.50,2026-03-13,
1339,142,next_day,Z4,Z2,70.00,500.00,97.21,0.6941,14.50,2026-03-13,
1340,142,next_day,Z4,Z3,0.00,70.00,25.92,0.9760,14.50,2026-03-13,
1341,142,next_day,Z4,Z3,70.00,500.00,97.21,0.6941,14.50,2026-03-13,
1342,142,next_day,Z4,Z4,0.00,70.00,15.62,0.5856,14.50,2026-03-13,
1343,142,next_day,Z4,Z4,70.00,500.00,58.56,0.4164,14.50,2026-03-13,
1344,142,next_day,Z4,Z5,0.00,70.00,20.77,0.7808,14.50,2026-03-13,
1345,142,next_day,Z4,Z5,70.00,500.00,77.89,0.5552,14.50,2026-03-13,
1346,142,express,Z4,Z1,0.00,70.00,24.93,0.9370,14.50,2026-03-13,
1347,142,express,Z4,Z1,70.00,500.00,93.46,0.6663,14.50,2026-03-13,
1348,142,express,Z4,Z2,0.00,70.00,31.11,1.1712,14.50,2026-03-13,
1349,142,express,Z4,Z2,70.00,500.00,116.65,0.8329,14.50,2026-03-13,
1350,142,express,Z4,Z3,0.00,70.00,31.11,1.1712,14.50,2026-03-13,
1351,142,express,Z4,Z3,70.00,500.00,116.65,0.8329,14.50,2026-03-13,
1352,142,express,Z4,Z4,0.00,70.00,18.74,0.7027,14.50,2026-03-13,
1353,142,express,Z4,Z4,70.00,500.00,70.27,0.4997,14.50,2026-03-13,
1354,142,express,Z4,Z5,0.00,70.00,24.93,0.9370,14.50,2026-03-13,
1355,142,express,Z4,Z5,70.00,500.00,93.46,0.6663,14.50,2026-03-13,
1356,134,standard,Z2,Z1,0.00,70.00,14.30,0.5375,14.50,2026-02-04,
1357,134,standard,Z2,Z1,70.00,500.00,53.62,0.3823,14.50,2026-02-04,
1358,134,standard,Z2,Z2,0.00,70.00,10.75,0.4031,14.50,2026-02-04,
1359,134,standard,Z2,Z2,70.00,500.00,40.31,0.2867,14.50,2026-02-04,
1360,134,standard,Z2,Z3,0.00,70.00,14.30,0.5375,14.50,2026-02-04,
1361,134,standard,Z2,Z3,70.00,500.00,53.62,0.3823,14.50,2026-02-04,
1362,134,standard,Z2,Z4,0.00,70.00,17.85,0.6719,14.50,2026-02-04,
1363,134,standard,Z2,Z4,70.00,500.00,66.92,0.4778,14.50,2026-02-04,
1364,134,standard,Z2,Z5,0.00,70.00,14.30,0.5375,14.50,2026-02-04,
1365,134,standard,Z2,Z5,70.00,500.00,53.62,0.3823,14.50,2026-02-04,
1366,134,next_day,Z2,Z1,0.00,70.00,21.45,0.8063,14.50,2026-02-04,
1367,134,next_day,Z2,Z1,70.00,500.00,80.43,0.5734,14.50,2026-02-04,
1368,134,next_day,Z2,Z2,0.00,70.00,16.13,0.6047,14.50,2026-02-04,
1369,134,next_day,Z2,Z2,70.00,500.00,60.47,0.4300,14.50,2026-02-04,
1370,134,next_day,Z2,Z3,0.00,70.00,21.45,0.8063,14.50,2026-02-04,
1371,134,next_day,Z2,Z3,70.00,500.00,80.43,0.5734,14.50,2026-02-04,
1372,134,next_day,Z2,Z4,0.00,70.00,26.77,1.0079,14.50,2026-02-04,
1373,134,next_day,Z2,Z4,70.00,500.00,100.38,0.7167,14.50,2026-02-04,
1374,134,next_day,Z2,Z5,0.00,70.00,21.45,0.8063,14.50,2026-02-04,
1375,134,next_day,Z2,Z5,70.00,500.00,80.43,0.5734,14.50,2026-02-04,
1376,134,express,Z2,Z1,0.00,70.00,25.74,0.9675,14.50,2026-02-04,
1377,134,express,Z2,Z1,70.00,500.00,96.51,0.6880,14.50,2026-02-04,
1378,134,express,Z2,Z2,0.00,70.00,19.35,0.7257,14.50,2026-02-04,
1379,134,express,Z2,Z2,70.00,500.00,72.57,0.5160,14.50,2026-02-04,
1380,134,express,Z2,Z3,0.00,70.00,25.74,0.9675,14.50,2026-02-04,
1381,134,express,Z2,Z3,70.00,500.00,96.51,0.6880,14.50,2026-02-04,
1382,134,express,Z2,Z4,0.00,70.00,32.13,1.2094,14.50,2026-02-04,
1383,134,express,Z2,Z4,70.00,500.00,120.46,0.8600,14.50,2026-02-04,
1384,134,express,Z2,Z5,0.00,70.00,25.74,0.9675,14.50,2026-02-04,
1385,134,express,Z2,Z5,70.00,500.00,96.51,0.6880,14.50,2026-02-04,
1386,30,standard,Z5,Z1,0.00,70.00,16.43,0.6185,14.50,2026-01-19,
1387,30,standard,Z5,Z1,70.00,500.00,61.60,0.4398,14.50,2026-01-19,
1388,30,standard,Z5,Z2,0.00,70.00,13.16,0.4948,14.50,2026-01-19,
1389,30,standard,Z5,Z2,70.00,500.00,49.35,0.3519,14.50,2026-01-19,
1390,30,standard,Z5,Z3,0.00,70.00,16.43,0.6185,14.50,2026-01-19,
1391,30,standard,Z5,Z3,70.00,500.00,61.60,0.4398,14.50,2026-01-19,
1392,30,standard,Z5,Z4,0.00,70.00,13.16,0.4948,14.50,2026-01-19,
1393,30,standard,Z5,Z4,70.00,500.00,49.35,0.3519,14.50,2026-01-19,
1394,30,standard,Z5,Z5,0.00,70.00,9.90,0.3711,14.50,2026-01-19,
1395,30,standard,Z5,Z5,70.00,500.00,37.11,0.2639,14.50,2026-01-19,
1396,30,next_day,Z5,Z1,0.00,70.00,24.64,0.9277,14.50,2026-01-19,
1397,30,next_day,Z5,Z1,70.00,500.00,92.40,0.6597,14.50,2026-01-19,
1398,30,next_day,Z5,Z2,0.00,70.00,19.74,0.7422,14.50,2026-01-19,
1399,30,next_day,Z5,Z2,70.00,500.00,74.03,0.5278,14.50,2026-01-19,
1400,30,next_day,Z5,Z3,0.00,70.00,24.64,0.9277,14.50,2026-01-19,
1401,30,next_day,Z5,Z3,70.00,500.00,92.40,0.6597,14.50,2026-01-19,
1402,30,next_day,Z5,Z4,0.00,70.00,19.74,0.7422,14.50,2026-01-19,
1403,30,next_day,Z5,Z4,70.00,500.00,74.03,0.5278,14.50,2026-01-19,
1404,30,next_day,Z5,Z5,0.00,70.00,14.84,0.5566,14.50,2026-01-19,
1405,30,next_day,Z5,Z5,70.00,500.00,55.66,0.3958,14.50,2026-01-19,
1406,30,express,Z5,Z1,0.00,70.00,29.57,1.1132,14.50,2026-01-19,
1407,30,express,Z5,Z1,70.00,500.00,110.88,0.7916,14.50,2026-01-19,
1408,30,express,Z5,Z2,0.00,70.00,23.69,0.8906,14.50,2026-01-19,
1409,30,express,Z5,Z2,70.00,500.00,88.84,0.6333,14.50,2026-01-19,
1410,30,express,Z5,Z3,0.00,70.00,29.57,1.1132,14.50,2026-01-19,
1411,30,express,Z5,Z3,70.00,500.00,110.88,0.7916,14.50,2026-01-19,
1412,30,express,Z5,Z4,0.00,70.00,23.69,0.8906,14.50,2026-01-19,
1413,30,express,Z5,Z4,70.00,500.00,88.84,0.6333,14.50,2026-01-19,
1414,30,express,Z5,Z5,0.00,70.00,17.81,0.6679,14.50,2026-01-19,
1415,30,express,Z5,Z5,70.00,500.00,66.79,0.4750,14.50,2026-01-19,
1416,42,standard,Z3,Z1,0.00,70.00,13.64,0.5126,14.50,2026-03-09,
1417,42,standard,Z3,Z1,70.00,500.00,51.14,0.3646,14.50,2026-03-09,
1418,42,standard,Z3,Z2,0.00,70.00,13.64,0.5126,14.50,2026-03-09,
1419,42,standard,Z3,Z2,70.00,500.00,51.14,0.3646,14.50,2026-03-09,
1420,42,standard,Z3,Z3,0.00,70.00,10.25,0.3845,14.50,2026-03-09,
1421,42,standard,Z3,Z3,70.00,500.00,38.45,0.2734,14.50,2026-03-09,
1422,42,standard,Z3,Z4,0.00,70.00,17.02,0.6408,14.50,2026-03-09,
1423,42,standard,Z3,Z4,70.00,500.00,63.82,0.4556,14.50,2026-03-09,
1424,42,standard,Z3,Z5,0.00,70.00,17.02,0.6408,14.50,2026-03-09,
1425,42,standard,Z3,Z5,70.00,500.00,63.82,0.4556,14.50,2026-03-09,
1426,42,next_day,Z3,Z1,0.00,70.00,20.45,0.7690,14.50,2026-03-09,
1427,42,next_day,Z3,Z1,70.00,500.00,76.71,0.5468,14.50,2026-03-09,
1428,42,next_day,Z3,Z2,0.00,70.00,20.45,0.7690,14.50,2026-03-09,
1429,42,next_day,Z3,Z2,70.00,500.00,76.71,0.5468,14.50,2026-03-09,
1430,42,next_day,Z3,Z3,0.00,70.00,15.38,0.5767,14.50,2026-03-09,
1431,42,next_day,Z3,Z3,70.00,500.00,57.67,0.4101,14.50,2026-03-09,
1432,42,next_day,Z3,Z4,0.00,70.00,25.53,0.9612,14.50,2026-03-09,
1433,42,next_day,Z3,Z4,70.00,500.00,95.73,0.6835,14.50,2026-03-09,
1434,42,next_day,Z3,Z5,0.00,70.00,25.53,0.9612,14.50,2026-03-09,
1435,42,next_day,Z3,Z5,70.00,500.00,95.73,0.6835,14.50,2026-03-09,
1436,42,express,Z3,Z1,0.00,70.00,24.55,0.9227,14.50,2026-03-09,
1437,42,express,Z3,Z1,70.00,500.00,92.04,0.6562,14.50,2026-03-09,
1438,42,express,Z3,Z2,0.00,70.00,24.55,0.9227,14.50,2026-03-09,
1439,42,express,Z3,Z2,70.00,500.00,92.04,0.6562,14.50,2026-03-09,
1440,42,express,Z3,Z3,0.00,70.00,18.45,0.6921,14.50,2026-03-09,
1441,42,express,Z3,Z3,70.00,500.00,69.21,0.4921,14.50,2026-03-09,
1442,42,express,Z3,Z4,0.00,70.00,30.64,1.1534,14.50,2026-03-09,
1443,42,express,Z3,Z4,70.00,500.00,114.88,0.8202,14.50,2026-03-09,
1444,42,express,Z3,Z5,0.00,70.00,30.64,1.1534,14.50,2026-03-09,
1445,42,express,Z3,Z5,70.00,500.00,114.88,0.8202,14.50,2026-03-09,
1446,15,standard,Z3,Z1,0.00,70.00,14.16,0.5322,14.50,2026-01-16,
1447,15,standard,Z3,Z1,70.00,500.00,53.09,0.3785,14.50,2026-01-16,
1448,15,standard,Z3,Z2,0.00,70.00,14.16,0.5322,14.50,2026-01-16,
1449,15,standard,Z3,Z2,70.00,500.00,53.09,0.3785,14.50,2026-01-16,
1450,15,standard,Z3,Z3,0.00,70.00,10.64,0.3992,14.50,2026-01-16,
1451,15,standard,Z3,Z3,70.00,500.00,39.92,0.2839,14.50,2026-01-16,
1452,15,standard,Z3,Z4,0.00,70.00,17.67,0.6653,14.50,2026-01-16,
1453,15,standard,Z3,Z4,70.00,500.00,66.26,0.4731,14.50,2026-01-16,
1454,15,standard,Z3,Z5,0.00,70.00,17.67,0.6653,14.50,2026-01-16,
1455,15,standard,Z3,Z5,70.00,500.00,66.26,0.4731,14.50,2026-01-16,
1456,15,next_day,Z3,Z1,0.00,70.00,21.24,0.7984,14.50,2026-01-16,
1457,15,next_day,Z3,Z1,70.00,500.00,79.64,0.5677,14.50,2026-01-16,
1458,15,next_day,Z3,Z2,0.00,70.00,21.24,0.7984,14.50,2026-01-16,
1459,15,next_day,Z3,Z2,70.00,500.00,79.64,0.5677,14.50,2026-01-16,
1460,15,next_day,Z3,Z3,0.00,70.00,15.97,0.5988,14.50,2026-01-16,
1461,15,next_day,Z3,Z3,70.00,500.00,59.88,0.4258,14.50,2026-01-16,
1462,15,next_day,Z3,Z4,0.00,70.00,26.51,0.9980,14.50,2026-01-16,
1463,15,next_day,Z3,Z4,70.00,500.00,99.40,0.7097,14.50,2026-01-16,
1464,15,next_day,Z3,Z5,0.00,70.00,26.51,0.9980,14.50,2026-01-16,
1465,15,next_day,Z3,Z5,70.00,500.00,99.40,0.7097,14.50,2026-01-16,
1466,15,express,Z3,Z1,0.00,70.00,25.49,0.9580,14.50,2026-01-16,
1467,15,express,Z3,Z1,70.00,500.00,95.57,0.6813,14.50,2026-01-16,
1468,15,express,Z3,Z2,0.00,70.00,25.49,0.9580,14.50,2026-01-16,
1469,15,express,Z3,Z2,70.00,500.00,95.57,0.6813,14.50,2026-01-16,
1470,15,express,Z3,Z3,0.00,70.00,19.16,0.7185,14.50,2026-01-16,
1471,15,express,Z3,Z3,70.00,500.00,71.85,0.5110,14.50,2026-01-16,
1472,15,express,Z3,Z4,0.00,70.00,31.81,1.1976,14.50,2026-01-16,
1473,15,express,Z3,Z4,70.00,500.00,119.28,0.8516,14.50,2026-01-16,
1474,15,express,Z3,Z5,0.00,70.00,31.81,1.1976,14.50,2026-01-16,
1475,15,express,Z3,Z5,70.00,500.00,119.28,0.8516,14.50,2026-01-16,
1476,15,freight,Z3,Z1,0.00,,239.51,0.1331,14.50,2026-01-16,
1477,15,freight,Z3,Z2,0.00,,239.51,0.1331,14.50,2026-01-16,
1478,15,freight,Z3,Z3,0.00,,164.11,0.0976,14.50,2026-01-16,
1479,15,freight,Z3,Z4,0.00,,314.91,0.1685,14.50,2026-01-16,
1480,15,freight,Z3,Z5,0.00,,314.91,0.1685,14.50,2026-01-16,
1481,144,next_day,Z1,Z1,0.00,70.00,15.69,0.5885,14.50,2026-03-04,
1482,144,next_day,Z1,Z1,70.00,500.00,58.85,0.4185,14.50,2026-03-04,
1483,144,next_day,Z1,Z2,0.00,70.00,20.87,0.7847,14.50,2026-03-04,
1484,144,next_day,Z1,Z2,70.00,500.00,78.28,0.5580,14.50,2026-03-04,
1485,144,next_day,Z1,Z3,0.00,70.00,20.87,0.7847,14.50,2026-03-04,
1486,144,next_day,Z1,Z3,70.00,500.00,78.28,0.5580,14.50,2026-03-04,
1487,144,next_day,Z1,Z4,0.00,70.00,20.87,0.7847,14.50,2026-03-04,
1488,144,next_day,Z1,Z4,70.00,500.00,78.28,0.5580,14.50,2026-03-04,
1489,144,next_day,Z1,Z5,0.00,70.00,26.05,0.9809,14.50,2026-03-04,
1490,144,next_day,Z1,Z5,70.00,500.00,97.70,0.6975,14.50,2026-03-04,
1491,144,express,Z1,Z1,0.00,70.00,18.83,0.7062,14.50,2026-03-04,
1492,144,express,Z1,Z1,70.00,500.00,70.62,0.5022,14.50,2026-03-04,
1493,144,express,Z1,Z2,0.00,70.00,25.05,0.9417,14.50,2026-03-04,
1494,144,express,Z1,Z2,70.00,500.00,93.93,0.6696,14.50,2026-03-04,
1495,144,express,Z1,Z3,0.00,70.00,25.05,0.9417,14.50,2026-03-04,
1496,144,express,Z1,Z3,70.00,500.00,93.93,0.6696,14.50,2026-03-04,
1497,144,express,Z1,Z4,0.00,70.00,25.05,0.9417,14.50,2026-03-04,
1498,144,express,Z1,Z4,70.00,500.00,93.93,0.6696,14.50,2026-03-04,
1499,144,express,Z1,Z5,0.00,70.00,31.27,1.1771,14.50,2026-03-04,
1500,144,express,Z1,Z5,70.00,500.00,117.24,0.8370,14.50,2026-03-04,
1501,144,standard,Z1,Z1,0.00,70.00,10.46,0.3924,14.50,2026-03-04,
1502,144,standard,Z1,Z1,70.00,500.00,39.24,0.2790,14.50,2026-03-04,
1503,144,standard,Z1,Z2,0.00,70.00,13.92,0.5231,14.50,2026-03-04,
1504,144,standard,Z1,Z2,70.00,500.00,52.18,0.3720,14.50,2026-03-04,
1505,144,standard,Z1,Z3,0.00,70.00,13.92,0.5231,14.50,2026-03-04,
1506,144,standard,Z1,Z3,70.00,500.00,52.18,0.3720,14.50,2026-03-04,
1507,144,standard,Z1,Z4,0.00,70.00,13.92,0.5231,14.50,2026-03-04,
1508,144,standard,Z1,Z4,70.00,500.00,52.18,0.3720,14.50,2026-03-04,
1509,144,standard,Z1,Z5,0.00,70.00,17.37,0.6539,14.50,2026-03-04,
1510,144,standard,Z1,Z5,70.00,500.00,65.13,0.4650,14.50,2026-03-04,
